panel_id,result_id,metric,target,predictor,model,domain,region,latitude_bin,estimate,lower95,upper95,p,q,significance_class,n_grid,source_sheet,source_file
Fig1c,,,,,,,,,,,,,,,,,<PROJECT_ROOT>/output_TOP100_revision/derived_data/figure_source_data/Figure1_timeseries_line_uncertainty_TOP100.csv
Fig1c,,,,,,,,,,,,,,,,,<PROJECT_ROOT>/output_TOP100_revision/derived_data/figure_source_data/Figure1_timeseries_line_uncertainty_TOP100.csv
Fig1c,,,,,,,,,,,,,,,,,<PROJECT_ROOT>/output_TOP100_revision/derived_data/figure_source_data/Figure1_timeseries_line_uncertainty_TOP100.csv
Fig1c,,,,,,,,,,,,,,,,,<PROJECT_ROOT>/output_TOP100_revision/derived_data/figure_source_data/Figure1_timeseries_line_uncertainty_TOP100.csv
Fig1c,,,,,,,,,,,,,,,,,<PROJECT_ROOT>/output_TOP100_revision/derived_data/figure_source_data/Figure1_timeseries_line_uncertainty_TOP100.csv
Fig1c,,,,,,,,,,-0.733944233562957,-0.344963275754285,,,,,,<PROJECT_ROOT>/output_TOP100_revision/derived_data/figure_source_data/Figure1_timeseries_line_uncertainty_TOP100.csv
Fig1c,,,,,,,,,,-0.810461155121524,-0.428025305629295,,,,,,<PROJECT_ROOT>/output_TOP100_revision/derived_data/figure_source_data/Figure1_timeseries_line_uncertainty_TOP100.csv
Fig1c,,,,,,,,,,-0.937512012382453,-0.526769049786434,,,,,,<PROJECT_ROOT>/output_TOP100_revision/derived_data/figure_source_data/Figure1_timeseries_line_uncertainty_TOP100.csv
Fig1c,,,,,,,,,,-0.965647782385435,-0.546803462056994,,,,,,<PROJECT_ROOT>/output_TOP100_revision/derived_data/figure_source_data/Figure1_timeseries_line_uncertainty_TOP100.csv
Fig1c,,,,,,,,,,-0.898045041009002,-0.491911640731323,,,,,,<PROJECT_ROOT>/output_TOP100_revision/derived_data/figure_source_data/Figure1_timeseries_line_uncertainty_TOP100.csv
Fig1c,,,,,,,,,,-0.839617884033747,-0.444661186198863,,,,,,<PROJECT_ROOT>/output_TOP100_revision/derived_data/figure_source_data/Figure1_timeseries_line_uncertainty_TOP100.csv
Fig1c,,,,,,,,,,-0.796644631630538,-0.385029158803385,,,,,,<PROJECT_ROOT>/output_TOP100_revision/derived_data/figure_source_data/Figure1_timeseries_line_uncertainty_TOP100.csv
Fig1c,,,,,,,,,,-0.833176842040966,-0.427529696994633,,,,,,<PROJECT_ROOT>/output_TOP100_revision/derived_data/figure_source_data/Figure1_timeseries_line_uncertainty_TOP100.csv
Fig1c,,,,,,,,,,-0.805704772376371,-0.423454072518748,,,,,,<PROJECT_ROOT>/output_TOP100_revision/derived_data/figure_source_data/Figure1_timeseries_line_uncertainty_TOP100.csv
Fig1c,,,,,,,,,,-0.868211428757814,-0.475370439078641,,,,,,<PROJECT_ROOT>/output_TOP100_revision/derived_data/figure_source_data/Figure1_timeseries_line_uncertainty_TOP100.csv
Fig1c,,,,,,,,,,-0.917857769887348,-0.509423505023603,,,,,,<PROJECT_ROOT>/output_TOP100_revision/derived_data/figure_source_data/Figure1_timeseries_line_uncertainty_TOP100.csv
Fig1c,,,,,,,,,,-0.976811729832202,-0.606112247975504,,,,,,<PROJECT_ROOT>/output_TOP100_revision/derived_data/figure_source_data/Figure1_timeseries_line_uncertainty_TOP100.csv
Fig1c,,,,,,,,,,-1.00393117502521,-0.63911547130924,,,,,,<PROJECT_ROOT>/output_TOP100_revision/derived_data/figure_source_data/Figure1_timeseries_line_uncertainty_TOP100.csv
Fig1c,,,,,,,,,,-1.01501507346477,-0.660326886289927,,,,,,<PROJECT_ROOT>/output_TOP100_revision/derived_data/figure_source_data/Figure1_timeseries_line_uncertainty_TOP100.csv
Fig1c,,,,,,,,,,-0.938875903646868,-0.612661167053545,,,,,,<PROJECT_ROOT>/output_TOP100_revision/derived_data/figure_source_data/Figure1_timeseries_line_uncertainty_TOP100.csv
Fig1c,,,,,,,,,,-0.942303874171846,-0.602920974073235,,,,,,<PROJECT_ROOT>/output_TOP100_revision/derived_data/figure_source_data/Figure1_timeseries_line_uncertainty_TOP100.csv
Fig1c,,,,,,,,,,-1.06759132188295,-0.733603347340903,,,,,,<PROJECT_ROOT>/output_TOP100_revision/derived_data/figure_source_data/Figure1_timeseries_line_uncertainty_TOP100.csv
Fig1c,,,,,,,,,,-1.12983434421134,-0.798040384198999,,,,,,<PROJECT_ROOT>/output_TOP100_revision/derived_data/figure_source_data/Figure1_timeseries_line_uncertainty_TOP100.csv
Fig1c,,,,,,,,,,-1.24136886418353,-0.880769257455965,,,,,,<PROJECT_ROOT>/output_TOP100_revision/derived_data/figure_source_data/Figure1_timeseries_line_uncertainty_TOP100.csv
Fig1c,,,,,,,,,,-1.30217651204586,-0.92498390557985,,,,,,<PROJECT_ROOT>/output_TOP100_revision/derived_data/figure_source_data/Figure1_timeseries_line_uncertainty_TOP100.csv
Fig1c,,,,,,,,,,-1.32952934624274,-0.936565987286744,,,,,,<PROJECT_ROOT>/output_TOP100_revision/derived_data/figure_source_data/Figure1_timeseries_line_uncertainty_TOP100.csv
Fig1c,,,,,,,,,,-1.30721937510005,-0.934255185724424,,,,,,<PROJECT_ROOT>/output_TOP100_revision/derived_data/figure_source_data/Figure1_timeseries_line_uncertainty_TOP100.csv
Fig1c,,,,,,,,,,-1.33394898935048,-0.959502144060409,,,,,,<PROJECT_ROOT>/output_TOP100_revision/derived_data/figure_source_data/Figure1_timeseries_line_uncertainty_TOP100.csv
Fig1c,,,,,,,,,,-1.33670571494632,-0.955882078128808,,,,,,<PROJECT_ROOT>/output_TOP100_revision/derived_data/figure_source_data/Figure1_timeseries_line_uncertainty_TOP100.csv
Fig1c,,,,,,,,,,-1.26349375804386,-0.901525008516787,,,,,,<PROJECT_ROOT>/output_TOP100_revision/derived_data/figure_source_data/Figure1_timeseries_line_uncertainty_TOP100.csv
Fig1c,,,,,,,,,,-1.18177523506708,-0.852374336215361,,,,,,<PROJECT_ROOT>/output_TOP100_revision/derived_data/figure_source_data/Figure1_timeseries_line_uncertainty_TOP100.csv
Fig1c,,,,,,,,,,-1.16192708022293,-0.813870134663927,,,,,,<PROJECT_ROOT>/output_TOP100_revision/derived_data/figure_source_data/Figure1_timeseries_line_uncertainty_TOP100.csv
Fig1c,,,,,,,,,,-1.1436600570216,-0.768986463059688,,,,,,<PROJECT_ROOT>/output_TOP100_revision/derived_data/figure_source_data/Figure1_timeseries_line_uncertainty_TOP100.csv
Fig1c,,,,,,,,,,-1.04249489271984,-0.651856170060224,,,,,,<PROJECT_ROOT>/output_TOP100_revision/derived_data/figure_source_data/Figure1_timeseries_line_uncertainty_TOP100.csv
Fig1c,,,,,,,,,,-1.08907308590544,-0.701916732848431,,,,,,<PROJECT_ROOT>/output_TOP100_revision/derived_data/figure_source_data/Figure1_timeseries_line_uncertainty_TOP100.csv
Fig1c,,,,,,,,,,-1.01940821421065,-0.621844834618085,,,,,,<PROJECT_ROOT>/output_TOP100_revision/derived_data/figure_source_data/Figure1_timeseries_line_uncertainty_TOP100.csv
Fig1c,,,,,,,,,,-0.974570045656865,-0.560970881216761,,,,,,<PROJECT_ROOT>/output_TOP100_revision/derived_data/figure_source_data/Figure1_timeseries_line_uncertainty_TOP100.csv
Fig1c,,,,,,,,,,-0.942442075819801,-0.512385821612369,,,,,,<PROJECT_ROOT>/output_TOP100_revision/derived_data/figure_source_data/Figure1_timeseries_line_uncertainty_TOP100.csv
Fig1c,,,,,,,,,,-0.888611351044294,-0.456084523246659,,,,,,<PROJECT_ROOT>/output_TOP100_revision/derived_data/figure_source_data/Figure1_timeseries_line_uncertainty_TOP100.csv
Fig1c,,,,,,,,,,-0.897793292830141,-0.455783666152921,,,,,,<PROJECT_ROOT>/output_TOP100_revision/derived_data/figure_source_data/Figure1_timeseries_line_uncertainty_TOP100.csv
Fig1c,,,,,,,,,,-0.837161863740803,-0.359416137245691,,,,,,<PROJECT_ROOT>/output_TOP100_revision/derived_data/figure_source_data/Figure1_timeseries_line_uncertainty_TOP100.csv
Fig1c,,,,,,,,,,-0.907224625253659,-0.424052005214074,,,,,,<PROJECT_ROOT>/output_TOP100_revision/derived_data/figure_source_data/Figure1_timeseries_line_uncertainty_TOP100.csv
Fig1c,,,,,,,,,,-0.935363916080361,-0.403366943904967,,,,,,<PROJECT_ROOT>/output_TOP100_revision/derived_data/figure_source_data/Figure1_timeseries_line_uncertainty_TOP100.csv
Fig1c,,,,,,,,,,-1.02462118919779,-0.413591356644621,,,,,,<PROJECT_ROOT>/output_TOP100_revision/derived_data/figure_source_data/Figure1_timeseries_line_uncertainty_TOP100.csv
Fig1c,,,,,,,,,,-1.05656801381309,-0.346341275994565,,,,,,<PROJECT_ROOT>/output_TOP100_revision/derived_data/figure_source_data/Figure1_timeseries_line_uncertainty_TOP100.csv
Fig1c,,,,,,,,,,-1.11841786599738,-0.339570247720719,,,,,,<PROJECT_ROOT>/output_TOP100_revision/derived_data/figure_source_data/Figure1_timeseries_line_uncertainty_TOP100.csv
Fig1c,,,,,,,,,,-1.02806711872595,-0.1787116760383,,,,,,<PROJECT_ROOT>/output_TOP100_revision/derived_data/figure_source_data/Figure1_timeseries_line_uncertainty_TOP100.csv
Fig1c,,,,,,,,,,-1.02192259557327,-0.115307336962099,,,,,,<PROJECT_ROOT>/output_TOP100_revision/derived_data/figure_source_data/Figure1_timeseries_line_uncertainty_TOP100.csv
Fig1c,,,,,,,,,,-0.937618184077837,-0.006172449428164,,,,,,<PROJECT_ROOT>/output_TOP100_revision/derived_data/figure_source_data/Figure1_timeseries_line_uncertainty_TOP100.csv
Fig1c,,,,,,,,,,-0.941439569950651,0.029262892663688,,,,,,<PROJECT_ROOT>/output_TOP100_revision/derived_data/figure_source_data/Figure1_timeseries_line_uncertainty_TOP100.csv
Fig1c,,,,,,,,,,-0.9738388986732,-0.0157782113557168,,,,,,<PROJECT_ROOT>/output_TOP100_revision/derived_data/figure_source_data/Figure1_timeseries_line_uncertainty_TOP100.csv
Fig1c,,,,,,,,,,-0.958709172341201,-0.0104024459076586,,,,,,<PROJECT_ROOT>/output_TOP100_revision/derived_data/figure_source_data/Figure1_timeseries_line_uncertainty_TOP100.csv
Fig1c,,,,,,,,,,-1.00376276888966,-0.0848495354006701,,,,,,<PROJECT_ROOT>/output_TOP100_revision/derived_data/figure_source_data/Figure1_timeseries_line_uncertainty_TOP100.csv
Fig1c,,,,,,,,,,-1.00525060665291,-0.186394197984087,,,,,,<PROJECT_ROOT>/output_TOP100_revision/derived_data/figure_source_data/Figure1_timeseries_line_uncertainty_TOP100.csv
Fig1c,,,,,,,,,,-1.07452542325894,-0.373844979303664,,,,,,<PROJECT_ROOT>/output_TOP100_revision/derived_data/figure_source_data/Figure1_timeseries_line_uncertainty_TOP100.csv
Fig1c,,,,,,,,,,-0.99039729197512,-0.356700628385518,,,,,,<PROJECT_ROOT>/output_TOP100_revision/derived_data/figure_source_data/Figure1_timeseries_line_uncertainty_TOP100.csv
Fig1c,,,,,,,,,,-1.00859005458632,-0.426868002099472,,,,,,<PROJECT_ROOT>/output_TOP100_revision/derived_data/figure_source_data/Figure1_timeseries_line_uncertainty_TOP100.csv
Fig1c,,,,,,,,,,-1.04587469586548,-0.517422436757149,,,,,,<PROJECT_ROOT>/output_TOP100_revision/derived_data/figure_source_data/Figure1_timeseries_line_uncertainty_TOP100.csv
Fig1c,,,,,,,,,,-1.06426931378352,-0.551982587160534,,,,,,<PROJECT_ROOT>/output_TOP100_revision/derived_data/figure_source_data/Figure1_timeseries_line_uncertainty_TOP100.csv
Fig1c,,,,,,,,,,-1.20208866171297,-0.688057181754685,,,,,,<PROJECT_ROOT>/output_TOP100_revision/derived_data/figure_source_data/Figure1_timeseries_line_uncertainty_TOP100.csv
Fig1c,,,,,,,,,,-1.31460405294911,-0.801199278734262,,,,,,<PROJECT_ROOT>/output_TOP100_revision/derived_data/figure_source_data/Figure1_timeseries_line_uncertainty_TOP100.csv
Fig1c,,,,,,,,,,-1.35263509573036,-0.833102095803193,,,,,,<PROJECT_ROOT>/output_TOP100_revision/derived_data/figure_source_data/Figure1_timeseries_line_uncertainty_TOP100.csv
Fig1c,,,,,,,,,,-1.45783091753914,-0.899162708032212,,,,,,<PROJECT_ROOT>/output_TOP100_revision/derived_data/figure_source_data/Figure1_timeseries_line_uncertainty_TOP100.csv
Fig1c,,,,,,,,,,-1.49448580608764,-0.941753507436708,,,,,,<PROJECT_ROOT>/output_TOP100_revision/derived_data/figure_source_data/Figure1_timeseries_line_uncertainty_TOP100.csv
Fig1c,,,,,,,,,,-1.51575969101379,-0.996620468408462,,,,,,<PROJECT_ROOT>/output_TOP100_revision/derived_data/figure_source_data/Figure1_timeseries_line_uncertainty_TOP100.csv
Fig1c,,,,,,,,,,-1.48708570319268,-1.01735658874914,,,,,,<PROJECT_ROOT>/output_TOP100_revision/derived_data/figure_source_data/Figure1_timeseries_line_uncertainty_TOP100.csv
Fig1c,,,,,,,,,,-1.41672599040175,-0.928302218142678,,,,,,<PROJECT_ROOT>/output_TOP100_revision/derived_data/figure_source_data/Figure1_timeseries_line_uncertainty_TOP100.csv
Fig1c,,,,,,,,,,-1.47237990305426,-1.00345679295823,,,,,,<PROJECT_ROOT>/output_TOP100_revision/derived_data/figure_source_data/Figure1_timeseries_line_uncertainty_TOP100.csv
Fig1c,,,,,,,,,,-1.38579659174364,-0.983221451649458,,,,,,<PROJECT_ROOT>/output_TOP100_revision/derived_data/figure_source_data/Figure1_timeseries_line_uncertainty_TOP100.csv
Fig1c,,,,,,,,,,-1.33990426325583,-0.950841341389284,,,,,,<PROJECT_ROOT>/output_TOP100_revision/derived_data/figure_source_data/Figure1_timeseries_line_uncertainty_TOP100.csv
Fig1c,,,,,,,,,,-1.35686841774549,-0.951893041614593,,,,,,<PROJECT_ROOT>/output_TOP100_revision/derived_data/figure_source_data/Figure1_timeseries_line_uncertainty_TOP100.csv
Fig1c,,,,,,,,,,-1.32914106151149,-0.909307569821984,,,,,,<PROJECT_ROOT>/output_TOP100_revision/derived_data/figure_source_data/Figure1_timeseries_line_uncertainty_TOP100.csv
Fig1c,,,,,,,,,,-1.33389962433198,-0.906871762571021,,,,,,<PROJECT_ROOT>/output_TOP100_revision/derived_data/figure_source_data/Figure1_timeseries_line_uncertainty_TOP100.csv
Fig1c,,,,,,,,,,-1.34285917872524,-0.948716741026838,,,,,,<PROJECT_ROOT>/output_TOP100_revision/derived_data/figure_source_data/Figure1_timeseries_line_uncertainty_TOP100.csv
Fig1c,,,,,,,,,,-1.27175315998327,-0.868041020333515,,,,,,<PROJECT_ROOT>/output_TOP100_revision/derived_data/figure_source_data/Figure1_timeseries_line_uncertainty_TOP100.csv
Fig1c,,,,,,,,,,-1.31442441928082,-0.923100579643783,,,,,,<PROJECT_ROOT>/output_TOP100_revision/derived_data/figure_source_data/Figure1_timeseries_line_uncertainty_TOP100.csv
Fig1c,,,,,,,,,,-1.30931466264862,-0.921969406143745,,,,,,<PROJECT_ROOT>/output_TOP100_revision/derived_data/figure_source_data/Figure1_timeseries_line_uncertainty_TOP100.csv
Fig1c,,,,,,,,,,-1.26574126493193,-0.873902497812211,,,,,,<PROJECT_ROOT>/output_TOP100_revision/derived_data/figure_source_data/Figure1_timeseries_line_uncertainty_TOP100.csv
Fig1c,,,,,,,,,,-1.31066426948275,-0.918760257692799,,,,,,<PROJECT_ROOT>/output_TOP100_revision/derived_data/figure_source_data/Figure1_timeseries_line_uncertainty_TOP100.csv
Fig1c,,,,,,,,,,-1.3308193047568,-0.927903048871872,,,,,,<PROJECT_ROOT>/output_TOP100_revision/derived_data/figure_source_data/Figure1_timeseries_line_uncertainty_TOP100.csv
Fig1c,,,,,,,,,,-1.40826438276929,-0.995235071464888,,,,,,<PROJECT_ROOT>/output_TOP100_revision/derived_data/figure_source_data/Figure1_timeseries_line_uncertainty_TOP100.csv
Fig1c,,,,,,,,,,-1.38345405480023,-1.00427325765958,,,,,,<PROJECT_ROOT>/output_TOP100_revision/derived_data/figure_source_data/Figure1_timeseries_line_uncertainty_TOP100.csv
Fig1c,,,,,,,,,,-1.38042995090615,-0.994945839933175,,,,,,<PROJECT_ROOT>/output_TOP100_revision/derived_data/figure_source_data/Figure1_timeseries_line_uncertainty_TOP100.csv
Fig1c,,,,,,,,,,-1.33623199818672,-0.993916696908699,,,,,,<PROJECT_ROOT>/output_TOP100_revision/derived_data/figure_source_data/Figure1_timeseries_line_uncertainty_TOP100.csv
Fig1c,,,,,,,,,,-1.28853257279779,-0.952199270799164,,,,,,<PROJECT_ROOT>/output_TOP100_revision/derived_data/figure_source_data/Figure1_timeseries_line_uncertainty_TOP100.csv
Fig1c,,,,,,,,,,-1.23053372438151,-0.88241752515863,,,,,,<PROJECT_ROOT>/output_TOP100_revision/derived_data/figure_source_data/Figure1_timeseries_line_uncertainty_TOP100.csv
Fig1c,,,,,,,,,,-1.21423826245194,-0.844692478437986,,,,,,<PROJECT_ROOT>/output_TOP100_revision/derived_data/figure_source_data/Figure1_timeseries_line_uncertainty_TOP100.csv
Fig1c,,,,,,,,,,-1.28711056579058,-0.900692421443738,,,,,,<PROJECT_ROOT>/output_TOP100_revision/derived_data/figure_source_data/Figure1_timeseries_line_uncertainty_TOP100.csv
Fig1c,,,,,,,,,,-1.26749050688874,-0.900180158860183,,,,,,<PROJECT_ROOT>/output_TOP100_revision/derived_data/figure_source_data/Figure1_timeseries_line_uncertainty_TOP100.csv
Fig1c,,,,,,,,,,-1.1725538494654,-0.850558835893749,,,,,,<PROJECT_ROOT>/output_TOP100_revision/derived_data/figure_source_data/Figure1_timeseries_line_uncertainty_TOP100.csv
Fig1c,,,,,,,,,,-1.04173919951528,-0.727526744083664,,,,,,<PROJECT_ROOT>/output_TOP100_revision/derived_data/figure_source_data/Figure1_timeseries_line_uncertainty_TOP100.csv
Fig1c,,,,,,,,,,-0.946273753390526,-0.619570056570234,,,,,,<PROJECT_ROOT>/output_TOP100_revision/derived_data/figure_source_data/Figure1_timeseries_line_uncertainty_TOP100.csv
Fig1c,,,,,,,,,,-0.882936080609093,-0.477098373107635,,,,,,<PROJECT_ROOT>/output_TOP100_revision/derived_data/figure_source_data/Figure1_timeseries_line_uncertainty_TOP100.csv
Fig1c,,,,,,,,,,-0.785600431745944,-0.360646223761913,,,,,,<PROJECT_ROOT>/output_TOP100_revision/derived_data/figure_source_data/Figure1_timeseries_line_uncertainty_TOP100.csv
Fig1c,,,,,,,,,,-0.610751971215511,-0.184015624218805,,,,,,<PROJECT_ROOT>/output_TOP100_revision/derived_data/figure_source_data/Figure1_timeseries_line_uncertainty_TOP100.csv
Fig1c,,,,,,,,,,-0.451929525270457,0.0105838266882514,,,,,,<PROJECT_ROOT>/output_TOP100_revision/derived_data/figure_source_data/Figure1_timeseries_line_uncertainty_TOP100.csv
Fig1c,,,,,,,,,,-0.462218303933925,0.0528092889135108,,,,,,<PROJECT_ROOT>/output_TOP100_revision/derived_data/figure_source_data/Figure1_timeseries_line_uncertainty_TOP100.csv
Fig1c,,,,,,,,,,-0.420239218472143,0.109107827383874,,,,,,<PROJECT_ROOT>/output_TOP100_revision/derived_data/figure_source_data/Figure1_timeseries_line_uncertainty_TOP100.csv
Fig1c,,,,,,,,,,-0.356676349971945,0.187912651301768,,,,,,<PROJECT_ROOT>/output_TOP100_revision/derived_data/figure_source_data/Figure1_timeseries_line_uncertainty_TOP100.csv
Fig1c,,,,,,,,,,-0.112852431205317,0.443545548558908,,,,,,<PROJECT_ROOT>/output_TOP100_revision/derived_data/figure_source_data/Figure1_timeseries_line_uncertainty_TOP100.csv
Fig1c,,,,,,,,,,0.0063578835758058,0.554668513603332,,,,,,<PROJECT_ROOT>/output_TOP100_revision/derived_data/figure_source_data/Figure1_timeseries_line_uncertainty_TOP100.csv
Fig1c,,,,,,,,,,0.0099681002928773,0.535455639906861,,,,,,<PROJECT_ROOT>/output_TOP100_revision/derived_data/figure_source_data/Figure1_timeseries_line_uncertainty_TOP100.csv
Fig1c,,,,,,,,,,0.136655833178643,0.645622884559673,,,,,,<PROJECT_ROOT>/output_TOP100_revision/derived_data/figure_source_data/Figure1_timeseries_line_uncertainty_TOP100.csv
Fig1c,,,,,,,,,,0.228959824856634,0.704797825731543,,,,,,<PROJECT_ROOT>/output_TOP100_revision/derived_data/figure_source_data/Figure1_timeseries_line_uncertainty_TOP100.csv
Fig1c,,,,,,,,,,0.281091414318206,0.722787324726123,,,,,,<PROJECT_ROOT>/output_TOP100_revision/derived_data/figure_source_data/Figure1_timeseries_line_uncertainty_TOP100.csv
Fig1c,,,,,,,,,,0.287572101859559,0.704138561703289,,,,,,<PROJECT_ROOT>/output_TOP100_revision/derived_data/figure_source_data/Figure1_timeseries_line_uncertainty_TOP100.csv
Fig1c,,,,,,,,,,0.166005498969522,0.575990633205352,,,,,,<PROJECT_ROOT>/output_TOP100_revision/derived_data/figure_source_data/Figure1_timeseries_line_uncertainty_TOP100.csv
Fig1c,,,,,,,,,,0.0798140114161781,0.460184051813556,,,,,,<PROJECT_ROOT>/output_TOP100_revision/derived_data/figure_source_data/Figure1_timeseries_line_uncertainty_TOP100.csv
Fig1c,,,,,,,,,,0.111291109217909,0.452623399968303,,,,,,<PROJECT_ROOT>/output_TOP100_revision/derived_data/figure_source_data/Figure1_timeseries_line_uncertainty_TOP100.csv
Fig1c,,,,,,,,,,0.0271624563107965,0.342867213794093,,,,,,<PROJECT_ROOT>/output_TOP100_revision/derived_data/figure_source_data/Figure1_timeseries_line_uncertainty_TOP100.csv
Fig1c,,,,,,,,,,-0.0504460860634474,0.271221348434925,,,,,,<PROJECT_ROOT>/output_TOP100_revision/derived_data/figure_source_data/Figure1_timeseries_line_uncertainty_TOP100.csv
Fig1c,,,,,,,,,,-0.16036913012238,0.154114723333101,,,,,,<PROJECT_ROOT>/output_TOP100_revision/derived_data/figure_source_data/Figure1_timeseries_line_uncertainty_TOP100.csv
Fig1c,,,,,,,,,,-0.180028624873783,0.149652278567927,,,,,,<PROJECT_ROOT>/output_TOP100_revision/derived_data/figure_source_data/Figure1_timeseries_line_uncertainty_TOP100.csv
Fig1c,,,,,,,,,,-0.195828342751846,0.142476338534159,,,,,,<PROJECT_ROOT>/output_TOP100_revision/derived_data/figure_source_data/Figure1_timeseries_line_uncertainty_TOP100.csv
Fig1c,,,,,,,,,,-0.404751403632395,-0.0243433553241775,,,,,,<PROJECT_ROOT>/output_TOP100_revision/derived_data/figure_source_data/Figure1_timeseries_line_uncertainty_TOP100.csv
Fig1c,,,,,,,,,,-0.463827264578998,-0.0723355846704159,,,,,,<PROJECT_ROOT>/output_TOP100_revision/derived_data/figure_source_data/Figure1_timeseries_line_uncertainty_TOP100.csv
Fig1c,,,,,,,,,,-0.570385632884679,-0.154795773919082,,,,,,<PROJECT_ROOT>/output_TOP100_revision/derived_data/figure_source_data/Figure1_timeseries_line_uncertainty_TOP100.csv
Fig1c,,,,,,,,,,-0.678596956352416,-0.22296940786637,,,,,,<PROJECT_ROOT>/output_TOP100_revision/derived_data/figure_source_data/Figure1_timeseries_line_uncertainty_TOP100.csv
Fig1c,,,,,,,,,,-0.692563617263754,-0.238972390138535,,,,,,<PROJECT_ROOT>/output_TOP100_revision/derived_data/figure_source_data/Figure1_timeseries_line_uncertainty_TOP100.csv
Fig1c,,,,,,,,,,-0.72610588153076,-0.273054590605453,,,,,,<PROJECT_ROOT>/output_TOP100_revision/derived_data/figure_source_data/Figure1_timeseries_line_uncertainty_TOP100.csv
Fig1c,,,,,,,,,,-0.727421421655072,-0.270852863698917,,,,,,<PROJECT_ROOT>/output_TOP100_revision/derived_data/figure_source_data/Figure1_timeseries_line_uncertainty_TOP100.csv
Fig1c,,,,,,,,,,-0.77042275286456,-0.311923933814898,,,,,,<PROJECT_ROOT>/output_TOP100_revision/derived_data/figure_source_data/Figure1_timeseries_line_uncertainty_TOP100.csv
Fig1c,,,,,,,,,,-0.747644425014787,-0.299802882311165,,,,,,<PROJECT_ROOT>/output_TOP100_revision/derived_data/figure_source_data/Figure1_timeseries_line_uncertainty_TOP100.csv
Fig1c,,,,,,,,,,-0.75287320833316,-0.309221915480568,,,,,,<PROJECT_ROOT>/output_TOP100_revision/derived_data/figure_source_data/Figure1_timeseries_line_uncertainty_TOP100.csv
Fig1c,,,,,,,,,,-0.768053264927417,-0.331561888493084,,,,,,<PROJECT_ROOT>/output_TOP100_revision/derived_data/figure_source_data/Figure1_timeseries_line_uncertainty_TOP100.csv
Fig1c,,,,,,,,,,-0.793946314385468,-0.386031237571748,,,,,,<PROJECT_ROOT>/output_TOP100_revision/derived_data/figure_source_data/Figure1_timeseries_line_uncertainty_TOP100.csv
Fig1c,,,,,,,,,,-0.727364387111517,-0.327841974910926,,,,,,<PROJECT_ROOT>/output_TOP100_revision/derived_data/figure_source_data/Figure1_timeseries_line_uncertainty_TOP100.csv
Fig1c,,,,,,,,,,-0.657997632184646,-0.231465350442241,,,,,,<PROJECT_ROOT>/output_TOP100_revision/derived_data/figure_source_data/Figure1_timeseries_line_uncertainty_TOP100.csv
Fig1c,,,,,,,,,,-0.551676050180524,-0.145223684842174,,,,,,<PROJECT_ROOT>/output_TOP100_revision/derived_data/figure_source_data/Figure1_timeseries_line_uncertainty_TOP100.csv
Fig1c,,,,,,,,,,-0.569211931918447,-0.175480921443707,,,,,,<PROJECT_ROOT>/output_TOP100_revision/derived_data/figure_source_data/Figure1_timeseries_line_uncertainty_TOP100.csv
Fig1c,,,,,,,,,,-0.572938559817435,-0.192909755247989,,,,,,<PROJECT_ROOT>/output_TOP100_revision/derived_data/figure_source_data/Figure1_timeseries_line_uncertainty_TOP100.csv
Fig1c,,,,,,,,,,-0.593940950886932,-0.222896020333024,,,,,,<PROJECT_ROOT>/output_TOP100_revision/derived_data/figure_source_data/Figure1_timeseries_line_uncertainty_TOP100.csv
Fig1c,,,,,,,,,,-0.630884282673817,-0.254398574818835,,,,,,<PROJECT_ROOT>/output_TOP100_revision/derived_data/figure_source_data/Figure1_timeseries_line_uncertainty_TOP100.csv
Fig1c,,,,,,,,,,-0.552900932213535,-0.171700703714895,,,,,,<PROJECT_ROOT>/output_TOP100_revision/derived_data/figure_source_data/Figure1_timeseries_line_uncertainty_TOP100.csv
Fig1c,,,,,,,,,,-0.565290174337813,-0.182050418519158,,,,,,<PROJECT_ROOT>/output_TOP100_revision/derived_data/figure_source_data/Figure1_timeseries_line_uncertainty_TOP100.csv
Fig1c,,,,,,,,,,-0.524862869506519,-0.158819594244633,,,,,,<PROJECT_ROOT>/output_TOP100_revision/derived_data/figure_source_data/Figure1_timeseries_line_uncertainty_TOP100.csv
Fig1c,,,,,,,,,,-0.483184102462206,-0.123104622882485,,,,,,<PROJECT_ROOT>/output_TOP100_revision/derived_data/figure_source_data/Figure1_timeseries_line_uncertainty_TOP100.csv
Fig1c,,,,,,,,,,-0.399786254254644,-0.0195169609028028,,,,,,<PROJECT_ROOT>/output_TOP100_revision/derived_data/figure_source_data/Figure1_timeseries_line_uncertainty_TOP100.csv
Fig1c,,,,,,,,,,-0.434824950080882,-0.0720839384395329,,,,,,<PROJECT_ROOT>/output_TOP100_revision/derived_data/figure_source_data/Figure1_timeseries_line_uncertainty_TOP100.csv
Fig1c,,,,,,,,,,-0.495257234854427,-0.175570027049723,,,,,,<PROJECT_ROOT>/output_TOP100_revision/derived_data/figure_source_data/Figure1_timeseries_line_uncertainty_TOP100.csv
Fig1c,,,,,,,,,,-0.530460414351919,-0.184438085615648,,,,,,<PROJECT_ROOT>/output_TOP100_revision/derived_data/figure_source_data/Figure1_timeseries_line_uncertainty_TOP100.csv
Fig1c,,,,,,,,,,-0.553207588929017,-0.158119840322892,,,,,,<PROJECT_ROOT>/output_TOP100_revision/derived_data/figure_source_data/Figure1_timeseries_line_uncertainty_TOP100.csv
Fig1c,,,,,,,,,,-0.563600044353623,-0.168345538792705,,,,,,<PROJECT_ROOT>/output_TOP100_revision/derived_data/figure_source_data/Figure1_timeseries_line_uncertainty_TOP100.csv
Fig1c,,,,,,,,,,-0.524618806587731,-0.109693891847558,,,,,,<PROJECT_ROOT>/output_TOP100_revision/derived_data/figure_source_data/Figure1_timeseries_line_uncertainty_TOP100.csv
Fig1c,,,,,,,,,,-0.471072565352147,-0.0681258994062909,,,,,,<PROJECT_ROOT>/output_TOP100_revision/derived_data/figure_source_data/Figure1_timeseries_line_uncertainty_TOP100.csv
Fig1c,,,,,,,,,,-0.422866908152651,-0.0043418175051417,,,,,,<PROJECT_ROOT>/output_TOP100_revision/derived_data/figure_source_data/Figure1_timeseries_line_uncertainty_TOP100.csv
Fig1c,,,,,,,,,,-0.394222833614015,0.020511576276904,,,,,,<PROJECT_ROOT>/output_TOP100_revision/derived_data/figure_source_data/Figure1_timeseries_line_uncertainty_TOP100.csv
Fig1c,,,,,,,,,,-0.383695885837056,0.0481455652300924,,,,,,<PROJECT_ROOT>/output_TOP100_revision/derived_data/figure_source_data/Figure1_timeseries_line_uncertainty_TOP100.csv
Fig1c,,,,,,,,,,-0.460710680859595,-0.0199447395554562,,,,,,<PROJECT_ROOT>/output_TOP100_revision/derived_data/figure_source_data/Figure1_timeseries_line_uncertainty_TOP100.csv
Fig1c,,,,,,,,,,-0.506609959035563,-0.0806165357011299,,,,,,<PROJECT_ROOT>/output_TOP100_revision/derived_data/figure_source_data/Figure1_timeseries_line_uncertainty_TOP100.csv
Fig1c,,,,,,,,,,-0.501874011893064,-0.0456417573540719,,,,,,<PROJECT_ROOT>/output_TOP100_revision/derived_data/figure_source_data/Figure1_timeseries_line_uncertainty_TOP100.csv
Fig1c,,,,,,,,,,-0.639833451526731,-0.149726263443197,,,,,,<PROJECT_ROOT>/output_TOP100_revision/derived_data/figure_source_data/Figure1_timeseries_line_uncertainty_TOP100.csv
Fig1c,,,,,,,,,,-0.765946660602295,-0.210247378748298,,,,,,<PROJECT_ROOT>/output_TOP100_revision/derived_data/figure_source_data/Figure1_timeseries_line_uncertainty_TOP100.csv
Fig1c,,,,,,,,,,-0.7909833000241,-0.188133136506318,,,,,,<PROJECT_ROOT>/output_TOP100_revision/derived_data/figure_source_data/Figure1_timeseries_line_uncertainty_TOP100.csv
Fig1c,,,,,,,,,,-0.823309018472744,-0.198580795105848,,,,,,<PROJECT_ROOT>/output_TOP100_revision/derived_data/figure_source_data/Figure1_timeseries_line_uncertainty_TOP100.csv
Fig1c,,,,,,,,,,-0.923118032414622,-0.276365848487755,,,,,,<PROJECT_ROOT>/output_TOP100_revision/derived_data/figure_source_data/Figure1_timeseries_line_uncertainty_TOP100.csv
Fig1c,,,,,,,,,,-0.997624329612808,-0.359193115015605,,,,,,<PROJECT_ROOT>/output_TOP100_revision/derived_data/figure_source_data/Figure1_timeseries_line_uncertainty_TOP100.csv
Fig1c,,,,,,,,,,-1.0933102962058,-0.465964595216308,,,,,,<PROJECT_ROOT>/output_TOP100_revision/derived_data/figure_source_data/Figure1_timeseries_line_uncertainty_TOP100.csv
Fig1c,,,,,,,,,,-1.11433765610567,-0.494859751486998,,,,,,<PROJECT_ROOT>/output_TOP100_revision/derived_data/figure_source_data/Figure1_timeseries_line_uncertainty_TOP100.csv
Fig1c,,,,,,,,,,-1.1767783410981,-0.572809743289318,,,,,,<PROJECT_ROOT>/output_TOP100_revision/derived_data/figure_source_data/Figure1_timeseries_line_uncertainty_TOP100.csv
Fig1c,,,,,,,,,,-1.16099845398603,-0.566807148003595,,,,,,<PROJECT_ROOT>/output_TOP100_revision/derived_data/figure_source_data/Figure1_timeseries_line_uncertainty_TOP100.csv
Fig1c,,,,,,,,,,-1.24510626766078,-0.695519393434329,,,,,,<PROJECT_ROOT>/output_TOP100_revision/derived_data/figure_source_data/Figure1_timeseries_line_uncertainty_TOP100.csv
Fig1c,,,,,,,,,,-1.29802044395887,-0.810176632454309,,,,,,<PROJECT_ROOT>/output_TOP100_revision/derived_data/figure_source_data/Figure1_timeseries_line_uncertainty_TOP100.csv
Fig1c,,,,,,,,,,-1.27894783829742,-0.828466931497192,,,,,,<PROJECT_ROOT>/output_TOP100_revision/derived_data/figure_source_data/Figure1_timeseries_line_uncertainty_TOP100.csv
Fig1c,,,,,,,,,,-1.31873954748598,-0.917778786377772,,,,,,<PROJECT_ROOT>/output_TOP100_revision/derived_data/figure_source_data/Figure1_timeseries_line_uncertainty_TOP100.csv
Fig1c,,,,,,,,,,-1.39169683125968,-1.00493802203389,,,,,,<PROJECT_ROOT>/output_TOP100_revision/derived_data/figure_source_data/Figure1_timeseries_line_uncertainty_TOP100.csv
Fig1c,,,,,,,,,,-1.38812360564314,-0.980563411720966,,,,,,<PROJECT_ROOT>/output_TOP100_revision/derived_data/figure_source_data/Figure1_timeseries_line_uncertainty_TOP100.csv
Fig1c,,,,,,,,,,-1.41894103191214,-1.00930402063675,,,,,,<PROJECT_ROOT>/output_TOP100_revision/derived_data/figure_source_data/Figure1_timeseries_line_uncertainty_TOP100.csv
Fig1c,,,,,,,,,,-1.40462345631695,-0.965294537742721,,,,,,<PROJECT_ROOT>/output_TOP100_revision/derived_data/figure_source_data/Figure1_timeseries_line_uncertainty_TOP100.csv
Fig1c,,,,,,,,,,-1.38395192373733,-0.9418459977862,,,,,,<PROJECT_ROOT>/output_TOP100_revision/derived_data/figure_source_data/Figure1_timeseries_line_uncertainty_TOP100.csv
Fig1c,,,,,,,,,,-1.43294653498187,-0.962047621688784,,,,,,<PROJECT_ROOT>/output_TOP100_revision/derived_data/figure_source_data/Figure1_timeseries_line_uncertainty_TOP100.csv
Fig1c,,,,,,,,,,-1.36142914011982,-0.868644730301827,,,,,,<PROJECT_ROOT>/output_TOP100_revision/derived_data/figure_source_data/Figure1_timeseries_line_uncertainty_TOP100.csv
Fig1c,,,,,,,,,,-1.35900888775698,-0.889387331862528,,,,,,<PROJECT_ROOT>/output_TOP100_revision/derived_data/figure_source_data/Figure1_timeseries_line_uncertainty_TOP100.csv
Fig1c,,,,,,,,,,-1.283290312898,-0.824539724310313,,,,,,<PROJECT_ROOT>/output_TOP100_revision/derived_data/figure_source_data/Figure1_timeseries_line_uncertainty_TOP100.csv
Fig1c,,,,,,,,,,-1.21981484466166,-0.792136624098049,,,,,,<PROJECT_ROOT>/output_TOP100_revision/derived_data/figure_source_data/Figure1_timeseries_line_uncertainty_TOP100.csv
Fig1c,,,,,,,,,,-1.11197211941231,-0.697218674862966,,,,,,<PROJECT_ROOT>/output_TOP100_revision/derived_data/figure_source_data/Figure1_timeseries_line_uncertainty_TOP100.csv
Fig1c,,,,,,,,,,-0.966648298531417,-0.599699897568754,,,,,,<PROJECT_ROOT>/output_TOP100_revision/derived_data/figure_source_data/Figure1_timeseries_line_uncertainty_TOP100.csv
Fig1c,,,,,,,,,,-0.865283745495747,-0.513614047767141,,,,,,<PROJECT_ROOT>/output_TOP100_revision/derived_data/figure_source_data/Figure1_timeseries_line_uncertainty_TOP100.csv
Fig1c,,,,,,,,,,-0.85858929952729,-0.525509047309649,,,,,,<PROJECT_ROOT>/output_TOP100_revision/derived_data/figure_source_data/Figure1_timeseries_line_uncertainty_TOP100.csv
Fig1c,,,,,,,,,,-0.824105544180172,-0.480573826396046,,,,,,<PROJECT_ROOT>/output_TOP100_revision/derived_data/figure_source_data/Figure1_timeseries_line_uncertainty_TOP100.csv
Fig1c,,,,,,,,,,-0.864612593651874,-0.498774699752533,,,,,,<PROJECT_ROOT>/output_TOP100_revision/derived_data/figure_source_data/Figure1_timeseries_line_uncertainty_TOP100.csv
Fig1c,,,,,,,,,,-0.80651262866305,-0.445984617652232,,,,,,<PROJECT_ROOT>/output_TOP100_revision/derived_data/figure_source_data/Figure1_timeseries_line_uncertainty_TOP100.csv
Fig1c,,,,,,,,,,-0.822976413461384,-0.399060394032273,,,,,,<PROJECT_ROOT>/output_TOP100_revision/derived_data/figure_source_data/Figure1_timeseries_line_uncertainty_TOP100.csv
Fig1c,,,,,,,,,,-0.912394225988283,-0.492236972376285,,,,,,<PROJECT_ROOT>/output_TOP100_revision/derived_data/figure_source_data/Figure1_timeseries_line_uncertainty_TOP100.csv
Fig1c,,,,,,,,,,-0.956442799521949,-0.533796564318532,,,,,,<PROJECT_ROOT>/output_TOP100_revision/derived_data/figure_source_data/Figure1_timeseries_line_uncertainty_TOP100.csv
Fig1c,,,,,,,,,,-1.00748028173929,-0.57086689839347,,,,,,<PROJECT_ROOT>/output_TOP100_revision/derived_data/figure_source_data/Figure1_timeseries_line_uncertainty_TOP100.csv
Fig1c,,,,,,,,,,-1.0212209168,-0.606019514909269,,,,,,<PROJECT_ROOT>/output_TOP100_revision/derived_data/figure_source_data/Figure1_timeseries_line_uncertainty_TOP100.csv
Fig1c,,,,,,,,,,-1.14580712485436,-0.714057014865547,,,,,,<PROJECT_ROOT>/output_TOP100_revision/derived_data/figure_source_data/Figure1_timeseries_line_uncertainty_TOP100.csv
Fig1c,,,,,,,,,,-1.22400522811141,-0.797494360412486,,,,,,<PROJECT_ROOT>/output_TOP100_revision/derived_data/figure_source_data/Figure1_timeseries_line_uncertainty_TOP100.csv
Fig1c,,,,,,,,,,-1.2656875079598,-0.832997221279859,,,,,,<PROJECT_ROOT>/output_TOP100_revision/derived_data/figure_source_data/Figure1_timeseries_line_uncertainty_TOP100.csv
Fig1c,,,,,,,,,,-1.2716078840493,-0.842405471323794,,,,,,<PROJECT_ROOT>/output_TOP100_revision/derived_data/figure_source_data/Figure1_timeseries_line_uncertainty_TOP100.csv
Fig1c,,,,,,,,,,-1.28457546654154,-0.870139563116841,,,,,,<PROJECT_ROOT>/output_TOP100_revision/derived_data/figure_source_data/Figure1_timeseries_line_uncertainty_TOP100.csv
Fig1c,,,,,,,,,,-1.26323810478594,-0.894947679091609,,,,,,<PROJECT_ROOT>/output_TOP100_revision/derived_data/figure_source_data/Figure1_timeseries_line_uncertainty_TOP100.csv
Fig1c,,,,,,,,,,-1.3457286317183,-0.986985789647352,,,,,,<PROJECT_ROOT>/output_TOP100_revision/derived_data/figure_source_data/Figure1_timeseries_line_uncertainty_TOP100.csv
Fig1c,,,,,,,,,,-1.30541154758294,-0.963522778953644,,,,,,<PROJECT_ROOT>/output_TOP100_revision/derived_data/figure_source_data/Figure1_timeseries_line_uncertainty_TOP100.csv
Fig1c,,,,,,,,,,-1.29942156283086,-0.975548487594635,,,,,,<PROJECT_ROOT>/output_TOP100_revision/derived_data/figure_source_data/Figure1_timeseries_line_uncertainty_TOP100.csv
Fig1c,,,,,,,,,,-1.26065817924436,-0.927802478559998,,,,,,<PROJECT_ROOT>/output_TOP100_revision/derived_data/figure_source_data/Figure1_timeseries_line_uncertainty_TOP100.csv
Fig1c,,,,,,,,,,-1.28945703210865,-0.938786134747151,,,,,,<PROJECT_ROOT>/output_TOP100_revision/derived_data/figure_source_data/Figure1_timeseries_line_uncertainty_TOP100.csv
Fig1c,,,,,,,,,,-1.31067516981716,-0.958931399487353,,,,,,<PROJECT_ROOT>/output_TOP100_revision/derived_data/figure_source_data/Figure1_timeseries_line_uncertainty_TOP100.csv
Fig1c,,,,,,,,,,-1.27835238899576,-0.887349648473977,,,,,,<PROJECT_ROOT>/output_TOP100_revision/derived_data/figure_source_data/Figure1_timeseries_line_uncertainty_TOP100.csv
Fig1c,,,,,,,,,,-1.23101834679213,-0.847375716182035,,,,,,<PROJECT_ROOT>/output_TOP100_revision/derived_data/figure_source_data/Figure1_timeseries_line_uncertainty_TOP100.csv
Fig1c,,,,,,,,,,-1.2362682873659,-0.83532369963467,,,,,,<PROJECT_ROOT>/output_TOP100_revision/derived_data/figure_source_data/Figure1_timeseries_line_uncertainty_TOP100.csv
Fig1c,,,,,,,,,,-1.2184700647881,-0.827464515535206,,,,,,<PROJECT_ROOT>/output_TOP100_revision/derived_data/figure_source_data/Figure1_timeseries_line_uncertainty_TOP100.csv
Fig1c,,,,,,,,,,-1.21770265453556,-0.834732955933089,,,,,,<PROJECT_ROOT>/output_TOP100_revision/derived_data/figure_source_data/Figure1_timeseries_line_uncertainty_TOP100.csv
Fig1c,,,,,,,,,,-1.21347182859312,-0.811001017303344,,,,,,<PROJECT_ROOT>/output_TOP100_revision/derived_data/figure_source_data/Figure1_timeseries_line_uncertainty_TOP100.csv
Fig1c,,,,,,,,,,-1.18486032425888,-0.780619490389463,,,,,,<PROJECT_ROOT>/output_TOP100_revision/derived_data/figure_source_data/Figure1_timeseries_line_uncertainty_TOP100.csv
Fig1c,,,,,,,,,,-1.27131921648881,-0.850631496769847,,,,,,<PROJECT_ROOT>/output_TOP100_revision/derived_data/figure_source_data/Figure1_timeseries_line_uncertainty_TOP100.csv
Fig1c,,,,,,,,,,-1.24618145200485,-0.829624602422218,,,,,,<PROJECT_ROOT>/output_TOP100_revision/derived_data/figure_source_data/Figure1_timeseries_line_uncertainty_TOP100.csv
Fig1c,,,,,,,,,,-1.28410313509484,-0.87280953337415,,,,,,<PROJECT_ROOT>/output_TOP100_revision/derived_data/figure_source_data/Figure1_timeseries_line_uncertainty_TOP100.csv
Fig1c,,,,,,,,,,-1.25175545383764,-0.863817219037775,,,,,,<PROJECT_ROOT>/output_TOP100_revision/derived_data/figure_source_data/Figure1_timeseries_line_uncertainty_TOP100.csv
Fig1c,,,,,,,,,,-1.225355263904,-0.837877359670645,,,,,,<PROJECT_ROOT>/output_TOP100_revision/derived_data/figure_source_data/Figure1_timeseries_line_uncertainty_TOP100.csv
Fig1c,,,,,,,,,,-1.21264642926946,-0.835618035705699,,,,,,<PROJECT_ROOT>/output_TOP100_revision/derived_data/figure_source_data/Figure1_timeseries_line_uncertainty_TOP100.csv
Fig1c,,,,,,,,,,-1.15868867978164,-0.80235172090459,,,,,,<PROJECT_ROOT>/output_TOP100_revision/derived_data/figure_source_data/Figure1_timeseries_line_uncertainty_TOP100.csv
Fig1c,,,,,,,,,,-1.18444374244211,-0.857189254958007,,,,,,<PROJECT_ROOT>/output_TOP100_revision/derived_data/figure_source_data/Figure1_timeseries_line_uncertainty_TOP100.csv
Fig1c,,,,,,,,,,-1.2110271514766,-0.886339295621036,,,,,,<PROJECT_ROOT>/output_TOP100_revision/derived_data/figure_source_data/Figure1_timeseries_line_uncertainty_TOP100.csv
Fig1c,,,,,,,,,,-1.24015470716964,-0.893308456397225,,,,,,<PROJECT_ROOT>/output_TOP100_revision/derived_data/figure_source_data/Figure1_timeseries_line_uncertainty_TOP100.csv
Fig1c,,,,,,,,,,-1.23844727938674,-0.906270762100583,,,,,,<PROJECT_ROOT>/output_TOP100_revision/derived_data/figure_source_data/Figure1_timeseries_line_uncertainty_TOP100.csv
Fig1c,,,,,,,,,,-1.26163598347909,-0.870626272649986,,,,,,<PROJECT_ROOT>/output_TOP100_revision/derived_data/figure_source_data/Figure1_timeseries_line_uncertainty_TOP100.csv
Fig1c,,,,,,,,,,-1.22278255400963,-0.795027434736007,,,,,,<PROJECT_ROOT>/output_TOP100_revision/derived_data/figure_source_data/Figure1_timeseries_line_uncertainty_TOP100.csv
Fig1c,,,,,,,,,,-1.21148107136991,-0.695855397673337,,,,,,<PROJECT_ROOT>/output_TOP100_revision/derived_data/figure_source_data/Figure1_timeseries_line_uncertainty_TOP100.csv
Fig1c,,,,,,,,,,-1.1719622745879,-0.580768992102776,,,,,,<PROJECT_ROOT>/output_TOP100_revision/derived_data/figure_source_data/Figure1_timeseries_line_uncertainty_TOP100.csv
Fig1c,,,,,,,,,,-1.14405832699873,-0.466401305430935,,,,,,<PROJECT_ROOT>/output_TOP100_revision/derived_data/figure_source_data/Figure1_timeseries_line_uncertainty_TOP100.csv
Fig1c,,,,,,,,,,-1.08825258679153,-0.302002510293927,,,,,,<PROJECT_ROOT>/output_TOP100_revision/derived_data/figure_source_data/Figure1_timeseries_line_uncertainty_TOP100.csv
Fig1c,,,,,,,,,,-1.0765527885363,-0.194879585847572,,,,,,<PROJECT_ROOT>/output_TOP100_revision/derived_data/figure_source_data/Figure1_timeseries_line_uncertainty_TOP100.csv
Fig1c,,,,,,,,,,-1.01449234087749,-0.0677821306890657,,,,,,<PROJECT_ROOT>/output_TOP100_revision/derived_data/figure_source_data/Figure1_timeseries_line_uncertainty_TOP100.csv
Fig1c,,,,,,,,,,-0.859206860071427,0.152481371446049,,,,,,<PROJECT_ROOT>/output_TOP100_revision/derived_data/figure_source_data/Figure1_timeseries_line_uncertainty_TOP100.csv
Fig1c,,,,,,,,,,-0.72029532236067,0.305598518451048,,,,,,<PROJECT_ROOT>/output_TOP100_revision/derived_data/figure_source_data/Figure1_timeseries_line_uncertainty_TOP100.csv
Fig1c,,,,,,,,,,-0.583988360858242,0.418751677384081,,,,,,<PROJECT_ROOT>/output_TOP100_revision/derived_data/figure_source_data/Figure1_timeseries_line_uncertainty_TOP100.csv
Fig1c,,,,,,,,,,-0.474052892959062,0.530769437676404,,,,,,<PROJECT_ROOT>/output_TOP100_revision/derived_data/figure_source_data/Figure1_timeseries_line_uncertainty_TOP100.csv
Fig1c,,,,,,,,,,-0.399204805823771,0.597965124980248,,,,,,<PROJECT_ROOT>/output_TOP100_revision/derived_data/figure_source_data/Figure1_timeseries_line_uncertainty_TOP100.csv
Fig1c,,,,,,,,,,-0.344361443612124,0.636177262234192,,,,,,<PROJECT_ROOT>/output_TOP100_revision/derived_data/figure_source_data/Figure1_timeseries_line_uncertainty_TOP100.csv
Fig1c,,,,,,,,,,-0.308840945575238,0.640287001920805,,,,,,<PROJECT_ROOT>/output_TOP100_revision/derived_data/figure_source_data/Figure1_timeseries_line_uncertainty_TOP100.csv
Fig1c,,,,,,,,,,-0.274006973159258,0.598197279171392,,,,,,<PROJECT_ROOT>/output_TOP100_revision/derived_data/figure_source_data/Figure1_timeseries_line_uncertainty_TOP100.csv
Fig1c,,,,,,,,,,-0.236043925875041,0.544001251673313,,,,,,<PROJECT_ROOT>/output_TOP100_revision/derived_data/figure_source_data/Figure1_timeseries_line_uncertainty_TOP100.csv
Fig1c,,,,,,,,,,-0.298910574022332,0.380902209201648,,,,,,<PROJECT_ROOT>/output_TOP100_revision/derived_data/figure_source_data/Figure1_timeseries_line_uncertainty_TOP100.csv
Fig1c,,,,,,,,,,-0.204662484121655,0.405238620516099,,,,,,<PROJECT_ROOT>/output_TOP100_revision/derived_data/figure_source_data/Figure1_timeseries_line_uncertainty_TOP100.csv
Fig1c,,,,,,,,,,-0.295975040454744,0.28090184087445,,,,,,<PROJECT_ROOT>/output_TOP100_revision/derived_data/figure_source_data/Figure1_timeseries_line_uncertainty_TOP100.csv
Fig1c,,,,,,,,,,-0.293418419781675,0.264842835599733,,,,,,<PROJECT_ROOT>/output_TOP100_revision/derived_data/figure_source_data/Figure1_timeseries_line_uncertainty_TOP100.csv
Fig1c,,,,,,,,,,-0.395034209486384,0.170256150123454,,,,,,<PROJECT_ROOT>/output_TOP100_revision/derived_data/figure_source_data/Figure1_timeseries_line_uncertainty_TOP100.csv
Fig1c,,,,,,,,,,-0.521247276372231,0.0182041719243494,,,,,,<PROJECT_ROOT>/output_TOP100_revision/derived_data/figure_source_data/Figure1_timeseries_line_uncertainty_TOP100.csv
Fig1c,,,,,,,,,,-0.654781742395087,-0.140405943634517,,,,,,<PROJECT_ROOT>/output_TOP100_revision/derived_data/figure_source_data/Figure1_timeseries_line_uncertainty_TOP100.csv
Fig1c,,,,,,,,,,-0.81651718031431,-0.289918656002678,,,,,,<PROJECT_ROOT>/output_TOP100_revision/derived_data/figure_source_data/Figure1_timeseries_line_uncertainty_TOP100.csv
Fig1c,,,,,,,,,,-0.884073487023473,-0.376745776602664,,,,,,<PROJECT_ROOT>/output_TOP100_revision/derived_data/figure_source_data/Figure1_timeseries_line_uncertainty_TOP100.csv
Fig1c,,,,,,,,,,-0.945162455460407,-0.444316817324132,,,,,,<PROJECT_ROOT>/output_TOP100_revision/derived_data/figure_source_data/Figure1_timeseries_line_uncertainty_TOP100.csv
Fig1c,,,,,,,,,,-1.01087626916762,-0.520728501767164,,,,,,<PROJECT_ROOT>/output_TOP100_revision/derived_data/figure_source_data/Figure1_timeseries_line_uncertainty_TOP100.csv
Fig1c,,,,,,,,,,-1.07303585262796,-0.585138513077169,,,,,,<PROJECT_ROOT>/output_TOP100_revision/derived_data/figure_source_data/Figure1_timeseries_line_uncertainty_TOP100.csv
Fig1c,,,,,,,,,,-1.17627667143822,-0.71055331292027,,,,,,<PROJECT_ROOT>/output_TOP100_revision/derived_data/figure_source_data/Figure1_timeseries_line_uncertainty_TOP100.csv
Fig1c,,,,,,,,,,-1.34512818972768,-0.837578418917549,,,,,,<PROJECT_ROOT>/output_TOP100_revision/derived_data/figure_source_data/Figure1_timeseries_line_uncertainty_TOP100.csv
Fig1c,,,,,,,,,,-1.41742024915728,-0.884411469192299,,,,,,<PROJECT_ROOT>/output_TOP100_revision/derived_data/figure_source_data/Figure1_timeseries_line_uncertainty_TOP100.csv
Fig1c,,,,,,,,,,-1.54398000363661,-1.0228369467071,,,,,,<PROJECT_ROOT>/output_TOP100_revision/derived_data/figure_source_data/Figure1_timeseries_line_uncertainty_TOP100.csv
Fig1c,,,,,,,,,,-1.6517587430698,-1.12495595926358,,,,,,<PROJECT_ROOT>/output_TOP100_revision/derived_data/figure_source_data/Figure1_timeseries_line_uncertainty_TOP100.csv
Fig1c,,,,,,,,,,-1.70188720232,-1.16376091519017,,,,,,<PROJECT_ROOT>/output_TOP100_revision/derived_data/figure_source_data/Figure1_timeseries_line_uncertainty_TOP100.csv
Fig1c,,,,,,,,,,-1.6806252305341,-1.15798260111922,,,,,,<PROJECT_ROOT>/output_TOP100_revision/derived_data/figure_source_data/Figure1_timeseries_line_uncertainty_TOP100.csv
Fig1c,,,,,,,,,,-1.6855660583995,-1.17533177035102,,,,,,<PROJECT_ROOT>/output_TOP100_revision/derived_data/figure_source_data/Figure1_timeseries_line_uncertainty_TOP100.csv
Fig1c,,,,,,,,,,-1.70893914809537,-1.19462625527853,,,,,,<PROJECT_ROOT>/output_TOP100_revision/derived_data/figure_source_data/Figure1_timeseries_line_uncertainty_TOP100.csv
Fig1c,,,,,,,,,,-1.7775559675174,-1.2752349099539,,,,,,<PROJECT_ROOT>/output_TOP100_revision/derived_data/figure_source_data/Figure1_timeseries_line_uncertainty_TOP100.csv
Fig1c,,,,,,,,,,-1.83799104962991,-1.32791225206753,,,,,,<PROJECT_ROOT>/output_TOP100_revision/derived_data/figure_source_data/Figure1_timeseries_line_uncertainty_TOP100.csv
Fig1c,,,,,,,,,,-1.79363030814017,-1.30736093649202,,,,,,<PROJECT_ROOT>/output_TOP100_revision/derived_data/figure_source_data/Figure1_timeseries_line_uncertainty_TOP100.csv
Fig1c,,,,,,,,,,-1.7305099351824,-1.22700752160525,,,,,,<PROJECT_ROOT>/output_TOP100_revision/derived_data/figure_source_data/Figure1_timeseries_line_uncertainty_TOP100.csv
Fig1c,,,,,,,,,,-1.58323057552625,-1.12379309583085,,,,,,<PROJECT_ROOT>/output_TOP100_revision/derived_data/figure_source_data/Figure1_timeseries_line_uncertainty_TOP100.csv
Fig1c,,,,,,,,,,-1.54708683499633,-1.09139747235537,,,,,,<PROJECT_ROOT>/output_TOP100_revision/derived_data/figure_source_data/Figure1_timeseries_line_uncertainty_TOP100.csv
Fig1c,,,,,,,,,,-1.48022199296984,-1.04989593291827,,,,,,<PROJECT_ROOT>/output_TOP100_revision/derived_data/figure_source_data/Figure1_timeseries_line_uncertainty_TOP100.csv
Fig1c,,,,,,,,,,-1.37648692667198,-0.952419616879108,,,,,,<PROJECT_ROOT>/output_TOP100_revision/derived_data/figure_source_data/Figure1_timeseries_line_uncertainty_TOP100.csv
Fig1c,,,,,,,,,,-1.29709671170432,-0.895219003416121,,,,,,<PROJECT_ROOT>/output_TOP100_revision/derived_data/figure_source_data/Figure1_timeseries_line_uncertainty_TOP100.csv
Fig1c,,,,,,,,,,-1.25009923901624,-0.841480697818005,,,,,,<PROJECT_ROOT>/output_TOP100_revision/derived_data/figure_source_data/Figure1_timeseries_line_uncertainty_TOP100.csv
Fig1c,,,,,,,,,,-1.1594776801152,-0.770462763180981,,,,,,<PROJECT_ROOT>/output_TOP100_revision/derived_data/figure_source_data/Figure1_timeseries_line_uncertainty_TOP100.csv
Fig1c,,,,,,,,,,-1.0517852681127,-0.670538843777473,,,,,,<PROJECT_ROOT>/output_TOP100_revision/derived_data/figure_source_data/Figure1_timeseries_line_uncertainty_TOP100.csv
Fig1c,,,,,,,,,,-0.948208197107437,-0.587475973111469,,,,,,<PROJECT_ROOT>/output_TOP100_revision/derived_data/figure_source_data/Figure1_timeseries_line_uncertainty_TOP100.csv
Fig1c,,,,,,,,,,-0.915184504559248,-0.541827859114896,,,,,,<PROJECT_ROOT>/output_TOP100_revision/derived_data/figure_source_data/Figure1_timeseries_line_uncertainty_TOP100.csv
Fig1c,,,,,,,,,,-0.868741244526385,-0.522649307148751,,,,,,<PROJECT_ROOT>/output_TOP100_revision/derived_data/figure_source_data/Figure1_timeseries_line_uncertainty_TOP100.csv
Fig1c,,,,,,,,,,-0.75847805310571,-0.412292492661994,,,,,,<PROJECT_ROOT>/output_TOP100_revision/derived_data/figure_source_data/Figure1_timeseries_line_uncertainty_TOP100.csv
Fig1c,,,,,,,,,,-0.772546710528855,-0.411093422861439,,,,,,<PROJECT_ROOT>/output_TOP100_revision/derived_data/figure_source_data/Figure1_timeseries_line_uncertainty_TOP100.csv
Fig1c,,,,,,,,,,-0.696564881079768,-0.358076402102461,,,,,,<PROJECT_ROOT>/output_TOP100_revision/derived_data/figure_source_data/Figure1_timeseries_line_uncertainty_TOP100.csv
Fig1c,,,,,,,,,,-0.664484310056998,-0.325437183409288,,,,,,<PROJECT_ROOT>/output_TOP100_revision/derived_data/figure_source_data/Figure1_timeseries_line_uncertainty_TOP100.csv
Fig1c,,,,,,,,,,-0.646769387783039,-0.276722549352091,,,,,,<PROJECT_ROOT>/output_TOP100_revision/derived_data/figure_source_data/Figure1_timeseries_line_uncertainty_TOP100.csv
Fig1c,,,,,,,,,,-0.590896753500432,-0.228274582045918,,,,,,<PROJECT_ROOT>/output_TOP100_revision/derived_data/figure_source_data/Figure1_timeseries_line_uncertainty_TOP100.csv
Fig1c,,,,,,,,,,-0.555350494386099,-0.186151137792545,,,,,,<PROJECT_ROOT>/output_TOP100_revision/derived_data/figure_source_data/Figure1_timeseries_line_uncertainty_TOP100.csv
Fig1c,,,,,,,,,,-0.490598219879097,-0.0945643504382837,,,,,,<PROJECT_ROOT>/output_TOP100_revision/derived_data/figure_source_data/Figure1_timeseries_line_uncertainty_TOP100.csv
Fig1c,,,,,,,,,,-0.508031238854932,-0.101136003901067,,,,,,<PROJECT_ROOT>/output_TOP100_revision/derived_data/figure_source_data/Figure1_timeseries_line_uncertainty_TOP100.csv
Fig1c,,,,,,,,,,-0.462412998821629,-0.0313434682378983,,,,,,<PROJECT_ROOT>/output_TOP100_revision/derived_data/figure_source_data/Figure1_timeseries_line_uncertainty_TOP100.csv
Fig1c,,,,,,,,,,-0.329449582666151,0.105355305124581,,,,,,<PROJECT_ROOT>/output_TOP100_revision/derived_data/figure_source_data/Figure1_timeseries_line_uncertainty_TOP100.csv
Fig1c,,,,,,,,,,-0.263081025728554,0.194251066977449,,,,,,<PROJECT_ROOT>/output_TOP100_revision/derived_data/figure_source_data/Figure1_timeseries_line_uncertainty_TOP100.csv
Fig1c,,,,,,,,,,-0.213358279416557,0.236090534778935,,,,,,<PROJECT_ROOT>/output_TOP100_revision/derived_data/figure_source_data/Figure1_timeseries_line_uncertainty_TOP100.csv
Fig1c,,,,,,,,,,-0.210479728686081,0.228818607548979,,,,,,<PROJECT_ROOT>/output_TOP100_revision/derived_data/figure_source_data/Figure1_timeseries_line_uncertainty_TOP100.csv
Fig1c,,,,,,,,,,-0.216977863675012,0.212726596669239,,,,,,<PROJECT_ROOT>/output_TOP100_revision/derived_data/figure_source_data/Figure1_timeseries_line_uncertainty_TOP100.csv
Fig1c,,,,,,,,,,-0.213799550018105,0.2281662730406,,,,,,<PROJECT_ROOT>/output_TOP100_revision/derived_data/figure_source_data/Figure1_timeseries_line_uncertainty_TOP100.csv
Fig1c,,,,,,,,,,-0.165691618111577,0.271605362134484,,,,,,<PROJECT_ROOT>/output_TOP100_revision/derived_data/figure_source_data/Figure1_timeseries_line_uncertainty_TOP100.csv
Fig1c,,,,,,,,,,-0.158930232498865,0.282210712809695,,,,,,<PROJECT_ROOT>/output_TOP100_revision/derived_data/figure_source_data/Figure1_timeseries_line_uncertainty_TOP100.csv
Fig1c,,,,,,,,,,-0.145426081014419,0.28797164798944,,,,,,<PROJECT_ROOT>/output_TOP100_revision/derived_data/figure_source_data/Figure1_timeseries_line_uncertainty_TOP100.csv
Fig1c,,,,,,,,,,-0.133782148547556,0.254535315711686,,,,,,<PROJECT_ROOT>/output_TOP100_revision/derived_data/figure_source_data/Figure1_timeseries_line_uncertainty_TOP100.csv
Fig1c,,,,,,,,,,-0.174495383549799,0.19772878811138,,,,,,<PROJECT_ROOT>/output_TOP100_revision/derived_data/figure_source_data/Figure1_timeseries_line_uncertainty_TOP100.csv
Fig1c,,,,,,,,,,-0.204429109528506,0.137981800339485,,,,,,<PROJECT_ROOT>/output_TOP100_revision/derived_data/figure_source_data/Figure1_timeseries_line_uncertainty_TOP100.csv
Fig1c,,,,,,,,,,-0.247003914184673,0.0924982463142719,,,,,,<PROJECT_ROOT>/output_TOP100_revision/derived_data/figure_source_data/Figure1_timeseries_line_uncertainty_TOP100.csv
Fig1c,,,,,,,,,,-0.203267795702192,0.112266166279542,,,,,,<PROJECT_ROOT>/output_TOP100_revision/derived_data/figure_source_data/Figure1_timeseries_line_uncertainty_TOP100.csv
Fig1c,,,,,,,,,,-0.228341584711038,0.104939676115285,,,,,,<PROJECT_ROOT>/output_TOP100_revision/derived_data/figure_source_data/Figure1_timeseries_line_uncertainty_TOP100.csv
Fig1c,,,,,,,,,,-0.228872118039105,0.0996871280023137,,,,,,<PROJECT_ROOT>/output_TOP100_revision/derived_data/figure_source_data/Figure1_timeseries_line_uncertainty_TOP100.csv
Fig1c,,,,,,,,,,-0.0627578254061304,0.253151792230306,,,,,,<PROJECT_ROOT>/output_TOP100_revision/derived_data/figure_source_data/Figure1_timeseries_line_uncertainty_TOP100.csv
Fig1c,,,,,,,,,,-0.0210288690157567,0.277213859147525,,,,,,<PROJECT_ROOT>/output_TOP100_revision/derived_data/figure_source_data/Figure1_timeseries_line_uncertainty_TOP100.csv
Fig1c,,,,,,,,,,-0.003305659594635,0.300647878034064,,,,,,<PROJECT_ROOT>/output_TOP100_revision/derived_data/figure_source_data/Figure1_timeseries_line_uncertainty_TOP100.csv
Fig1c,,,,,,,,,,-0.0389877015642463,0.291653380039394,,,,,,<PROJECT_ROOT>/output_TOP100_revision/derived_data/figure_source_data/Figure1_timeseries_line_uncertainty_TOP100.csv
Fig1c,,,,,,,,,,-0.0605481940103401,0.275962527761323,,,,,,<PROJECT_ROOT>/output_TOP100_revision/derived_data/figure_source_data/Figure1_timeseries_line_uncertainty_TOP100.csv
Fig1c,,,,,,,,,,-0.144544436566216,0.186278568605006,,,,,,<PROJECT_ROOT>/output_TOP100_revision/derived_data/figure_source_data/Figure1_timeseries_line_uncertainty_TOP100.csv
Fig1c,,,,,,,,,,-0.0804352815623755,0.246814982722381,,,,,,<PROJECT_ROOT>/output_TOP100_revision/derived_data/figure_source_data/Figure1_timeseries_line_uncertainty_TOP100.csv
Fig1c,,,,,,,,,,-0.0667368589739665,0.271775497286016,,,,,,<PROJECT_ROOT>/output_TOP100_revision/derived_data/figure_source_data/Figure1_timeseries_line_uncertainty_TOP100.csv
Fig1c,,,,,,,,,,-0.0726866495628349,0.245960102156742,,,,,,<PROJECT_ROOT>/output_TOP100_revision/derived_data/figure_source_data/Figure1_timeseries_line_uncertainty_TOP100.csv
Fig1c,,,,,,,,,,-0.134703075262332,0.216849050370411,,,,,,<PROJECT_ROOT>/output_TOP100_revision/derived_data/figure_source_data/Figure1_timeseries_line_uncertainty_TOP100.csv
Fig1c,,,,,,,,,,-0.124348028178047,0.242797852383513,,,,,,<PROJECT_ROOT>/output_TOP100_revision/derived_data/figure_source_data/Figure1_timeseries_line_uncertainty_TOP100.csv
Fig1c,,,,,,,,,,-0.170588325883502,0.238755876734764,,,,,,<PROJECT_ROOT>/output_TOP100_revision/derived_data/figure_source_data/Figure1_timeseries_line_uncertainty_TOP100.csv
Fig1c,,,,,,,,,,-0.279751275070333,0.111744469866079,,,,,,<PROJECT_ROOT>/output_TOP100_revision/derived_data/figure_source_data/Figure1_timeseries_line_uncertainty_TOP100.csv
Fig1c,,,,,,,,,,-0.233216734113826,0.147865659488729,,,,,,<PROJECT_ROOT>/output_TOP100_revision/derived_data/figure_source_data/Figure1_timeseries_line_uncertainty_TOP100.csv
Fig1c,,,,,,,,,,-0.222806539849615,0.155583354405569,,,,,,<PROJECT_ROOT>/output_TOP100_revision/derived_data/figure_source_data/Figure1_timeseries_line_uncertainty_TOP100.csv
Fig1c,,,,,,,,,,-0.208792906506941,0.187470383764114,,,,,,<PROJECT_ROOT>/output_TOP100_revision/derived_data/figure_source_data/Figure1_timeseries_line_uncertainty_TOP100.csv
Fig1c,,,,,,,,,,-0.222825601802937,0.165030134763363,,,,,,<PROJECT_ROOT>/output_TOP100_revision/derived_data/figure_source_data/Figure1_timeseries_line_uncertainty_TOP100.csv
Fig1c,,,,,,,,,,-0.189119785384421,0.203489254223839,,,,,,<PROJECT_ROOT>/output_TOP100_revision/derived_data/figure_source_data/Figure1_timeseries_line_uncertainty_TOP100.csv
Fig1c,,,,,,,,,,-0.160029847721835,0.235307146817065,,,,,,<PROJECT_ROOT>/output_TOP100_revision/derived_data/figure_source_data/Figure1_timeseries_line_uncertainty_TOP100.csv
Fig1c,,,,,,,,,,-0.152707845288975,0.231377272603966,,,,,,<PROJECT_ROOT>/output_TOP100_revision/derived_data/figure_source_data/Figure1_timeseries_line_uncertainty_TOP100.csv
Fig1c,,,,,,,,,,-0.127293885148,0.235534103328531,,,,,,<PROJECT_ROOT>/output_TOP100_revision/derived_data/figure_source_data/Figure1_timeseries_line_uncertainty_TOP100.csv
Fig1c,,,,,,,,,,-0.126368609245761,0.230370079412202,,,,,,<PROJECT_ROOT>/output_TOP100_revision/derived_data/figure_source_data/Figure1_timeseries_line_uncertainty_TOP100.csv
Fig1c,,,,,,,,,,-0.154640459755537,0.195694907535583,,,,,,<PROJECT_ROOT>/output_TOP100_revision/derived_data/figure_source_data/Figure1_timeseries_line_uncertainty_TOP100.csv
Fig1c,,,,,,,,,,-0.0775201753511001,0.261363271001344,,,,,,<PROJECT_ROOT>/output_TOP100_revision/derived_data/figure_source_data/Figure1_timeseries_line_uncertainty_TOP100.csv
Fig1c,,,,,,,,,,-0.047899505020117,0.276145305886484,,,,,,<PROJECT_ROOT>/output_TOP100_revision/derived_data/figure_source_data/Figure1_timeseries_line_uncertainty_TOP100.csv
Fig1c,,,,,,,,,,-0.143366864598483,0.192362401377004,,,,,,<PROJECT_ROOT>/output_TOP100_revision/derived_data/figure_source_data/Figure1_timeseries_line_uncertainty_TOP100.csv
Fig1c,,,,,,,,,,-0.198390527260738,0.151236765925202,,,,,,<PROJECT_ROOT>/output_TOP100_revision/derived_data/figure_source_data/Figure1_timeseries_line_uncertainty_TOP100.csv
Fig1c,,,,,,,,,,-0.160888658623043,0.179135297098655,,,,,,<PROJECT_ROOT>/output_TOP100_revision/derived_data/figure_source_data/Figure1_timeseries_line_uncertainty_TOP100.csv
Fig1c,,,,,,,,,,-0.113484364445492,0.241727054221819,,,,,,<PROJECT_ROOT>/output_TOP100_revision/derived_data/figure_source_data/Figure1_timeseries_line_uncertainty_TOP100.csv
Fig1c,,,,,,,,,,-0.0871228883771255,0.27192864555688,,,,,,<PROJECT_ROOT>/output_TOP100_revision/derived_data/figure_source_data/Figure1_timeseries_line_uncertainty_TOP100.csv
Fig1c,,,,,,,,,,-0.110099207040246,0.251537821814997,,,,,,<PROJECT_ROOT>/output_TOP100_revision/derived_data/figure_source_data/Figure1_timeseries_line_uncertainty_TOP100.csv
Fig1c,,,,,,,,,,-0.119357641022602,0.273721285698989,,,,,,<PROJECT_ROOT>/output_TOP100_revision/derived_data/figure_source_data/Figure1_timeseries_line_uncertainty_TOP100.csv
Fig1c,,,,,,,,,,-0.135023564647118,0.244270320951461,,,,,,<PROJECT_ROOT>/output_TOP100_revision/derived_data/figure_source_data/Figure1_timeseries_line_uncertainty_TOP100.csv
Fig1c,,,,,,,,,,-0.188037857890128,0.18288665654171,,,,,,<PROJECT_ROOT>/output_TOP100_revision/derived_data/figure_source_data/Figure1_timeseries_line_uncertainty_TOP100.csv
Fig1c,,,,,,,,,,-0.196006734815103,0.186578398665748,,,,,,<PROJECT_ROOT>/output_TOP100_revision/derived_data/figure_source_data/Figure1_timeseries_line_uncertainty_TOP100.csv
Fig1c,,,,,,,,,,-0.227466016529896,0.152130881404584,,,,,,<PROJECT_ROOT>/output_TOP100_revision/derived_data/figure_source_data/Figure1_timeseries_line_uncertainty_TOP100.csv
Fig1c,,,,,,,,,,-0.207161164416792,0.149845588111112,,,,,,<PROJECT_ROOT>/output_TOP100_revision/derived_data/figure_source_data/Figure1_timeseries_line_uncertainty_TOP100.csv
Fig1c,,,,,,,,,,-0.172420606955489,0.185384863705823,,,,,,<PROJECT_ROOT>/output_TOP100_revision/derived_data/figure_source_data/Figure1_timeseries_line_uncertainty_TOP100.csv
Fig1c,,,,,,,,,,-0.134119471249931,0.216761153261782,,,,,,<PROJECT_ROOT>/output_TOP100_revision/derived_data/figure_source_data/Figure1_timeseries_line_uncertainty_TOP100.csv
Fig1c,,,,,,,,,,-0.0138838644014151,0.340424192577669,,,,,,<PROJECT_ROOT>/output_TOP100_revision/derived_data/figure_source_data/Figure1_timeseries_line_uncertainty_TOP100.csv
Fig1c,,,,,,,,,,0.0008587209901192,0.349844778942056,,,,,,<PROJECT_ROOT>/output_TOP100_revision/derived_data/figure_source_data/Figure1_timeseries_line_uncertainty_TOP100.csv
Fig1c,,,,,,,,,,0.0437376072493585,0.368426838479878,,,,,,<PROJECT_ROOT>/output_TOP100_revision/derived_data/figure_source_data/Figure1_timeseries_line_uncertainty_TOP100.csv
Fig1c,,,,,,,,,,0.0067656777753671,0.347909582854433,,,,,,<PROJECT_ROOT>/output_TOP100_revision/derived_data/figure_source_data/Figure1_timeseries_line_uncertainty_TOP100.csv
Fig1c,,,,,,,,,,0.0297916609078485,0.365293584200241,,,,,,<PROJECT_ROOT>/output_TOP100_revision/derived_data/figure_source_data/Figure1_timeseries_line_uncertainty_TOP100.csv
Fig1c,,,,,,,,,,0.124751860148471,0.453709207263813,,,,,,<PROJECT_ROOT>/output_TOP100_revision/derived_data/figure_source_data/Figure1_timeseries_line_uncertainty_TOP100.csv
Fig1c,,,,,,,,,,0.163746418991973,0.489912419085509,,,,,,<PROJECT_ROOT>/output_TOP100_revision/derived_data/figure_source_data/Figure1_timeseries_line_uncertainty_TOP100.csv
Fig1c,,,,,,,,,,0.184651693165755,0.525762538069964,,,,,,<PROJECT_ROOT>/output_TOP100_revision/derived_data/figure_source_data/Figure1_timeseries_line_uncertainty_TOP100.csv
Fig1c,,,,,,,,,,0.177150263136928,0.54935506525934,,,,,,<PROJECT_ROOT>/output_TOP100_revision/derived_data/figure_source_data/Figure1_timeseries_line_uncertainty_TOP100.csv
Fig1c,,,,,,,,,,0.10687809699647,0.510887173833722,,,,,,<PROJECT_ROOT>/output_TOP100_revision/derived_data/figure_source_data/Figure1_timeseries_line_uncertainty_TOP100.csv
Fig1c,,,,,,,,,,0.100895478885582,0.505896071223877,,,,,,<PROJECT_ROOT>/output_TOP100_revision/derived_data/figure_source_data/Figure1_timeseries_line_uncertainty_TOP100.csv
Fig1c,,,,,,,,,,-0.0087470018915185,0.407299458858326,,,,,,<PROJECT_ROOT>/output_TOP100_revision/derived_data/figure_source_data/Figure1_timeseries_line_uncertainty_TOP100.csv
Fig1c,,,,,,,,,,-0.106994544944773,0.282304171236272,,,,,,<PROJECT_ROOT>/output_TOP100_revision/derived_data/figure_source_data/Figure1_timeseries_line_uncertainty_TOP100.csv
Fig1c,,,,,,,,,,-0.22053590073778,0.203870065525956,,,,,,<PROJECT_ROOT>/output_TOP100_revision/derived_data/figure_source_data/Figure1_timeseries_line_uncertainty_TOP100.csv
Fig1c,,,,,,,,,,-0.22299954328143,0.18962544476091,,,,,,<PROJECT_ROOT>/output_TOP100_revision/derived_data/figure_source_data/Figure1_timeseries_line_uncertainty_TOP100.csv
Fig1c,,,,,,,,,,-0.186316804428054,0.206853565559039,,,,,,<PROJECT_ROOT>/output_TOP100_revision/derived_data/figure_source_data/Figure1_timeseries_line_uncertainty_TOP100.csv
Fig1c,,,,,,,,,,-0.205880839069592,0.206461865141204,,,,,,<PROJECT_ROOT>/output_TOP100_revision/derived_data/figure_source_data/Figure1_timeseries_line_uncertainty_TOP100.csv
Fig1c,,,,,,,,,,-0.295713837818505,0.121636618796462,,,,,,<PROJECT_ROOT>/output_TOP100_revision/derived_data/figure_source_data/Figure1_timeseries_line_uncertainty_TOP100.csv
Fig1c,,,,,,,,,,-0.23850832942837,0.184515131820799,,,,,,<PROJECT_ROOT>/output_TOP100_revision/derived_data/figure_source_data/Figure1_timeseries_line_uncertainty_TOP100.csv
Fig1c,,,,,,,,,,-0.227027327298426,0.219286090698209,,,,,,<PROJECT_ROOT>/output_TOP100_revision/derived_data/figure_source_data/Figure1_timeseries_line_uncertainty_TOP100.csv
Fig1c,,,,,,,,,,-0.137561288863256,0.285342102017305,,,,,,<PROJECT_ROOT>/output_TOP100_revision/derived_data/figure_source_data/Figure1_timeseries_line_uncertainty_TOP100.csv
Fig1c,,,,,,,,,,0.0033199461970525,0.417765291995954,,,,,,<PROJECT_ROOT>/output_TOP100_revision/derived_data/figure_source_data/Figure1_timeseries_line_uncertainty_TOP100.csv
Fig1c,,,,,,,,,,-0.0294840365414141,0.406127128656242,,,,,,<PROJECT_ROOT>/output_TOP100_revision/derived_data/figure_source_data/Figure1_timeseries_line_uncertainty_TOP100.csv
Fig1c,,,,,,,,,,0.086533247628775,0.497366067474234,,,,,,<PROJECT_ROOT>/output_TOP100_revision/derived_data/figure_source_data/Figure1_timeseries_line_uncertainty_TOP100.csv
Fig1c,,,,,,,,,,0.143460014203522,0.556704716911773,,,,,,<PROJECT_ROOT>/output_TOP100_revision/derived_data/figure_source_data/Figure1_timeseries_line_uncertainty_TOP100.csv
Fig1c,,,,,,,,,,0.267337516221382,0.672828040694048,,,,,,<PROJECT_ROOT>/output_TOP100_revision/derived_data/figure_source_data/Figure1_timeseries_line_uncertainty_TOP100.csv
Fig1c,,,,,,,,,,0.283608777672406,0.662548381662511,,,,,,<PROJECT_ROOT>/output_TOP100_revision/derived_data/figure_source_data/Figure1_timeseries_line_uncertainty_TOP100.csv
Fig1c,,,,,,,,,,0.374337054704743,0.757546427625951,,,,,,<PROJECT_ROOT>/output_TOP100_revision/derived_data/figure_source_data/Figure1_timeseries_line_uncertainty_TOP100.csv
Fig1c,,,,,,,,,,0.439705754019652,0.822138804287673,,,,,,<PROJECT_ROOT>/output_TOP100_revision/derived_data/figure_source_data/Figure1_timeseries_line_uncertainty_TOP100.csv
Fig1c,,,,,,,,,,0.566959971636937,0.905639751801752,,,,,,<PROJECT_ROOT>/output_TOP100_revision/derived_data/figure_source_data/Figure1_timeseries_line_uncertainty_TOP100.csv
Fig1c,,,,,,,,,,0.588209078878691,0.921567832689571,,,,,,<PROJECT_ROOT>/output_TOP100_revision/derived_data/figure_source_data/Figure1_timeseries_line_uncertainty_TOP100.csv
Fig1c,,,,,,,,,,0.590212442902897,0.917674441888012,,,,,,<PROJECT_ROOT>/output_TOP100_revision/derived_data/figure_source_data/Figure1_timeseries_line_uncertainty_TOP100.csv
Fig1c,,,,,,,,,,0.620084708990325,0.943688765951402,,,,,,<PROJECT_ROOT>/output_TOP100_revision/derived_data/figure_source_data/Figure1_timeseries_line_uncertainty_TOP100.csv
Fig1c,,,,,,,,,,0.572662797319509,0.95296651745203,,,,,,<PROJECT_ROOT>/output_TOP100_revision/derived_data/figure_source_data/Figure1_timeseries_line_uncertainty_TOP100.csv
Fig1c,,,,,,,,,,0.638098829542081,1.06403097875769,,,,,,<PROJECT_ROOT>/output_TOP100_revision/derived_data/figure_source_data/Figure1_timeseries_line_uncertainty_TOP100.csv
Fig1c,,,,,,,,,,0.70227861347484,1.13246208564855,,,,,,<PROJECT_ROOT>/output_TOP100_revision/derived_data/figure_source_data/Figure1_timeseries_line_uncertainty_TOP100.csv
Fig1c,,,,,,,,,,0.819542153914873,1.24675319566613,,,,,,<PROJECT_ROOT>/output_TOP100_revision/derived_data/figure_source_data/Figure1_timeseries_line_uncertainty_TOP100.csv
Fig1c,,,,,,,,,,0.887613459231194,1.31210214432656,,,,,,<PROJECT_ROOT>/output_TOP100_revision/derived_data/figure_source_data/Figure1_timeseries_line_uncertainty_TOP100.csv
Fig1c,,,,,,,,,,0.986261466447091,1.43111854780316,,,,,,<PROJECT_ROOT>/output_TOP100_revision/derived_data/figure_source_data/Figure1_timeseries_line_uncertainty_TOP100.csv
Fig1c,,,,,,,,,,0.989421483277749,1.45726079592823,,,,,,<PROJECT_ROOT>/output_TOP100_revision/derived_data/figure_source_data/Figure1_timeseries_line_uncertainty_TOP100.csv
Fig1c,,,,,,,,,,0.985450367456475,1.49828448377825,,,,,,<PROJECT_ROOT>/output_TOP100_revision/derived_data/figure_source_data/Figure1_timeseries_line_uncertainty_TOP100.csv
Fig1c,,,,,,,,,,0.889231742286253,1.45129641617131,,,,,,<PROJECT_ROOT>/output_TOP100_revision/derived_data/figure_source_data/Figure1_timeseries_line_uncertainty_TOP100.csv
Fig1c,,,,,,,,,,0.913761723754503,1.48701749919501,,,,,,<PROJECT_ROOT>/output_TOP100_revision/derived_data/figure_source_data/Figure1_timeseries_line_uncertainty_TOP100.csv
Fig1c,,,,,,,,,,0.901920908978638,1.51812170127165,,,,,,<PROJECT_ROOT>/output_TOP100_revision/derived_data/figure_source_data/Figure1_timeseries_line_uncertainty_TOP100.csv
Fig1c,,,,,,,,,,0.709334918228897,1.36388264541554,,,,,,<PROJECT_ROOT>/output_TOP100_revision/derived_data/figure_source_data/Figure1_timeseries_line_uncertainty_TOP100.csv
Fig1c,,,,,,,,,,0.54133121960367,1.25114083115076,,,,,,<PROJECT_ROOT>/output_TOP100_revision/derived_data/figure_source_data/Figure1_timeseries_line_uncertainty_TOP100.csv
Fig1c,,,,,,,,,,0.449085305493612,1.19367990101865,,,,,,<PROJECT_ROOT>/output_TOP100_revision/derived_data/figure_source_data/Figure1_timeseries_line_uncertainty_TOP100.csv
Fig1c,,,,,,,,,,0.464356971226385,1.19943033120859,,,,,,<PROJECT_ROOT>/output_TOP100_revision/derived_data/figure_source_data/Figure1_timeseries_line_uncertainty_TOP100.csv
Fig1c,,,,,,,,,,0.371638835710728,1.07129843473652,,,,,,<PROJECT_ROOT>/output_TOP100_revision/derived_data/figure_source_data/Figure1_timeseries_line_uncertainty_TOP100.csv
Fig1c,,,,,,,,,,0.285478735790933,0.96610551674939,,,,,,<PROJECT_ROOT>/output_TOP100_revision/derived_data/figure_source_data/Figure1_timeseries_line_uncertainty_TOP100.csv
Fig1c,,,,,,,,,,0.193164890104213,0.834216637936146,,,,,,<PROJECT_ROOT>/output_TOP100_revision/derived_data/figure_source_data/Figure1_timeseries_line_uncertainty_TOP100.csv
Fig1c,,,,,,,,,,0.0831971058791526,0.711007729367342,,,,,,<PROJECT_ROOT>/output_TOP100_revision/derived_data/figure_source_data/Figure1_timeseries_line_uncertainty_TOP100.csv
Fig1c,,,,,,,,,,0.0019848622672635,0.602120365377394,,,,,,<PROJECT_ROOT>/output_TOP100_revision/derived_data/figure_source_data/Figure1_timeseries_line_uncertainty_TOP100.csv
Fig1c,,,,,,,,,,-0.0220590718614882,0.561473355246388,,,,,,<PROJECT_ROOT>/output_TOP100_revision/derived_data/figure_source_data/Figure1_timeseries_line_uncertainty_TOP100.csv
Fig1c,,,,,,,,,,-0.0745618363340967,0.46893384174041,,,,,,<PROJECT_ROOT>/output_TOP100_revision/derived_data/figure_source_data/Figure1_timeseries_line_uncertainty_TOP100.csv
Fig1c,,,,,,,,,,-0.141979012668234,0.38173182031014,,,,,,<PROJECT_ROOT>/output_TOP100_revision/derived_data/figure_source_data/Figure1_timeseries_line_uncertainty_TOP100.csv
Fig1c,,,,,,,,,,-0.0254178346573195,0.470177990335337,,,,,,<PROJECT_ROOT>/output_TOP100_revision/derived_data/figure_source_data/Figure1_timeseries_line_uncertainty_TOP100.csv
Fig1c,,,,,,,,,,0.10320215583537,0.588593278372328,,,,,,<PROJECT_ROOT>/output_TOP100_revision/derived_data/figure_source_data/Figure1_timeseries_line_uncertainty_TOP100.csv
Fig1c,,,,,,,,,,0.235216389385074,0.686659500701872,,,,,,<PROJECT_ROOT>/output_TOP100_revision/derived_data/figure_source_data/Figure1_timeseries_line_uncertainty_TOP100.csv
Fig1c,,,,,,,,,,0.194460809814337,0.653461167187281,,,,,,<PROJECT_ROOT>/output_TOP100_revision/derived_data/figure_source_data/Figure1_timeseries_line_uncertainty_TOP100.csv
Fig1c,,,,,,,,,,0.218065965457516,0.663846167989824,,,,,,<PROJECT_ROOT>/output_TOP100_revision/derived_data/figure_source_data/Figure1_timeseries_line_uncertainty_TOP100.csv
Fig1c,,,,,,,,,,0.273494476688336,0.699467142846928,,,,,,<PROJECT_ROOT>/output_TOP100_revision/derived_data/figure_source_data/Figure1_timeseries_line_uncertainty_TOP100.csv
Fig1c,,,,,,,,,,0.351374335909047,0.770308768853179,,,,,,<PROJECT_ROOT>/output_TOP100_revision/derived_data/figure_source_data/Figure1_timeseries_line_uncertainty_TOP100.csv
Fig1c,,,,,,,,,,0.418583812375639,0.827530068544847,,,,,,<PROJECT_ROOT>/output_TOP100_revision/derived_data/figure_source_data/Figure1_timeseries_line_uncertainty_TOP100.csv
Fig1c,,,,,,,,,,0.486897796254129,0.893819787486561,,,,,,<PROJECT_ROOT>/output_TOP100_revision/derived_data/figure_source_data/Figure1_timeseries_line_uncertainty_TOP100.csv
Fig1c,,,,,,,,,,0.562451552706319,0.95207282765664,,,,,,<PROJECT_ROOT>/output_TOP100_revision/derived_data/figure_source_data/Figure1_timeseries_line_uncertainty_TOP100.csv
Fig1c,,,,,,,,,,0.670029974484836,1.01800104914235,,,,,,<PROJECT_ROOT>/output_TOP100_revision/derived_data/figure_source_data/Figure1_timeseries_line_uncertainty_TOP100.csv
Fig1c,,,,,,,,,,0.815573705224558,1.14663127592388,,,,,,<PROJECT_ROOT>/output_TOP100_revision/derived_data/figure_source_data/Figure1_timeseries_line_uncertainty_TOP100.csv
Fig1c,,,,,,,,,,0.844931241212077,1.17174666275102,,,,,,<PROJECT_ROOT>/output_TOP100_revision/derived_data/figure_source_data/Figure1_timeseries_line_uncertainty_TOP100.csv
Fig1c,,,,,,,,,,0.927362677534765,1.24699514357157,,,,,,<PROJECT_ROOT>/output_TOP100_revision/derived_data/figure_source_data/Figure1_timeseries_line_uncertainty_TOP100.csv
Fig1c,,,,,,,,,,0.866706331241205,1.18584529455975,,,,,,<PROJECT_ROOT>/output_TOP100_revision/derived_data/figure_source_data/Figure1_timeseries_line_uncertainty_TOP100.csv
Fig1c,,,,,,,,,,0.847993931249227,1.17720337694779,,,,,,<PROJECT_ROOT>/output_TOP100_revision/derived_data/figure_source_data/Figure1_timeseries_line_uncertainty_TOP100.csv
Fig1c,,,,,,,,,,0.834196106789879,1.17115713688217,,,,,,<PROJECT_ROOT>/output_TOP100_revision/derived_data/figure_source_data/Figure1_timeseries_line_uncertainty_TOP100.csv
Fig1c,,,,,,,,,,0.869219102888003,1.20676496647445,,,,,,<PROJECT_ROOT>/output_TOP100_revision/derived_data/figure_source_data/Figure1_timeseries_line_uncertainty_TOP100.csv
Fig1c,,,,,,,,,,0.770050730904141,1.1180490822481,,,,,,<PROJECT_ROOT>/output_TOP100_revision/derived_data/figure_source_data/Figure1_timeseries_line_uncertainty_TOP100.csv
Fig1c,,,,,,,,,,0.752982391660089,1.079987219066,,,,,,<PROJECT_ROOT>/output_TOP100_revision/derived_data/figure_source_data/Figure1_timeseries_line_uncertainty_TOP100.csv
Fig1c,,,,,,,,,,0.771803679697955,1.09493661429272,,,,,,<PROJECT_ROOT>/output_TOP100_revision/derived_data/figure_source_data/Figure1_timeseries_line_uncertainty_TOP100.csv
Fig1c,,,,,,,,,,0.744472906880783,1.05399538191376,,,,,,<PROJECT_ROOT>/output_TOP100_revision/derived_data/figure_source_data/Figure1_timeseries_line_uncertainty_TOP100.csv
Fig1c,,,,,,,,,,0.650524119787436,0.975948600276795,,,,,,<PROJECT_ROOT>/output_TOP100_revision/derived_data/figure_source_data/Figure1_timeseries_line_uncertainty_TOP100.csv
Fig1c,,,,,,,,,,0.585695810961153,0.924720898600439,,,,,,<PROJECT_ROOT>/output_TOP100_revision/derived_data/figure_source_data/Figure1_timeseries_line_uncertainty_TOP100.csv
Fig1c,,,,,,,,,,0.497358253691279,0.850640218355528,,,,,,<PROJECT_ROOT>/output_TOP100_revision/derived_data/figure_source_data/Figure1_timeseries_line_uncertainty_TOP100.csv
Fig1c,,,,,,,,,,0.387300692742972,0.717069526128437,,,,,,<PROJECT_ROOT>/output_TOP100_revision/derived_data/figure_source_data/Figure1_timeseries_line_uncertainty_TOP100.csv
Fig1c,,,,,,,,,,0.371364681645585,0.69337725947148,,,,,,<PROJECT_ROOT>/output_TOP100_revision/derived_data/figure_source_data/Figure1_timeseries_line_uncertainty_TOP100.csv
Fig1c,,,,,,,,,,0.388694727156369,0.693725200296057,,,,,,<PROJECT_ROOT>/output_TOP100_revision/derived_data/figure_source_data/Figure1_timeseries_line_uncertainty_TOP100.csv
Fig1c,,,,,,,,,,0.408781048069591,0.6936944818575,,,,,,<PROJECT_ROOT>/output_TOP100_revision/derived_data/figure_source_data/Figure1_timeseries_line_uncertainty_TOP100.csv
Fig1c,,,,,,,,,,0.35292372556651,0.633800485192573,,,,,,<PROJECT_ROOT>/output_TOP100_revision/derived_data/figure_source_data/Figure1_timeseries_line_uncertainty_TOP100.csv
Fig1c,,,,,,,,,,0.431651487212854,0.728427687839735,,,,,,<PROJECT_ROOT>/output_TOP100_revision/derived_data/figure_source_data/Figure1_timeseries_line_uncertainty_TOP100.csv
Fig1c,,,,,,,,,,0.384034631325165,0.711372695460512,,,,,,<PROJECT_ROOT>/output_TOP100_revision/derived_data/figure_source_data/Figure1_timeseries_line_uncertainty_TOP100.csv
Fig1c,,,,,,,,,,0.408584420459047,0.744452272813608,,,,,,<PROJECT_ROOT>/output_TOP100_revision/derived_data/figure_source_data/Figure1_timeseries_line_uncertainty_TOP100.csv
Fig1c,,,,,,,,,,0.464004688596944,0.806418834776854,,,,,,<PROJECT_ROOT>/output_TOP100_revision/derived_data/figure_source_data/Figure1_timeseries_line_uncertainty_TOP100.csv
Fig1c,,,,,,,,,,0.540702081507525,0.87683194413195,,,,,,<PROJECT_ROOT>/output_TOP100_revision/derived_data/figure_source_data/Figure1_timeseries_line_uncertainty_TOP100.csv
Fig1c,,,,,,,,,,0.546733093185142,0.868373450050125,,,,,,<PROJECT_ROOT>/output_TOP100_revision/derived_data/figure_source_data/Figure1_timeseries_line_uncertainty_TOP100.csv
Fig1c,,,,,,,,,,0.652801502783108,0.982948942335381,,,,,,<PROJECT_ROOT>/output_TOP100_revision/derived_data/figure_source_data/Figure1_timeseries_line_uncertainty_TOP100.csv
Fig1c,,,,,,,,,,0.69998534207484,1.02262729942842,,,,,,<PROJECT_ROOT>/output_TOP100_revision/derived_data/figure_source_data/Figure1_timeseries_line_uncertainty_TOP100.csv
Fig1c,,,,,,,,,,0.717495305599152,1.04759063334644,,,,,,<PROJECT_ROOT>/output_TOP100_revision/derived_data/figure_source_data/Figure1_timeseries_line_uncertainty_TOP100.csv
Fig1c,,,,,,,,,,0.759689432829708,1.10693633885052,,,,,,<PROJECT_ROOT>/output_TOP100_revision/derived_data/figure_source_data/Figure1_timeseries_line_uncertainty_TOP100.csv
Fig1c,,,,,,,,,,0.780090938595582,1.12301496432028,,,,,,<PROJECT_ROOT>/output_TOP100_revision/derived_data/figure_source_data/Figure1_timeseries_line_uncertainty_TOP100.csv
Fig1c,,,,,,,,,,0.83696889492675,1.19817853816806,,,,,,<PROJECT_ROOT>/output_TOP100_revision/derived_data/figure_source_data/Figure1_timeseries_line_uncertainty_TOP100.csv
Fig1c,,,,,,,,,,0.904223749480874,1.29464015596971,,,,,,<PROJECT_ROOT>/output_TOP100_revision/derived_data/figure_source_data/Figure1_timeseries_line_uncertainty_TOP100.csv
Fig1c,,,,,,,,,,0.981974661866501,1.41145721507537,,,,,,<PROJECT_ROOT>/output_TOP100_revision/derived_data/figure_source_data/Figure1_timeseries_line_uncertainty_TOP100.csv
Fig1c,,,,,,,,,,1.04076957396951,1.50571964326803,,,,,,<PROJECT_ROOT>/output_TOP100_revision/derived_data/figure_source_data/Figure1_timeseries_line_uncertainty_TOP100.csv
Fig1c,,,,,,,,,,1.08300393150502,1.57557276337485,,,,,,<PROJECT_ROOT>/output_TOP100_revision/derived_data/figure_source_data/Figure1_timeseries_line_uncertainty_TOP100.csv
Fig1c,,,,,,,,,,1.10193780992354,1.65059675785495,,,,,,<PROJECT_ROOT>/output_TOP100_revision/derived_data/figure_source_data/Figure1_timeseries_line_uncertainty_TOP100.csv
Fig1c,,,,,,,,,,1.14157274643488,1.76791579537773,,,,,,<PROJECT_ROOT>/output_TOP100_revision/derived_data/figure_source_data/Figure1_timeseries_line_uncertainty_TOP100.csv
Fig1c,,,,,,,,,,1.19870532273226,1.88689648607626,,,,,,<PROJECT_ROOT>/output_TOP100_revision/derived_data/figure_source_data/Figure1_timeseries_line_uncertainty_TOP100.csv
Fig1c,,,,,,,,,,1.25818885261945,1.95983578455862,,,,,,<PROJECT_ROOT>/output_TOP100_revision/derived_data/figure_source_data/Figure1_timeseries_line_uncertainty_TOP100.csv
Fig1c,,,,,,,,,,1.31944075619348,2.03793166574271,,,,,,<PROJECT_ROOT>/output_TOP100_revision/derived_data/figure_source_data/Figure1_timeseries_line_uncertainty_TOP100.csv
Fig1c,,,,,,,,,,1.35959425386221,2.06918821871325,,,,,,<PROJECT_ROOT>/output_TOP100_revision/derived_data/figure_source_data/Figure1_timeseries_line_uncertainty_TOP100.csv
Fig1c,,,,,,,,,,1.45819182741205,2.16171676761754,,,,,,<PROJECT_ROOT>/output_TOP100_revision/derived_data/figure_source_data/Figure1_timeseries_line_uncertainty_TOP100.csv
Fig1c,,,,,,,,,,1.44543539100474,2.11395527340057,,,,,,<PROJECT_ROOT>/output_TOP100_revision/derived_data/figure_source_data/Figure1_timeseries_line_uncertainty_TOP100.csv
Fig1c,,,,,,,,,,1.42485145148785,2.04048533508336,,,,,,<PROJECT_ROOT>/output_TOP100_revision/derived_data/figure_source_data/Figure1_timeseries_line_uncertainty_TOP100.csv
Fig1c,,,,,,,,,,1.46426050268974,2.01913061608484,,,,,,<PROJECT_ROOT>/output_TOP100_revision/derived_data/figure_source_data/Figure1_timeseries_line_uncertainty_TOP100.csv
Fig1c,,,,,,,,,,1.34759553515856,1.87012960362222,,,,,,<PROJECT_ROOT>/output_TOP100_revision/derived_data/figure_source_data/Figure1_timeseries_line_uncertainty_TOP100.csv
Fig1c,,,,,,,,,,1.33269366017511,1.79621570545973,,,,,,<PROJECT_ROOT>/output_TOP100_revision/derived_data/figure_source_data/Figure1_timeseries_line_uncertainty_TOP100.csv
Fig1c,,,,,,,,,,1.28277697898217,1.69776275350809,,,,,,<PROJECT_ROOT>/output_TOP100_revision/derived_data/figure_source_data/Figure1_timeseries_line_uncertainty_TOP100.csv
Fig1c,,,,,,,,,,1.19517604614344,1.60698051209572,,,,,,<PROJECT_ROOT>/output_TOP100_revision/derived_data/figure_source_data/Figure1_timeseries_line_uncertainty_TOP100.csv
Fig1c,,,,,,,,,,1.0313717960844,1.47651814650553,,,,,,<PROJECT_ROOT>/output_TOP100_revision/derived_data/figure_source_data/Figure1_timeseries_line_uncertainty_TOP100.csv
Fig1c,,,,,,,,,,0.869749433684722,1.34875932058846,,,,,,<PROJECT_ROOT>/output_TOP100_revision/derived_data/figure_source_data/Figure1_timeseries_line_uncertainty_TOP100.csv
Fig1c,,,,,,,,,,0.784598467091922,1.28281949190229,,,,,,<PROJECT_ROOT>/output_TOP100_revision/derived_data/figure_source_data/Figure1_timeseries_line_uncertainty_TOP100.csv
Fig1c,,,,,,,,,,0.729333697184267,1.20127877161598,,,,,,<PROJECT_ROOT>/output_TOP100_revision/derived_data/figure_source_data/Figure1_timeseries_line_uncertainty_TOP100.csv
Fig1c,,,,,,,,,,0.606870436325104,1.07965137396382,,,,,,<PROJECT_ROOT>/output_TOP100_revision/derived_data/figure_source_data/Figure1_timeseries_line_uncertainty_TOP100.csv
Fig1c,,,,,,,,,,0.519669501456672,1.00736167651745,,,,,,<PROJECT_ROOT>/output_TOP100_revision/derived_data/figure_source_data/Figure1_timeseries_line_uncertainty_TOP100.csv
Fig1c,,,,,,,,,,0.526542477564422,0.992507774300185,,,,,,<PROJECT_ROOT>/output_TOP100_revision/derived_data/figure_source_data/Figure1_timeseries_line_uncertainty_TOP100.csv
Fig1c,,,,,,,,,,0.56228780647434,1.01064140019204,,,,,,<PROJECT_ROOT>/output_TOP100_revision/derived_data/figure_source_data/Figure1_timeseries_line_uncertainty_TOP100.csv
Fig1c,,,,,,,,,,0.667052136670953,1.10397999222974,,,,,,<PROJECT_ROOT>/output_TOP100_revision/derived_data/figure_source_data/Figure1_timeseries_line_uncertainty_TOP100.csv
Fig1c,,,,,,,,,,0.654728307813475,1.09152566491093,,,,,,<PROJECT_ROOT>/output_TOP100_revision/derived_data/figure_source_data/Figure1_timeseries_line_uncertainty_TOP100.csv
Fig1c,,,,,,,,,,0.69421521625214,1.11442159468982,,,,,,<PROJECT_ROOT>/output_TOP100_revision/derived_data/figure_source_data/Figure1_timeseries_line_uncertainty_TOP100.csv
Fig1c,,,,,,,,,,0.690029485702159,1.10856874992376,,,,,,<PROJECT_ROOT>/output_TOP100_revision/derived_data/figure_source_data/Figure1_timeseries_line_uncertainty_TOP100.csv
Fig1c,,,,,,,,,,0.751712980471011,1.14963212238773,,,,,,<PROJECT_ROOT>/output_TOP100_revision/derived_data/figure_source_data/Figure1_timeseries_line_uncertainty_TOP100.csv
Fig1c,,,,,,,,,,0.752436823813416,1.1185410992674,,,,,,<PROJECT_ROOT>/output_TOP100_revision/derived_data/figure_source_data/Figure1_timeseries_line_uncertainty_TOP100.csv
Fig1c,,,,,,,,,,0.740175440539728,1.13667061691364,,,,,,<PROJECT_ROOT>/output_TOP100_revision/derived_data/figure_source_data/Figure1_timeseries_line_uncertainty_TOP100.csv
Fig1c,,,,,,,,,,0.699796543235099,1.11891816618451,,,,,,<PROJECT_ROOT>/output_TOP100_revision/derived_data/figure_source_data/Figure1_timeseries_line_uncertainty_TOP100.csv
Fig1c,,,,,,,,,,0.686290941473466,1.12822451713449,,,,,,<PROJECT_ROOT>/output_TOP100_revision/derived_data/figure_source_data/Figure1_timeseries_line_uncertainty_TOP100.csv
Fig1c,,,,,,,,,,0.727068757576385,1.18215962185261,,,,,,<PROJECT_ROOT>/output_TOP100_revision/derived_data/figure_source_data/Figure1_timeseries_line_uncertainty_TOP100.csv
Fig1c,,,,,,,,,,0.645291416997474,1.13144798639043,,,,,,<PROJECT_ROOT>/output_TOP100_revision/derived_data/figure_source_data/Figure1_timeseries_line_uncertainty_TOP100.csv
Fig1c,,,,,,,,,,0.532672156965746,1.02004106045714,,,,,,<PROJECT_ROOT>/output_TOP100_revision/derived_data/figure_source_data/Figure1_timeseries_line_uncertainty_TOP100.csv
Fig1c,,,,,,,,,,0.475196593320822,0.957875645202546,,,,,,<PROJECT_ROOT>/output_TOP100_revision/derived_data/figure_source_data/Figure1_timeseries_line_uncertainty_TOP100.csv
Fig1c,,,,,,,,,,0.463103417461903,0.938171244001429,,,,,,<PROJECT_ROOT>/output_TOP100_revision/derived_data/figure_source_data/Figure1_timeseries_line_uncertainty_TOP100.csv
Fig1c,,,,,,,,,,0.424327113149094,0.888187757206741,,,,,,<PROJECT_ROOT>/output_TOP100_revision/derived_data/figure_source_data/Figure1_timeseries_line_uncertainty_TOP100.csv
Fig1c,,,,,,,,,,0.509547695114083,0.944604305855289,,,,,,<PROJECT_ROOT>/output_TOP100_revision/derived_data/figure_source_data/Figure1_timeseries_line_uncertainty_TOP100.csv
Fig1c,,,,,,,,,,0.535683867404614,0.990886433831697,,,,,,<PROJECT_ROOT>/output_TOP100_revision/derived_data/figure_source_data/Figure1_timeseries_line_uncertainty_TOP100.csv
Fig1c,,,,,,,,,,0.537072973740697,0.974842563500296,,,,,,<PROJECT_ROOT>/output_TOP100_revision/derived_data/figure_source_data/Figure1_timeseries_line_uncertainty_TOP100.csv
Fig1c,,,,,,,,,,0.507996017837735,0.926148774628476,,,,,,<PROJECT_ROOT>/output_TOP100_revision/derived_data/figure_source_data/Figure1_timeseries_line_uncertainty_TOP100.csv
Fig1c,,,,,,,,,,0.538518618481372,0.966584143475017,,,,,,<PROJECT_ROOT>/output_TOP100_revision/derived_data/figure_source_data/Figure1_timeseries_line_uncertainty_TOP100.csv
Fig1c,,,,,,,,,,0.597930468168976,1.01951186213869,,,,,,<PROJECT_ROOT>/output_TOP100_revision/derived_data/figure_source_data/Figure1_timeseries_line_uncertainty_TOP100.csv
Fig1c,,,,,,,,,,0.551260315178385,0.984071327277279,,,,,,<PROJECT_ROOT>/output_TOP100_revision/derived_data/figure_source_data/Figure1_timeseries_line_uncertainty_TOP100.csv
Fig1c,,,,,,,,,,0.54187454734485,0.991544977412937,,,,,,<PROJECT_ROOT>/output_TOP100_revision/derived_data/figure_source_data/Figure1_timeseries_line_uncertainty_TOP100.csv
Fig1c,,,,,,,,,,0.645241329361759,1.08570993240989,,,,,,<PROJECT_ROOT>/output_TOP100_revision/derived_data/figure_source_data/Figure1_timeseries_line_uncertainty_TOP100.csv
Fig1c,,,,,,,,,,0.656374032869,1.09962993260089,,,,,,<PROJECT_ROOT>/output_TOP100_revision/derived_data/figure_source_data/Figure1_timeseries_line_uncertainty_TOP100.csv
Fig1c,,,,,,,,,,0.642781082492871,1.11582838400319,,,,,,<PROJECT_ROOT>/output_TOP100_revision/derived_data/figure_source_data/Figure1_timeseries_line_uncertainty_TOP100.csv
Fig1c,,,,,,,,,,0.642147523096009,1.12852800399919,,,,,,<PROJECT_ROOT>/output_TOP100_revision/derived_data/figure_source_data/Figure1_timeseries_line_uncertainty_TOP100.csv
Fig1c,,,,,,,,,,0.629855171021685,1.14518978396878,,,,,,<PROJECT_ROOT>/output_TOP100_revision/derived_data/figure_source_data/Figure1_timeseries_line_uncertainty_TOP100.csv
Fig1c,,,,,,,,,,0.626733198091034,1.11318521362035,,,,,,<PROJECT_ROOT>/output_TOP100_revision/derived_data/figure_source_data/Figure1_timeseries_line_uncertainty_TOP100.csv
Fig1c,,,,,,,,,,0.682163899067014,1.17817832654942,,,,,,<PROJECT_ROOT>/output_TOP100_revision/derived_data/figure_source_data/Figure1_timeseries_line_uncertainty_TOP100.csv
Fig1c,,,,,,,,,,0.751130060077049,1.26528165752261,,,,,,<PROJECT_ROOT>/output_TOP100_revision/derived_data/figure_source_data/Figure1_timeseries_line_uncertainty_TOP100.csv
Fig1c,,,,,,,,,,0.799201649012415,1.27372957132619,,,,,,<PROJECT_ROOT>/output_TOP100_revision/derived_data/figure_source_data/Figure1_timeseries_line_uncertainty_TOP100.csv
Fig1c,,,,,,,,,,0.727574765773443,1.20918296838072,,,,,,<PROJECT_ROOT>/output_TOP100_revision/derived_data/figure_source_data/Figure1_timeseries_line_uncertainty_TOP100.csv
Fig1c,,,,,,,,,,0.7467726892857,1.24883919850564,,,,,,<PROJECT_ROOT>/output_TOP100_revision/derived_data/figure_source_data/Figure1_timeseries_line_uncertainty_TOP100.csv
Fig1c,,,,,,,,,,0.779425185081672,1.2596429762826,,,,,,<PROJECT_ROOT>/output_TOP100_revision/derived_data/figure_source_data/Figure1_timeseries_line_uncertainty_TOP100.csv
Fig1c,,,,,,,,,,0.740360518181494,1.21634795406971,,,,,,<PROJECT_ROOT>/output_TOP100_revision/derived_data/figure_source_data/Figure1_timeseries_line_uncertainty_TOP100.csv
Fig1c,,,,,,,,,,0.843350643407396,1.27881108561475,,,,,,<PROJECT_ROOT>/output_TOP100_revision/derived_data/figure_source_data/Figure1_timeseries_line_uncertainty_TOP100.csv
Fig1c,,,,,,,,,,0.866832663684385,1.28695074074122,,,,,,<PROJECT_ROOT>/output_TOP100_revision/derived_data/figure_source_data/Figure1_timeseries_line_uncertainty_TOP100.csv
Fig1c,,,,,,,,,,0.838723472909387,1.25565463895515,,,,,,<PROJECT_ROOT>/output_TOP100_revision/derived_data/figure_source_data/Figure1_timeseries_line_uncertainty_TOP100.csv
Fig1c,,,,,,,,,,0.755225837782426,1.19332126518181,,,,,,<PROJECT_ROOT>/output_TOP100_revision/derived_data/figure_source_data/Figure1_timeseries_line_uncertainty_TOP100.csv
Fig1c,,,,,,,,,,0.73863288177418,1.17478612734776,,,,,,<PROJECT_ROOT>/output_TOP100_revision/derived_data/figure_source_data/Figure1_timeseries_line_uncertainty_TOP100.csv
Fig1c,,,,,,,,,,0.714753042051482,1.1528594804442,,,,,,<PROJECT_ROOT>/output_TOP100_revision/derived_data/figure_source_data/Figure1_timeseries_line_uncertainty_TOP100.csv
Fig1c,,,,,,,,,,0.743254902039415,1.18037865538161,,,,,,<PROJECT_ROOT>/output_TOP100_revision/derived_data/figure_source_data/Figure1_timeseries_line_uncertainty_TOP100.csv
Fig1c,,,,,,,,,,0.682288267813007,1.11413312243325,,,,,,<PROJECT_ROOT>/output_TOP100_revision/derived_data/figure_source_data/Figure1_timeseries_line_uncertainty_TOP100.csv
Fig1c,,,,,,,,,,0.718747549966434,1.14448156551112,,,,,,<PROJECT_ROOT>/output_TOP100_revision/derived_data/figure_source_data/Figure1_timeseries_line_uncertainty_TOP100.csv
Fig1c,,,,,,,,,,0.735399801434889,1.17495758402119,,,,,,<PROJECT_ROOT>/output_TOP100_revision/derived_data/figure_source_data/Figure1_timeseries_line_uncertainty_TOP100.csv
Fig1c,,,,,,,,,,0.769219388690712,1.2081782505036,,,,,,<PROJECT_ROOT>/output_TOP100_revision/derived_data/figure_source_data/Figure1_timeseries_line_uncertainty_TOP100.csv
Fig1c,,,,,,,,,,0.789558550906668,1.23223655891735,,,,,,<PROJECT_ROOT>/output_TOP100_revision/derived_data/figure_source_data/Figure1_timeseries_line_uncertainty_TOP100.csv
Fig1c,,,,,,,,,,0.73681186707546,1.19151052336537,,,,,,<PROJECT_ROOT>/output_TOP100_revision/derived_data/figure_source_data/Figure1_timeseries_line_uncertainty_TOP100.csv
Fig1c,,,,,,,,,,0.668327844562704,1.13404789923228,,,,,,<PROJECT_ROOT>/output_TOP100_revision/derived_data/figure_source_data/Figure1_timeseries_line_uncertainty_TOP100.csv
Fig1c,,,,,,,,,,0.784080035485002,1.25390883444942,,,,,,<PROJECT_ROOT>/output_TOP100_revision/derived_data/figure_source_data/Figure1_timeseries_line_uncertainty_TOP100.csv
Fig1c,,,,,,,,,,0.843749019109018,1.27560357913126,,,,,,<PROJECT_ROOT>/output_TOP100_revision/derived_data/figure_source_data/Figure1_timeseries_line_uncertainty_TOP100.csv
Fig1c,,,,,,,,,,0.748963742003189,1.20033437184277,,,,,,<PROJECT_ROOT>/output_TOP100_revision/derived_data/figure_source_data/Figure1_timeseries_line_uncertainty_TOP100.csv
Fig1c,,,,,,,,,,0.717155934279134,1.2183491732936,,,,,,<PROJECT_ROOT>/output_TOP100_revision/derived_data/figure_source_data/Figure1_timeseries_line_uncertainty_TOP100.csv
Fig1c,,,,,,,,,,0.671320997417175,1.19026426949229,,,,,,<PROJECT_ROOT>/output_TOP100_revision/derived_data/figure_source_data/Figure1_timeseries_line_uncertainty_TOP100.csv
Fig1c,,,,,,,,,,0.668281230556799,1.21762654118971,,,,,,<PROJECT_ROOT>/output_TOP100_revision/derived_data/figure_source_data/Figure1_timeseries_line_uncertainty_TOP100.csv
Fig1c,,,,,,,,,,0.628887204679947,1.17657939375805,,,,,,<PROJECT_ROOT>/output_TOP100_revision/derived_data/figure_source_data/Figure1_timeseries_line_uncertainty_TOP100.csv
Fig1c,,,,,,,,,,0.624794570363135,1.18157581581866,,,,,,<PROJECT_ROOT>/output_TOP100_revision/derived_data/figure_source_data/Figure1_timeseries_line_uncertainty_TOP100.csv
Fig1c,,,,,,,,,,0.653513774728627,1.23058905206035,,,,,,<PROJECT_ROOT>/output_TOP100_revision/derived_data/figure_source_data/Figure1_timeseries_line_uncertainty_TOP100.csv
Fig1c,,,,,,,,,,0.605076514973049,1.19440876911714,,,,,,<PROJECT_ROOT>/output_TOP100_revision/derived_data/figure_source_data/Figure1_timeseries_line_uncertainty_TOP100.csv
Fig1c,,,,,,,,,,0.527648413935002,1.140890680461,,,,,,<PROJECT_ROOT>/output_TOP100_revision/derived_data/figure_source_data/Figure1_timeseries_line_uncertainty_TOP100.csv
Fig1c,,,,,,,,,,0.580188653750844,1.16687178137659,,,,,,<PROJECT_ROOT>/output_TOP100_revision/derived_data/figure_source_data/Figure1_timeseries_line_uncertainty_TOP100.csv
Fig1c,,,,,,,,,,0.477958329526766,1.09320433737164,,,,,,<PROJECT_ROOT>/output_TOP100_revision/derived_data/figure_source_data/Figure1_timeseries_line_uncertainty_TOP100.csv
Fig1c,,,,,,,,,,0.331857090100777,0.986339614557512,,,,,,<PROJECT_ROOT>/output_TOP100_revision/derived_data/figure_source_data/Figure1_timeseries_line_uncertainty_TOP100.csv
Fig1c,,,,,,,,,,0.351444880073674,0.998451311837307,,,,,,<PROJECT_ROOT>/output_TOP100_revision/derived_data/figure_source_data/Figure1_timeseries_line_uncertainty_TOP100.csv
Fig1c,,,,,,,,,,0.3786399142214,0.968431732348193,,,,,,<PROJECT_ROOT>/output_TOP100_revision/derived_data/figure_source_data/Figure1_timeseries_line_uncertainty_TOP100.csv
Fig1c,,,,,,,,,,0.433809640858761,0.998756908837347,,,,,,<PROJECT_ROOT>/output_TOP100_revision/derived_data/figure_source_data/Figure1_timeseries_line_uncertainty_TOP100.csv
Fig1c,,,,,,,,,,0.635569887695754,1.13955848906763,,,,,,<PROJECT_ROOT>/output_TOP100_revision/derived_data/figure_source_data/Figure1_timeseries_line_uncertainty_TOP100.csv
Fig1c,,,,,,,,,,0.668321481063458,1.16868272257235,,,,,,<PROJECT_ROOT>/output_TOP100_revision/derived_data/figure_source_data/Figure1_timeseries_line_uncertainty_TOP100.csv
Fig1c,,,,,,,,,,0.714018685003001,1.16284504738122,,,,,,<PROJECT_ROOT>/output_TOP100_revision/derived_data/figure_source_data/Figure1_timeseries_line_uncertainty_TOP100.csv
Fig1c,,,,,,,,,,0.731937284057767,1.14779069285305,,,,,,<PROJECT_ROOT>/output_TOP100_revision/derived_data/figure_source_data/Figure1_timeseries_line_uncertainty_TOP100.csv
Fig1c,,,,,,,,,,0.80055288734601,1.2220373740464,,,,,,<PROJECT_ROOT>/output_TOP100_revision/derived_data/figure_source_data/Figure1_timeseries_line_uncertainty_TOP100.csv
Fig1c,,,,,,,,,,0.96210515296868,1.37988264480418,,,,,,<PROJECT_ROOT>/output_TOP100_revision/derived_data/figure_source_data/Figure1_timeseries_line_uncertainty_TOP100.csv
Fig1c,,,,,,,,,,1.08312677768249,1.52337223744168,,,,,,<PROJECT_ROOT>/output_TOP100_revision/derived_data/figure_source_data/Figure1_timeseries_line_uncertainty_TOP100.csv
Fig1c,,,,,,,,,,1.17832342872704,1.63355433597716,,,,,,<PROJECT_ROOT>/output_TOP100_revision/derived_data/figure_source_data/Figure1_timeseries_line_uncertainty_TOP100.csv
Fig1c,,,,,,,,,,1.35123196234169,1.84053854495798,,,,,,<PROJECT_ROOT>/output_TOP100_revision/derived_data/figure_source_data/Figure1_timeseries_line_uncertainty_TOP100.csv
Fig1c,,,,,,,,,,1.54128997220915,2.07676264674542,,,,,,<PROJECT_ROOT>/output_TOP100_revision/derived_data/figure_source_data/Figure1_timeseries_line_uncertainty_TOP100.csv
Fig1c,,,,,,,,,,1.71795445226244,2.26360021747287,,,,,,<PROJECT_ROOT>/output_TOP100_revision/derived_data/figure_source_data/Figure1_timeseries_line_uncertainty_TOP100.csv
Fig1c,,,,,,,,,,1.83842943250753,2.3970286987798,,,,,,<PROJECT_ROOT>/output_TOP100_revision/derived_data/figure_source_data/Figure1_timeseries_line_uncertainty_TOP100.csv
Fig1c,,,,,,,,,,1.81572018022264,2.38604241840971,,,,,,<PROJECT_ROOT>/output_TOP100_revision/derived_data/figure_source_data/Figure1_timeseries_line_uncertainty_TOP100.csv
Fig1c,,,,,,,,,,1.93449791214855,2.48339444426188,,,,,,<PROJECT_ROOT>/output_TOP100_revision/derived_data/figure_source_data/Figure1_timeseries_line_uncertainty_TOP100.csv
Fig1c,,,,,,,,,,2.00979464304036,2.56265475685509,,,,,,<PROJECT_ROOT>/output_TOP100_revision/derived_data/figure_source_data/Figure1_timeseries_line_uncertainty_TOP100.csv
Fig1c,,,,,,,,,,2.07835269338825,2.61238700413048,,,,,,<PROJECT_ROOT>/output_TOP100_revision/derived_data/figure_source_data/Figure1_timeseries_line_uncertainty_TOP100.csv
Fig1c,,,,,,,,,,2.09045584708607,2.59182468826857,,,,,,<PROJECT_ROOT>/output_TOP100_revision/derived_data/figure_source_data/Figure1_timeseries_line_uncertainty_TOP100.csv
Fig1c,,,,,,,,,,2.10084829207451,2.559434088272,,,,,,<PROJECT_ROOT>/output_TOP100_revision/derived_data/figure_source_data/Figure1_timeseries_line_uncertainty_TOP100.csv
Fig1c,,,,,,,,,,2.01488591336447,2.44150308646273,,,,,,<PROJECT_ROOT>/output_TOP100_revision/derived_data/figure_source_data/Figure1_timeseries_line_uncertainty_TOP100.csv
Fig1c,,,,,,,,,,2.026181683061,2.4272063485475,,,,,,<PROJECT_ROOT>/output_TOP100_revision/derived_data/figure_source_data/Figure1_timeseries_line_uncertainty_TOP100.csv
Fig1c,,,,,,,,,,,,,,,,,<PROJECT_ROOT>/output_TOP100_revision/derived_data/figure_source_data/Figure1_timeseries_line_uncertainty_TOP100.csv
Fig1c,,,,,,,,,,,,,,,,,<PROJECT_ROOT>/output_TOP100_revision/derived_data/figure_source_data/Figure1_timeseries_line_uncertainty_TOP100.csv
Fig1c,,,,,,,,,,,,,,,,,<PROJECT_ROOT>/output_TOP100_revision/derived_data/figure_source_data/Figure1_timeseries_line_uncertainty_TOP100.csv
Fig1c,,,,,,,,,,,,,,,,,<PROJECT_ROOT>/output_TOP100_revision/derived_data/figure_source_data/Figure1_timeseries_line_uncertainty_TOP100.csv
Fig1c,,,,,,,,,,,,,,,,,<PROJECT_ROOT>/output_TOP100_revision/derived_data/figure_source_data/Figure1_timeseries_line_uncertainty_TOP100.csv
Fig1c,,,,,,,,,,,,,,,,,<PROJECT_ROOT>/output_TOP100_revision/derived_data/figure_source_data/Figure1_timeseries_line_uncertainty_TOP100.csv
Fig1c,,,,,,,,,,,,,,,,,<PROJECT_ROOT>/output_TOP100_revision/derived_data/figure_source_data/Figure1_timeseries_line_uncertainty_TOP100.csv
Fig1c,,,,,,,,,,,,,,,,,<PROJECT_ROOT>/output_TOP100_revision/derived_data/figure_source_data/Figure1_timeseries_line_uncertainty_TOP100.csv
Fig1c,,,,,,,,,,,,,,,,,<PROJECT_ROOT>/output_TOP100_revision/derived_data/figure_source_data/Figure1_timeseries_line_uncertainty_TOP100.csv
Fig1c,,,,,,,,,,,,,,,,,<PROJECT_ROOT>/output_TOP100_revision/derived_data/figure_source_data/Figure1_timeseries_line_uncertainty_TOP100.csv
Fig1c,,,,,,,,,,,,,,,,,<PROJECT_ROOT>/output_TOP100_revision/derived_data/figure_source_data/Figure1_timeseries_line_uncertainty_TOP100.csv
Fig1c,,,,,,,,,,-0.610879674068016,-0.287473304801802,,,,,,<PROJECT_ROOT>/output_TOP100_revision/derived_data/figure_source_data/Figure1_timeseries_line_uncertainty_TOP100.csv
Fig1c,,,,,,,,,,-0.632236714798405,-0.306646395610714,,,,,,<PROJECT_ROOT>/output_TOP100_revision/derived_data/figure_source_data/Figure1_timeseries_line_uncertainty_TOP100.csv
Fig1c,,,,,,,,,,-0.636716810864609,-0.301053409100011,,,,,,<PROJECT_ROOT>/output_TOP100_revision/derived_data/figure_source_data/Figure1_timeseries_line_uncertainty_TOP100.csv
Fig1c,,,,,,,,,,-0.622100103527433,-0.273004224752424,,,,,,<PROJECT_ROOT>/output_TOP100_revision/derived_data/figure_source_data/Figure1_timeseries_line_uncertainty_TOP100.csv
Fig1c,,,,,,,,,,-0.480728188508614,-0.146488929261833,,,,,,<PROJECT_ROOT>/output_TOP100_revision/derived_data/figure_source_data/Figure1_timeseries_line_uncertainty_TOP100.csv
Fig1c,,,,,,,,,,-0.392104663553532,-0.0449853714837469,,,,,,<PROJECT_ROOT>/output_TOP100_revision/derived_data/figure_source_data/Figure1_timeseries_line_uncertainty_TOP100.csv
Fig1c,,,,,,,,,,-0.378631074307833,-0.0287683775817595,,,,,,<PROJECT_ROOT>/output_TOP100_revision/derived_data/figure_source_data/Figure1_timeseries_line_uncertainty_TOP100.csv
Fig1c,,,,,,,,,,-0.353757572382899,0.0061593828471769,,,,,,<PROJECT_ROOT>/output_TOP100_revision/derived_data/figure_source_data/Figure1_timeseries_line_uncertainty_TOP100.csv
Fig1c,,,,,,,,,,-0.313319650831256,0.0461201724952082,,,,,,<PROJECT_ROOT>/output_TOP100_revision/derived_data/figure_source_data/Figure1_timeseries_line_uncertainty_TOP100.csv
Fig1c,,,,,,,,,,-0.331744178567591,0.0377707906931179,,,,,,<PROJECT_ROOT>/output_TOP100_revision/derived_data/figure_source_data/Figure1_timeseries_line_uncertainty_TOP100.csv
Fig1c,,,,,,,,,,-0.345976457234025,0.0090833860265991,,,,,,<PROJECT_ROOT>/output_TOP100_revision/derived_data/figure_source_data/Figure1_timeseries_line_uncertainty_TOP100.csv
Fig1c,,,,,,,,,,-0.391665290958857,-0.0602610130846922,,,,,,<PROJECT_ROOT>/output_TOP100_revision/derived_data/figure_source_data/Figure1_timeseries_line_uncertainty_TOP100.csv
Fig1c,,,,,,,,,,-0.43215841620714,-0.12049815921051,,,,,,<PROJECT_ROOT>/output_TOP100_revision/derived_data/figure_source_data/Figure1_timeseries_line_uncertainty_TOP100.csv
Fig1c,,,,,,,,,,-0.459136322317872,-0.170978514520999,,,,,,<PROJECT_ROOT>/output_TOP100_revision/derived_data/figure_source_data/Figure1_timeseries_line_uncertainty_TOP100.csv
Fig1c,,,,,,,,,,-0.413936725599642,-0.145084838821143,,,,,,<PROJECT_ROOT>/output_TOP100_revision/derived_data/figure_source_data/Figure1_timeseries_line_uncertainty_TOP100.csv
Fig1c,,,,,,,,,,-0.459372777082303,-0.187761250341838,,,,,,<PROJECT_ROOT>/output_TOP100_revision/derived_data/figure_source_data/Figure1_timeseries_line_uncertainty_TOP100.csv
Fig1c,,,,,,,,,,-0.557562606992792,-0.274947154074759,,,,,,<PROJECT_ROOT>/output_TOP100_revision/derived_data/figure_source_data/Figure1_timeseries_line_uncertainty_TOP100.csv
Fig1c,,,,,,,,,,-0.601994365622852,-0.335553520126809,,,,,,<PROJECT_ROOT>/output_TOP100_revision/derived_data/figure_source_data/Figure1_timeseries_line_uncertainty_TOP100.csv
Fig1c,,,,,,,,,,-0.676202468911623,-0.401307658318445,,,,,,<PROJECT_ROOT>/output_TOP100_revision/derived_data/figure_source_data/Figure1_timeseries_line_uncertainty_TOP100.csv
Fig1c,,,,,,,,,,-0.678867311838071,-0.403119595998472,,,,,,<PROJECT_ROOT>/output_TOP100_revision/derived_data/figure_source_data/Figure1_timeseries_line_uncertainty_TOP100.csv
Fig1c,,,,,,,,,,-0.7371592313127,-0.435943366811193,,,,,,<PROJECT_ROOT>/output_TOP100_revision/derived_data/figure_source_data/Figure1_timeseries_line_uncertainty_TOP100.csv
Fig1c,,,,,,,,,,-0.737129315663082,-0.449582114373551,,,,,,<PROJECT_ROOT>/output_TOP100_revision/derived_data/figure_source_data/Figure1_timeseries_line_uncertainty_TOP100.csv
Fig1c,,,,,,,,,,-0.777632617409295,-0.482500574020904,,,,,,<PROJECT_ROOT>/output_TOP100_revision/derived_data/figure_source_data/Figure1_timeseries_line_uncertainty_TOP100.csv
Fig1c,,,,,,,,,,-0.782645257134098,-0.483843390868909,,,,,,<PROJECT_ROOT>/output_TOP100_revision/derived_data/figure_source_data/Figure1_timeseries_line_uncertainty_TOP100.csv
Fig1c,,,,,,,,,,-0.708015663993255,-0.419952877481262,,,,,,<PROJECT_ROOT>/output_TOP100_revision/derived_data/figure_source_data/Figure1_timeseries_line_uncertainty_TOP100.csv
Fig1c,,,,,,,,,,-0.691565118314074,-0.418335297021469,,,,,,<PROJECT_ROOT>/output_TOP100_revision/derived_data/figure_source_data/Figure1_timeseries_line_uncertainty_TOP100.csv
Fig1c,,,,,,,,,,-0.724333428207516,-0.427375723836881,,,,,,<PROJECT_ROOT>/output_TOP100_revision/derived_data/figure_source_data/Figure1_timeseries_line_uncertainty_TOP100.csv
Fig1c,,,,,,,,,,-0.708877585623611,-0.395303225300369,,,,,,<PROJECT_ROOT>/output_TOP100_revision/derived_data/figure_source_data/Figure1_timeseries_line_uncertainty_TOP100.csv
Fig1c,,,,,,,,,,-0.671718653619616,-0.359822994881329,,,,,,<PROJECT_ROOT>/output_TOP100_revision/derived_data/figure_source_data/Figure1_timeseries_line_uncertainty_TOP100.csv
Fig1c,,,,,,,,,,-0.707610372655686,-0.397954445183459,,,,,,<PROJECT_ROOT>/output_TOP100_revision/derived_data/figure_source_data/Figure1_timeseries_line_uncertainty_TOP100.csv
Fig1c,,,,,,,,,,-0.675352742349571,-0.390747963369775,,,,,,<PROJECT_ROOT>/output_TOP100_revision/derived_data/figure_source_data/Figure1_timeseries_line_uncertainty_TOP100.csv
Fig1c,,,,,,,,,,-0.724929982961009,-0.425676432363772,,,,,,<PROJECT_ROOT>/output_TOP100_revision/derived_data/figure_source_data/Figure1_timeseries_line_uncertainty_TOP100.csv
Fig1c,,,,,,,,,,-0.689961910321479,-0.375263565545272,,,,,,<PROJECT_ROOT>/output_TOP100_revision/derived_data/figure_source_data/Figure1_timeseries_line_uncertainty_TOP100.csv
Fig1c,,,,,,,,,,-0.710535088414712,-0.347669412453281,,,,,,<PROJECT_ROOT>/output_TOP100_revision/derived_data/figure_source_data/Figure1_timeseries_line_uncertainty_TOP100.csv
Fig1c,,,,,,,,,,-0.732394385088568,-0.350880411553655,,,,,,<PROJECT_ROOT>/output_TOP100_revision/derived_data/figure_source_data/Figure1_timeseries_line_uncertainty_TOP100.csv
Fig1c,,,,,,,,,,-0.751563224950869,-0.278118092097204,,,,,,<PROJECT_ROOT>/output_TOP100_revision/derived_data/figure_source_data/Figure1_timeseries_line_uncertainty_TOP100.csv
Fig1c,,,,,,,,,,-0.783938528154418,-0.27762869807463,,,,,,<PROJECT_ROOT>/output_TOP100_revision/derived_data/figure_source_data/Figure1_timeseries_line_uncertainty_TOP100.csv
Fig1c,,,,,,,,,,-0.775172594406973,-0.175580018764528,,,,,,<PROJECT_ROOT>/output_TOP100_revision/derived_data/figure_source_data/Figure1_timeseries_line_uncertainty_TOP100.csv
Fig1c,,,,,,,,,,-0.792915213791857,-0.0840681062103953,,,,,,<PROJECT_ROOT>/output_TOP100_revision/derived_data/figure_source_data/Figure1_timeseries_line_uncertainty_TOP100.csv
Fig1c,,,,,,,,,,-0.787106242913296,0.0176427795934898,,,,,,<PROJECT_ROOT>/output_TOP100_revision/derived_data/figure_source_data/Figure1_timeseries_line_uncertainty_TOP100.csv
Fig1c,,,,,,,,,,-0.811416284812285,0.0565674948951629,,,,,,<PROJECT_ROOT>/output_TOP100_revision/derived_data/figure_source_data/Figure1_timeseries_line_uncertainty_TOP100.csv
Fig1c,,,,,,,,,,-0.733107278196973,0.189470500560864,,,,,,<PROJECT_ROOT>/output_TOP100_revision/derived_data/figure_source_data/Figure1_timeseries_line_uncertainty_TOP100.csv
Fig1c,,,,,,,,,,-0.698154514861625,0.271565645065572,,,,,,<PROJECT_ROOT>/output_TOP100_revision/derived_data/figure_source_data/Figure1_timeseries_line_uncertainty_TOP100.csv
Fig1c,,,,,,,,,,-0.6076053200635,0.360517573509003,,,,,,<PROJECT_ROOT>/output_TOP100_revision/derived_data/figure_source_data/Figure1_timeseries_line_uncertainty_TOP100.csv
Fig1c,,,,,,,,,,-0.542213557495211,0.451895724532039,,,,,,<PROJECT_ROOT>/output_TOP100_revision/derived_data/figure_source_data/Figure1_timeseries_line_uncertainty_TOP100.csv
Fig1c,,,,,,,,,,-0.474368048876055,0.503895092545829,,,,,,<PROJECT_ROOT>/output_TOP100_revision/derived_data/figure_source_data/Figure1_timeseries_line_uncertainty_TOP100.csv
Fig1c,,,,,,,,,,-0.397504526628223,0.536835175380457,,,,,,<PROJECT_ROOT>/output_TOP100_revision/derived_data/figure_source_data/Figure1_timeseries_line_uncertainty_TOP100.csv
Fig1c,,,,,,,,,,-0.376296446155833,0.44976529593515,,,,,,<PROJECT_ROOT>/output_TOP100_revision/derived_data/figure_source_data/Figure1_timeseries_line_uncertainty_TOP100.csv
Fig1c,,,,,,,,,,-0.396239432704089,0.348628778879617,,,,,,<PROJECT_ROOT>/output_TOP100_revision/derived_data/figure_source_data/Figure1_timeseries_line_uncertainty_TOP100.csv
Fig1c,,,,,,,,,,-0.416858908804772,0.209008385440053,,,,,,<PROJECT_ROOT>/output_TOP100_revision/derived_data/figure_source_data/Figure1_timeseries_line_uncertainty_TOP100.csv
Fig1c,,,,,,,,,,-0.413266852643791,0.129940574340572,,,,,,<PROJECT_ROOT>/output_TOP100_revision/derived_data/figure_source_data/Figure1_timeseries_line_uncertainty_TOP100.csv
Fig1c,,,,,,,,,,-0.430053173714444,0.0358789239527135,,,,,,<PROJECT_ROOT>/output_TOP100_revision/derived_data/figure_source_data/Figure1_timeseries_line_uncertainty_TOP100.csv
Fig1c,,,,,,,,,,-0.463501720145243,-0.0464579093478393,,,,,,<PROJECT_ROOT>/output_TOP100_revision/derived_data/figure_source_data/Figure1_timeseries_line_uncertainty_TOP100.csv
Fig1c,,,,,,,,,,-0.534945482463998,-0.15671163894728,,,,,,<PROJECT_ROOT>/output_TOP100_revision/derived_data/figure_source_data/Figure1_timeseries_line_uncertainty_TOP100.csv
Fig1c,,,,,,,,,,-0.618347690941571,-0.24937904135791,,,,,,<PROJECT_ROOT>/output_TOP100_revision/derived_data/figure_source_data/Figure1_timeseries_line_uncertainty_TOP100.csv
Fig1c,,,,,,,,,,-0.789351237407624,-0.380672118578084,,,,,,<PROJECT_ROOT>/output_TOP100_revision/derived_data/figure_source_data/Figure1_timeseries_line_uncertainty_TOP100.csv
Fig1c,,,,,,,,,,-0.970754925797984,-0.530811128246659,,,,,,<PROJECT_ROOT>/output_TOP100_revision/derived_data/figure_source_data/Figure1_timeseries_line_uncertainty_TOP100.csv
Fig1c,,,,,,,,,,-1.14515095195157,-0.68128828773661,,,,,,<PROJECT_ROOT>/output_TOP100_revision/derived_data/figure_source_data/Figure1_timeseries_line_uncertainty_TOP100.csv
Fig1c,,,,,,,,,,-1.18969985837942,-0.739963728730767,,,,,,<PROJECT_ROOT>/output_TOP100_revision/derived_data/figure_source_data/Figure1_timeseries_line_uncertainty_TOP100.csv
Fig1c,,,,,,,,,,-1.24493096295903,-0.801507116500451,,,,,,<PROJECT_ROOT>/output_TOP100_revision/derived_data/figure_source_data/Figure1_timeseries_line_uncertainty_TOP100.csv
Fig1c,,,,,,,,,,-1.25751865721975,-0.820824219076944,,,,,,<PROJECT_ROOT>/output_TOP100_revision/derived_data/figure_source_data/Figure1_timeseries_line_uncertainty_TOP100.csv
Fig1c,,,,,,,,,,-1.25604031144136,-0.833063001036411,,,,,,<PROJECT_ROOT>/output_TOP100_revision/derived_data/figure_source_data/Figure1_timeseries_line_uncertainty_TOP100.csv
Fig1c,,,,,,,,,,-1.30920012448615,-0.900662829386501,,,,,,<PROJECT_ROOT>/output_TOP100_revision/derived_data/figure_source_data/Figure1_timeseries_line_uncertainty_TOP100.csv
Fig1c,,,,,,,,,,-1.28512131254708,-0.916855181925926,,,,,,<PROJECT_ROOT>/output_TOP100_revision/derived_data/figure_source_data/Figure1_timeseries_line_uncertainty_TOP100.csv
Fig1c,,,,,,,,,,-1.26646297594269,-0.889112756311044,,,,,,<PROJECT_ROOT>/output_TOP100_revision/derived_data/figure_source_data/Figure1_timeseries_line_uncertainty_TOP100.csv
Fig1c,,,,,,,,,,-1.27778675408246,-0.896258531526133,,,,,,<PROJECT_ROOT>/output_TOP100_revision/derived_data/figure_source_data/Figure1_timeseries_line_uncertainty_TOP100.csv
Fig1c,,,,,,,,,,-1.34011522286613,-0.937640595777772,,,,,,<PROJECT_ROOT>/output_TOP100_revision/derived_data/figure_source_data/Figure1_timeseries_line_uncertainty_TOP100.csv
Fig1c,,,,,,,,,,-1.35838211089259,-0.953915193047981,,,,,,<PROJECT_ROOT>/output_TOP100_revision/derived_data/figure_source_data/Figure1_timeseries_line_uncertainty_TOP100.csv
Fig1c,,,,,,,,,,-1.32656329872563,-0.942774133976909,,,,,,<PROJECT_ROOT>/output_TOP100_revision/derived_data/figure_source_data/Figure1_timeseries_line_uncertainty_TOP100.csv
Fig1c,,,,,,,,,,-1.25660520460839,-0.875624133708245,,,,,,<PROJECT_ROOT>/output_TOP100_revision/derived_data/figure_source_data/Figure1_timeseries_line_uncertainty_TOP100.csv
Fig1c,,,,,,,,,,-1.26153596073068,-0.88746479005611,,,,,,<PROJECT_ROOT>/output_TOP100_revision/derived_data/figure_source_data/Figure1_timeseries_line_uncertainty_TOP100.csv
Fig1c,,,,,,,,,,-1.24370625531672,-0.861010330044995,,,,,,<PROJECT_ROOT>/output_TOP100_revision/derived_data/figure_source_data/Figure1_timeseries_line_uncertainty_TOP100.csv
Fig1c,,,,,,,,,,-1.23815568669678,-0.861873776124373,,,,,,<PROJECT_ROOT>/output_TOP100_revision/derived_data/figure_source_data/Figure1_timeseries_line_uncertainty_TOP100.csv
Fig1c,,,,,,,,,,-1.21611728733369,-0.849534471523396,,,,,,<PROJECT_ROOT>/output_TOP100_revision/derived_data/figure_source_data/Figure1_timeseries_line_uncertainty_TOP100.csv
Fig1c,,,,,,,,,,-1.24181660834699,-0.875398084267288,,,,,,<PROJECT_ROOT>/output_TOP100_revision/derived_data/figure_source_data/Figure1_timeseries_line_uncertainty_TOP100.csv
Fig1c,,,,,,,,,,-1.27224601142784,-0.915466978592912,,,,,,<PROJECT_ROOT>/output_TOP100_revision/derived_data/figure_source_data/Figure1_timeseries_line_uncertainty_TOP100.csv
Fig1c,,,,,,,,,,-1.25915714032478,-0.923148194594084,,,,,,<PROJECT_ROOT>/output_TOP100_revision/derived_data/figure_source_data/Figure1_timeseries_line_uncertainty_TOP100.csv
Fig1c,,,,,,,,,,-1.25641433575599,-0.926992407737135,,,,,,<PROJECT_ROOT>/output_TOP100_revision/derived_data/figure_source_data/Figure1_timeseries_line_uncertainty_TOP100.csv
Fig1c,,,,,,,,,,-1.12935312315735,-0.823131454039265,,,,,,<PROJECT_ROOT>/output_TOP100_revision/derived_data/figure_source_data/Figure1_timeseries_line_uncertainty_TOP100.csv
Fig1c,,,,,,,,,,-1.06406530384745,-0.76562755064188,,,,,,<PROJECT_ROOT>/output_TOP100_revision/derived_data/figure_source_data/Figure1_timeseries_line_uncertainty_TOP100.csv
Fig1c,,,,,,,,,,-1.05755902924867,-0.72944793530987,,,,,,<PROJECT_ROOT>/output_TOP100_revision/derived_data/figure_source_data/Figure1_timeseries_line_uncertainty_TOP100.csv
Fig1c,,,,,,,,,,-1.04102578973945,-0.696114460100119,,,,,,<PROJECT_ROOT>/output_TOP100_revision/derived_data/figure_source_data/Figure1_timeseries_line_uncertainty_TOP100.csv
Fig1c,,,,,,,,,,-1.0547631592399,-0.704102546751002,,,,,,<PROJECT_ROOT>/output_TOP100_revision/derived_data/figure_source_data/Figure1_timeseries_line_uncertainty_TOP100.csv
Fig1c,,,,,,,,,,-1.0231322075114,-0.666203834270569,,,,,,<PROJECT_ROOT>/output_TOP100_revision/derived_data/figure_source_data/Figure1_timeseries_line_uncertainty_TOP100.csv
Fig1c,,,,,,,,,,-0.930486008458586,-0.588946998920049,,,,,,<PROJECT_ROOT>/output_TOP100_revision/derived_data/figure_source_data/Figure1_timeseries_line_uncertainty_TOP100.csv
Fig1c,,,,,,,,,,-0.87393848430906,-0.537857418177527,,,,,,<PROJECT_ROOT>/output_TOP100_revision/derived_data/figure_source_data/Figure1_timeseries_line_uncertainty_TOP100.csv
Fig1c,,,,,,,,,,-0.750979355497336,-0.379820474663874,,,,,,<PROJECT_ROOT>/output_TOP100_revision/derived_data/figure_source_data/Figure1_timeseries_line_uncertainty_TOP100.csv
Fig1c,,,,,,,,,,-0.71999653636703,-0.307946703838897,,,,,,<PROJECT_ROOT>/output_TOP100_revision/derived_data/figure_source_data/Figure1_timeseries_line_uncertainty_TOP100.csv
Fig1c,,,,,,,,,,-0.676511343107884,-0.240998771588562,,,,,,<PROJECT_ROOT>/output_TOP100_revision/derived_data/figure_source_data/Figure1_timeseries_line_uncertainty_TOP100.csv
Fig1c,,,,,,,,,,-0.571662508079598,-0.0902208987714565,,,,,,<PROJECT_ROOT>/output_TOP100_revision/derived_data/figure_source_data/Figure1_timeseries_line_uncertainty_TOP100.csv
Fig1c,,,,,,,,,,-0.494834915135622,0.0265453663528496,,,,,,<PROJECT_ROOT>/output_TOP100_revision/derived_data/figure_source_data/Figure1_timeseries_line_uncertainty_TOP100.csv
Fig1c,,,,,,,,,,-0.43504315891209,0.11421974426791,,,,,,<PROJECT_ROOT>/output_TOP100_revision/derived_data/figure_source_data/Figure1_timeseries_line_uncertainty_TOP100.csv
Fig1c,,,,,,,,,,-0.36709374315757,0.203205134038549,,,,,,<PROJECT_ROOT>/output_TOP100_revision/derived_data/figure_source_data/Figure1_timeseries_line_uncertainty_TOP100.csv
Fig1c,,,,,,,,,,-0.29693663606133,0.289298247462239,,,,,,<PROJECT_ROOT>/output_TOP100_revision/derived_data/figure_source_data/Figure1_timeseries_line_uncertainty_TOP100.csv
Fig1c,,,,,,,,,,-0.208047685865741,0.422513806244756,,,,,,<PROJECT_ROOT>/output_TOP100_revision/derived_data/figure_source_data/Figure1_timeseries_line_uncertainty_TOP100.csv
Fig1c,,,,,,,,,,-0.107445133970241,0.500615533433275,,,,,,<PROJECT_ROOT>/output_TOP100_revision/derived_data/figure_source_data/Figure1_timeseries_line_uncertainty_TOP100.csv
Fig1c,,,,,,,,,,-0.0380163105727097,0.55674132327439,,,,,,<PROJECT_ROOT>/output_TOP100_revision/derived_data/figure_source_data/Figure1_timeseries_line_uncertainty_TOP100.csv
Fig1c,,,,,,,,,,0.0690582403326725,0.637651004783358,,,,,,<PROJECT_ROOT>/output_TOP100_revision/derived_data/figure_source_data/Figure1_timeseries_line_uncertainty_TOP100.csv
Fig1c,,,,,,,,,,0.0558273695810844,0.595294134114855,,,,,,<PROJECT_ROOT>/output_TOP100_revision/derived_data/figure_source_data/Figure1_timeseries_line_uncertainty_TOP100.csv
Fig1c,,,,,,,,,,0.0955610055471654,0.585459470369606,,,,,,<PROJECT_ROOT>/output_TOP100_revision/derived_data/figure_source_data/Figure1_timeseries_line_uncertainty_TOP100.csv
Fig1c,,,,,,,,,,0.156388713193458,0.604345952104921,,,,,,<PROJECT_ROOT>/output_TOP100_revision/derived_data/figure_source_data/Figure1_timeseries_line_uncertainty_TOP100.csv
Fig1c,,,,,,,,,,0.112754170266448,0.523778267504949,,,,,,<PROJECT_ROOT>/output_TOP100_revision/derived_data/figure_source_data/Figure1_timeseries_line_uncertainty_TOP100.csv
Fig1c,,,,,,,,,,0.051233425390999,0.410498604732902,,,,,,<PROJECT_ROOT>/output_TOP100_revision/derived_data/figure_source_data/Figure1_timeseries_line_uncertainty_TOP100.csv
Fig1c,,,,,,,,,,0.0855083662222119,0.404374224818069,,,,,,<PROJECT_ROOT>/output_TOP100_revision/derived_data/figure_source_data/Figure1_timeseries_line_uncertainty_TOP100.csv
Fig1c,,,,,,,,,,0.0982802476653835,0.381801623898757,,,,,,<PROJECT_ROOT>/output_TOP100_revision/derived_data/figure_source_data/Figure1_timeseries_line_uncertainty_TOP100.csv
Fig1c,,,,,,,,,,0.04713532809464,0.34287609665304,,,,,,<PROJECT_ROOT>/output_TOP100_revision/derived_data/figure_source_data/Figure1_timeseries_line_uncertainty_TOP100.csv
Fig1c,,,,,,,,,,-0.029625714766776,0.264759209213472,,,,,,<PROJECT_ROOT>/output_TOP100_revision/derived_data/figure_source_data/Figure1_timeseries_line_uncertainty_TOP100.csv
Fig1c,,,,,,,,,,-0.1569174087843,0.160779253976436,,,,,,<PROJECT_ROOT>/output_TOP100_revision/derived_data/figure_source_data/Figure1_timeseries_line_uncertainty_TOP100.csv
Fig1c,,,,,,,,,,-0.283107620109806,0.0587524743810689,,,,,,<PROJECT_ROOT>/output_TOP100_revision/derived_data/figure_source_data/Figure1_timeseries_line_uncertainty_TOP100.csv
Fig1c,,,,,,,,,,-0.503765153137143,-0.118161393190519,,,,,,<PROJECT_ROOT>/output_TOP100_revision/derived_data/figure_source_data/Figure1_timeseries_line_uncertainty_TOP100.csv
Fig1c,,,,,,,,,,-0.607088034010681,-0.209095952844154,,,,,,<PROJECT_ROOT>/output_TOP100_revision/derived_data/figure_source_data/Figure1_timeseries_line_uncertainty_TOP100.csv
Fig1c,,,,,,,,,,-0.744144657356137,-0.305016640074489,,,,,,<PROJECT_ROOT>/output_TOP100_revision/derived_data/figure_source_data/Figure1_timeseries_line_uncertainty_TOP100.csv
Fig1c,,,,,,,,,,-0.885257494268646,-0.414051682728825,,,,,,<PROJECT_ROOT>/output_TOP100_revision/derived_data/figure_source_data/Figure1_timeseries_line_uncertainty_TOP100.csv
Fig1c,,,,,,,,,,-0.974988716331053,-0.499721292582393,,,,,,<PROJECT_ROOT>/output_TOP100_revision/derived_data/figure_source_data/Figure1_timeseries_line_uncertainty_TOP100.csv
Fig1c,,,,,,,,,,-1.03407358315667,-0.566594580342333,,,,,,<PROJECT_ROOT>/output_TOP100_revision/derived_data/figure_source_data/Figure1_timeseries_line_uncertainty_TOP100.csv
Fig1c,,,,,,,,,,-1.1129172686585,-0.633958311895797,,,,,,<PROJECT_ROOT>/output_TOP100_revision/derived_data/figure_source_data/Figure1_timeseries_line_uncertainty_TOP100.csv
Fig1c,,,,,,,,,,-1.19741708018001,-0.717238355456248,,,,,,<PROJECT_ROOT>/output_TOP100_revision/derived_data/figure_source_data/Figure1_timeseries_line_uncertainty_TOP100.csv
Fig1c,,,,,,,,,,-1.2329012280194,-0.767365793209644,,,,,,<PROJECT_ROOT>/output_TOP100_revision/derived_data/figure_source_data/Figure1_timeseries_line_uncertainty_TOP100.csv
Fig1c,,,,,,,,,,-1.21981650181169,-0.779026816304352,,,,,,<PROJECT_ROOT>/output_TOP100_revision/derived_data/figure_source_data/Figure1_timeseries_line_uncertainty_TOP100.csv
Fig1c,,,,,,,,,,-1.16427650900061,-0.752960817585594,,,,,,<PROJECT_ROOT>/output_TOP100_revision/derived_data/figure_source_data/Figure1_timeseries_line_uncertainty_TOP100.csv
Fig1c,,,,,,,,,,-1.15339570957969,-0.773136732521548,,,,,,<PROJECT_ROOT>/output_TOP100_revision/derived_data/figure_source_data/Figure1_timeseries_line_uncertainty_TOP100.csv
Fig1c,,,,,,,,,,-1.03905056377733,-0.670283088480641,,,,,,<PROJECT_ROOT>/output_TOP100_revision/derived_data/figure_source_data/Figure1_timeseries_line_uncertainty_TOP100.csv
Fig1c,,,,,,,,,,-0.916849082809365,-0.576183116912302,,,,,,<PROJECT_ROOT>/output_TOP100_revision/derived_data/figure_source_data/Figure1_timeseries_line_uncertainty_TOP100.csv
Fig1c,,,,,,,,,,-0.783260938251459,-0.458056246421661,,,,,,<PROJECT_ROOT>/output_TOP100_revision/derived_data/figure_source_data/Figure1_timeseries_line_uncertainty_TOP100.csv
Fig1c,,,,,,,,,,-0.698321065322666,-0.389881964410976,,,,,,<PROJECT_ROOT>/output_TOP100_revision/derived_data/figure_source_data/Figure1_timeseries_line_uncertainty_TOP100.csv
Fig1c,,,,,,,,,,-0.615382266785257,-0.311482842950734,,,,,,<PROJECT_ROOT>/output_TOP100_revision/derived_data/figure_source_data/Figure1_timeseries_line_uncertainty_TOP100.csv
Fig1c,,,,,,,,,,-0.559982654758888,-0.250307500037984,,,,,,<PROJECT_ROOT>/output_TOP100_revision/derived_data/figure_source_data/Figure1_timeseries_line_uncertainty_TOP100.csv
Fig1c,,,,,,,,,,-0.538477127459403,-0.239572932889717,,,,,,<PROJECT_ROOT>/output_TOP100_revision/derived_data/figure_source_data/Figure1_timeseries_line_uncertainty_TOP100.csv
Fig1c,,,,,,,,,,-0.509548329119452,-0.191095958538913,,,,,,<PROJECT_ROOT>/output_TOP100_revision/derived_data/figure_source_data/Figure1_timeseries_line_uncertainty_TOP100.csv
Fig1c,,,,,,,,,,-0.485173207314706,-0.149057718758502,,,,,,<PROJECT_ROOT>/output_TOP100_revision/derived_data/figure_source_data/Figure1_timeseries_line_uncertainty_TOP100.csv
Fig1c,,,,,,,,,,-0.439879840288459,-0.108379350260268,,,,,,<PROJECT_ROOT>/output_TOP100_revision/derived_data/figure_source_data/Figure1_timeseries_line_uncertainty_TOP100.csv
Fig1c,,,,,,,,,,-0.39095840162604,-0.0634757304682356,,,,,,<PROJECT_ROOT>/output_TOP100_revision/derived_data/figure_source_data/Figure1_timeseries_line_uncertainty_TOP100.csv
Fig1c,,,,,,,,,,-0.311811889357235,0.0262136405353301,,,,,,<PROJECT_ROOT>/output_TOP100_revision/derived_data/figure_source_data/Figure1_timeseries_line_uncertainty_TOP100.csv
Fig1c,,,,,,,,,,-0.274266221400568,0.0491034896148607,,,,,,<PROJECT_ROOT>/output_TOP100_revision/derived_data/figure_source_data/Figure1_timeseries_line_uncertainty_TOP100.csv
Fig1c,,,,,,,,,,-0.287017618502246,-0.0006446679671034,,,,,,<PROJECT_ROOT>/output_TOP100_revision/derived_data/figure_source_data/Figure1_timeseries_line_uncertainty_TOP100.csv
Fig1c,,,,,,,,,,-0.344054794227569,-0.0322686723365878,,,,,,<PROJECT_ROOT>/output_TOP100_revision/derived_data/figure_source_data/Figure1_timeseries_line_uncertainty_TOP100.csv
Fig1c,,,,,,,,,,-0.366861209749663,-0.0489517974430975,,,,,,<PROJECT_ROOT>/output_TOP100_revision/derived_data/figure_source_data/Figure1_timeseries_line_uncertainty_TOP100.csv
Fig1c,,,,,,,,,,-0.391872822207696,-0.0757707085260919,,,,,,<PROJECT_ROOT>/output_TOP100_revision/derived_data/figure_source_data/Figure1_timeseries_line_uncertainty_TOP100.csv
Fig1c,,,,,,,,,,-0.372364245833502,-0.0347051588886172,,,,,,<PROJECT_ROOT>/output_TOP100_revision/derived_data/figure_source_data/Figure1_timeseries_line_uncertainty_TOP100.csv
Fig1c,,,,,,,,,,-0.331034119835194,0.0234690499661733,,,,,,<PROJECT_ROOT>/output_TOP100_revision/derived_data/figure_source_data/Figure1_timeseries_line_uncertainty_TOP100.csv
Fig1c,,,,,,,,,,-0.27213159955932,0.0855658880583462,,,,,,<PROJECT_ROOT>/output_TOP100_revision/derived_data/figure_source_data/Figure1_timeseries_line_uncertainty_TOP100.csv
Fig1c,,,,,,,,,,-0.294285444351143,0.0617598849880181,,,,,,<PROJECT_ROOT>/output_TOP100_revision/derived_data/figure_source_data/Figure1_timeseries_line_uncertainty_TOP100.csv
Fig1c,,,,,,,,,,-0.374674564779458,0.0106474785652016,,,,,,<PROJECT_ROOT>/output_TOP100_revision/derived_data/figure_source_data/Figure1_timeseries_line_uncertainty_TOP100.csv
Fig1c,,,,,,,,,,-0.473551031697294,-0.0903350322404791,,,,,,<PROJECT_ROOT>/output_TOP100_revision/derived_data/figure_source_data/Figure1_timeseries_line_uncertainty_TOP100.csv
Fig1c,,,,,,,,,,-0.532956703555634,-0.139235653980485,,,,,,<PROJECT_ROOT>/output_TOP100_revision/derived_data/figure_source_data/Figure1_timeseries_line_uncertainty_TOP100.csv
Fig1c,,,,,,,,,,-0.663008293836413,-0.241073580870184,,,,,,<PROJECT_ROOT>/output_TOP100_revision/derived_data/figure_source_data/Figure1_timeseries_line_uncertainty_TOP100.csv
Fig1c,,,,,,,,,,-0.779475132323621,-0.303862092162272,,,,,,<PROJECT_ROOT>/output_TOP100_revision/derived_data/figure_source_data/Figure1_timeseries_line_uncertainty_TOP100.csv
Fig1c,,,,,,,,,,-0.801715918454888,-0.307268125562562,,,,,,<PROJECT_ROOT>/output_TOP100_revision/derived_data/figure_source_data/Figure1_timeseries_line_uncertainty_TOP100.csv
Fig1c,,,,,,,,,,-0.877532734102052,-0.320201484964182,,,,,,<PROJECT_ROOT>/output_TOP100_revision/derived_data/figure_source_data/Figure1_timeseries_line_uncertainty_TOP100.csv
Fig1c,,,,,,,,,,-0.911356428092713,-0.335877801435642,,,,,,<PROJECT_ROOT>/output_TOP100_revision/derived_data/figure_source_data/Figure1_timeseries_line_uncertainty_TOP100.csv
Fig1c,,,,,,,,,,-1.01960926857714,-0.436745386739549,,,,,,<PROJECT_ROOT>/output_TOP100_revision/derived_data/figure_source_data/Figure1_timeseries_line_uncertainty_TOP100.csv
Fig1c,,,,,,,,,,-1.18017804017458,-0.599188561737603,,,,,,<PROJECT_ROOT>/output_TOP100_revision/derived_data/figure_source_data/Figure1_timeseries_line_uncertainty_TOP100.csv
Fig1c,,,,,,,,,,-1.30565626342191,-0.736727952036009,,,,,,<PROJECT_ROOT>/output_TOP100_revision/derived_data/figure_source_data/Figure1_timeseries_line_uncertainty_TOP100.csv
Fig1c,,,,,,,,,,-1.35790756439992,-0.779182382996499,,,,,,<PROJECT_ROOT>/output_TOP100_revision/derived_data/figure_source_data/Figure1_timeseries_line_uncertainty_TOP100.csv
Fig1c,,,,,,,,,,-1.40381888435396,-0.851138037793276,,,,,,<PROJECT_ROOT>/output_TOP100_revision/derived_data/figure_source_data/Figure1_timeseries_line_uncertainty_TOP100.csv
Fig1c,,,,,,,,,,-1.44026927051927,-0.907678134313761,,,,,,<PROJECT_ROOT>/output_TOP100_revision/derived_data/figure_source_data/Figure1_timeseries_line_uncertainty_TOP100.csv
Fig1c,,,,,,,,,,-1.53413003669346,-1.02558405335857,,,,,,<PROJECT_ROOT>/output_TOP100_revision/derived_data/figure_source_data/Figure1_timeseries_line_uncertainty_TOP100.csv
Fig1c,,,,,,,,,,-1.58230061967099,-1.11334630486956,,,,,,<PROJECT_ROOT>/output_TOP100_revision/derived_data/figure_source_data/Figure1_timeseries_line_uncertainty_TOP100.csv
Fig1c,,,,,,,,,,-1.60388036698644,-1.16514982323864,,,,,,<PROJECT_ROOT>/output_TOP100_revision/derived_data/figure_source_data/Figure1_timeseries_line_uncertainty_TOP100.csv
Fig1c,,,,,,,,,,-1.68929333625983,-1.26768735499926,,,,,,<PROJECT_ROOT>/output_TOP100_revision/derived_data/figure_source_data/Figure1_timeseries_line_uncertainty_TOP100.csv
Fig1c,,,,,,,,,,-1.7161337873462,-1.30665133023933,,,,,,<PROJECT_ROOT>/output_TOP100_revision/derived_data/figure_source_data/Figure1_timeseries_line_uncertainty_TOP100.csv
Fig1c,,,,,,,,,,-1.7210187047175,-1.30836601175029,,,,,,<PROJECT_ROOT>/output_TOP100_revision/derived_data/figure_source_data/Figure1_timeseries_line_uncertainty_TOP100.csv
Fig1c,,,,,,,,,,-1.73071796603592,-1.3176279979429,,,,,,<PROJECT_ROOT>/output_TOP100_revision/derived_data/figure_source_data/Figure1_timeseries_line_uncertainty_TOP100.csv
Fig1c,,,,,,,,,,-1.67364486772982,-1.23937317786147,,,,,,<PROJECT_ROOT>/output_TOP100_revision/derived_data/figure_source_data/Figure1_timeseries_line_uncertainty_TOP100.csv
Fig1c,,,,,,,,,,-1.69525283929665,-1.24304932212098,,,,,,<PROJECT_ROOT>/output_TOP100_revision/derived_data/figure_source_data/Figure1_timeseries_line_uncertainty_TOP100.csv
Fig1c,,,,,,,,,,-1.70765732539642,-1.24924174754205,,,,,,<PROJECT_ROOT>/output_TOP100_revision/derived_data/figure_source_data/Figure1_timeseries_line_uncertainty_TOP100.csv
Fig1c,,,,,,,,,,-1.63896152295296,-1.17285920777536,,,,,,<PROJECT_ROOT>/output_TOP100_revision/derived_data/figure_source_data/Figure1_timeseries_line_uncertainty_TOP100.csv
Fig1c,,,,,,,,,,-1.56649777422804,-1.11648213963175,,,,,,<PROJECT_ROOT>/output_TOP100_revision/derived_data/figure_source_data/Figure1_timeseries_line_uncertainty_TOP100.csv
Fig1c,,,,,,,,,,-1.44355943639989,-1.01733531267846,,,,,,<PROJECT_ROOT>/output_TOP100_revision/derived_data/figure_source_data/Figure1_timeseries_line_uncertainty_TOP100.csv
Fig1c,,,,,,,,,,-1.37766408864838,-0.983450575064552,,,,,,<PROJECT_ROOT>/output_TOP100_revision/derived_data/figure_source_data/Figure1_timeseries_line_uncertainty_TOP100.csv
Fig1c,,,,,,,,,,-1.30963701541267,-0.927521172312468,,,,,,<PROJECT_ROOT>/output_TOP100_revision/derived_data/figure_source_data/Figure1_timeseries_line_uncertainty_TOP100.csv
Fig1c,,,,,,,,,,-1.21760319055105,-0.88573950512472,,,,,,<PROJECT_ROOT>/output_TOP100_revision/derived_data/figure_source_data/Figure1_timeseries_line_uncertainty_TOP100.csv
Fig1c,,,,,,,,,,-1.18742935372409,-0.876354253803654,,,,,,<PROJECT_ROOT>/output_TOP100_revision/derived_data/figure_source_data/Figure1_timeseries_line_uncertainty_TOP100.csv
Fig1c,,,,,,,,,,-1.20480733871489,-0.903389835981661,,,,,,<PROJECT_ROOT>/output_TOP100_revision/derived_data/figure_source_data/Figure1_timeseries_line_uncertainty_TOP100.csv
Fig1c,,,,,,,,,,-1.17458924698196,-0.849173375018323,,,,,,<PROJECT_ROOT>/output_TOP100_revision/derived_data/figure_source_data/Figure1_timeseries_line_uncertainty_TOP100.csv
Fig1c,,,,,,,,,,-1.15590999584688,-0.833812842189663,,,,,,<PROJECT_ROOT>/output_TOP100_revision/derived_data/figure_source_data/Figure1_timeseries_line_uncertainty_TOP100.csv
Fig1c,,,,,,,,,,-1.07713961883222,-0.739791698733075,,,,,,<PROJECT_ROOT>/output_TOP100_revision/derived_data/figure_source_data/Figure1_timeseries_line_uncertainty_TOP100.csv
Fig1c,,,,,,,,,,-1.03803168381548,-0.679401064245565,,,,,,<PROJECT_ROOT>/output_TOP100_revision/derived_data/figure_source_data/Figure1_timeseries_line_uncertainty_TOP100.csv
Fig1c,,,,,,,,,,-1.05053662599161,-0.675180530425631,,,,,,<PROJECT_ROOT>/output_TOP100_revision/derived_data/figure_source_data/Figure1_timeseries_line_uncertainty_TOP100.csv
Fig1c,,,,,,,,,,-1.06134908085427,-0.669941769154605,,,,,,<PROJECT_ROOT>/output_TOP100_revision/derived_data/figure_source_data/Figure1_timeseries_line_uncertainty_TOP100.csv
Fig1c,,,,,,,,,,-1.09561579025139,-0.68604801217132,,,,,,<PROJECT_ROOT>/output_TOP100_revision/derived_data/figure_source_data/Figure1_timeseries_line_uncertainty_TOP100.csv
Fig1c,,,,,,,,,,-1.08128480849356,-0.683096240213162,,,,,,<PROJECT_ROOT>/output_TOP100_revision/derived_data/figure_source_data/Figure1_timeseries_line_uncertainty_TOP100.csv
Fig1c,,,,,,,,,,-1.1208213570159,-0.692121126638973,,,,,,<PROJECT_ROOT>/output_TOP100_revision/derived_data/figure_source_data/Figure1_timeseries_line_uncertainty_TOP100.csv
Fig1c,,,,,,,,,,-1.10733409423139,-0.678825181012086,,,,,,<PROJECT_ROOT>/output_TOP100_revision/derived_data/figure_source_data/Figure1_timeseries_line_uncertainty_TOP100.csv
Fig1c,,,,,,,,,,-1.10503903397014,-0.667586316239495,,,,,,<PROJECT_ROOT>/output_TOP100_revision/derived_data/figure_source_data/Figure1_timeseries_line_uncertainty_TOP100.csv
Fig1c,,,,,,,,,,-1.10091187708191,-0.670893837388861,,,,,,<PROJECT_ROOT>/output_TOP100_revision/derived_data/figure_source_data/Figure1_timeseries_line_uncertainty_TOP100.csv
Fig1c,,,,,,,,,,-1.09952598942443,-0.698867734987073,,,,,,<PROJECT_ROOT>/output_TOP100_revision/derived_data/figure_source_data/Figure1_timeseries_line_uncertainty_TOP100.csv
Fig1c,,,,,,,,,,-1.07451285689173,-0.692280106105226,,,,,,<PROJECT_ROOT>/output_TOP100_revision/derived_data/figure_source_data/Figure1_timeseries_line_uncertainty_TOP100.csv
Fig1c,,,,,,,,,,-1.06525462100571,-0.70929900456957,,,,,,<PROJECT_ROOT>/output_TOP100_revision/derived_data/figure_source_data/Figure1_timeseries_line_uncertainty_TOP100.csv
Fig1c,,,,,,,,,,-1.00120525779363,-0.672159840815848,,,,,,<PROJECT_ROOT>/output_TOP100_revision/derived_data/figure_source_data/Figure1_timeseries_line_uncertainty_TOP100.csv
Fig1c,,,,,,,,,,-0.985466529207327,-0.702505725301772,,,,,,<PROJECT_ROOT>/output_TOP100_revision/derived_data/figure_source_data/Figure1_timeseries_line_uncertainty_TOP100.csv
Fig1c,,,,,,,,,,-1.01082282023968,-0.725061381739989,,,,,,<PROJECT_ROOT>/output_TOP100_revision/derived_data/figure_source_data/Figure1_timeseries_line_uncertainty_TOP100.csv
Fig1c,,,,,,,,,,-1.05419971500915,-0.740511551876384,,,,,,<PROJECT_ROOT>/output_TOP100_revision/derived_data/figure_source_data/Figure1_timeseries_line_uncertainty_TOP100.csv
Fig1c,,,,,,,,,,-1.10390826076252,-0.755826750388824,,,,,,<PROJECT_ROOT>/output_TOP100_revision/derived_data/figure_source_data/Figure1_timeseries_line_uncertainty_TOP100.csv
Fig1c,,,,,,,,,,-1.12231412378124,-0.753075209240214,,,,,,<PROJECT_ROOT>/output_TOP100_revision/derived_data/figure_source_data/Figure1_timeseries_line_uncertainty_TOP100.csv
Fig1c,,,,,,,,,,-1.14268783731404,-0.760740551212521,,,,,,<PROJECT_ROOT>/output_TOP100_revision/derived_data/figure_source_data/Figure1_timeseries_line_uncertainty_TOP100.csv
Fig1c,,,,,,,,,,-1.16929265670122,-0.780810906031297,,,,,,<PROJECT_ROOT>/output_TOP100_revision/derived_data/figure_source_data/Figure1_timeseries_line_uncertainty_TOP100.csv
Fig1c,,,,,,,,,,-1.18953666110511,-0.78750168931747,,,,,,<PROJECT_ROOT>/output_TOP100_revision/derived_data/figure_source_data/Figure1_timeseries_line_uncertainty_TOP100.csv
Fig1c,,,,,,,,,,-1.17360074471817,-0.785232715621045,,,,,,<PROJECT_ROOT>/output_TOP100_revision/derived_data/figure_source_data/Figure1_timeseries_line_uncertainty_TOP100.csv
Fig1c,,,,,,,,,,-1.23844798752208,-0.837787526065089,,,,,,<PROJECT_ROOT>/output_TOP100_revision/derived_data/figure_source_data/Figure1_timeseries_line_uncertainty_TOP100.csv
Fig1c,,,,,,,,,,-1.32432686323695,-0.914334251675619,,,,,,<PROJECT_ROOT>/output_TOP100_revision/derived_data/figure_source_data/Figure1_timeseries_line_uncertainty_TOP100.csv
Fig1c,,,,,,,,,,-1.43125067286099,-1.02441994562586,,,,,,<PROJECT_ROOT>/output_TOP100_revision/derived_data/figure_source_data/Figure1_timeseries_line_uncertainty_TOP100.csv
Fig1c,,,,,,,,,,-1.44832751941938,-1.04239624045865,,,,,,<PROJECT_ROOT>/output_TOP100_revision/derived_data/figure_source_data/Figure1_timeseries_line_uncertainty_TOP100.csv
Fig1c,,,,,,,,,,-1.46859227924645,-1.0720335189085,,,,,,<PROJECT_ROOT>/output_TOP100_revision/derived_data/figure_source_data/Figure1_timeseries_line_uncertainty_TOP100.csv
Fig1c,,,,,,,,,,-1.46952496168881,-1.10232402273316,,,,,,<PROJECT_ROOT>/output_TOP100_revision/derived_data/figure_source_data/Figure1_timeseries_line_uncertainty_TOP100.csv
Fig1c,,,,,,,,,,-1.45552748737306,-1.09409757707955,,,,,,<PROJECT_ROOT>/output_TOP100_revision/derived_data/figure_source_data/Figure1_timeseries_line_uncertainty_TOP100.csv
Fig1c,,,,,,,,,,-1.44718018760553,-1.06323230572645,,,,,,<PROJECT_ROOT>/output_TOP100_revision/derived_data/figure_source_data/Figure1_timeseries_line_uncertainty_TOP100.csv
Fig1c,,,,,,,,,,-1.40797374557881,-1.0660712195264,,,,,,<PROJECT_ROOT>/output_TOP100_revision/derived_data/figure_source_data/Figure1_timeseries_line_uncertainty_TOP100.csv
Fig1c,,,,,,,,,,-1.42900782738177,-1.10009485941794,,,,,,<PROJECT_ROOT>/output_TOP100_revision/derived_data/figure_source_data/Figure1_timeseries_line_uncertainty_TOP100.csv
Fig1c,,,,,,,,,,-1.44268373944566,-1.11741901546006,,,,,,<PROJECT_ROOT>/output_TOP100_revision/derived_data/figure_source_data/Figure1_timeseries_line_uncertainty_TOP100.csv
Fig1c,,,,,,,,,,-1.48107602365527,-1.13274282393062,,,,,,<PROJECT_ROOT>/output_TOP100_revision/derived_data/figure_source_data/Figure1_timeseries_line_uncertainty_TOP100.csv
Fig1c,,,,,,,,,,-1.39725262483816,-1.0734358105012,,,,,,<PROJECT_ROOT>/output_TOP100_revision/derived_data/figure_source_data/Figure1_timeseries_line_uncertainty_TOP100.csv
Fig1c,,,,,,,,,,-1.36886999124062,-1.0112279909391,,,,,,<PROJECT_ROOT>/output_TOP100_revision/derived_data/figure_source_data/Figure1_timeseries_line_uncertainty_TOP100.csv
Fig1c,,,,,,,,,,-1.29573565293955,-0.885345480577391,,,,,,<PROJECT_ROOT>/output_TOP100_revision/derived_data/figure_source_data/Figure1_timeseries_line_uncertainty_TOP100.csv
Fig1c,,,,,,,,,,-1.24175473874471,-0.730216089838081,,,,,,<PROJECT_ROOT>/output_TOP100_revision/derived_data/figure_source_data/Figure1_timeseries_line_uncertainty_TOP100.csv
Fig1c,,,,,,,,,,-1.14990131627264,-0.560701015408317,,,,,,<PROJECT_ROOT>/output_TOP100_revision/derived_data/figure_source_data/Figure1_timeseries_line_uncertainty_TOP100.csv
Fig1c,,,,,,,,,,-1.06814357872742,-0.377121707834747,,,,,,<PROJECT_ROOT>/output_TOP100_revision/derived_data/figure_source_data/Figure1_timeseries_line_uncertainty_TOP100.csv
Fig1c,,,,,,,,,,-0.950927600971169,-0.139422350467054,,,,,,<PROJECT_ROOT>/output_TOP100_revision/derived_data/figure_source_data/Figure1_timeseries_line_uncertainty_TOP100.csv
Fig1c,,,,,,,,,,-0.884776399931667,0.0590416162105448,,,,,,<PROJECT_ROOT>/output_TOP100_revision/derived_data/figure_source_data/Figure1_timeseries_line_uncertainty_TOP100.csv
Fig1c,,,,,,,,,,-0.806881689276933,0.170412959265657,,,,,,<PROJECT_ROOT>/output_TOP100_revision/derived_data/figure_source_data/Figure1_timeseries_line_uncertainty_TOP100.csv
Fig1c,,,,,,,,,,-0.612936629237247,0.400197575542919,,,,,,<PROJECT_ROOT>/output_TOP100_revision/derived_data/figure_source_data/Figure1_timeseries_line_uncertainty_TOP100.csv
Fig1c,,,,,,,,,,-0.434632966548096,0.592275797258538,,,,,,<PROJECT_ROOT>/output_TOP100_revision/derived_data/figure_source_data/Figure1_timeseries_line_uncertainty_TOP100.csv
Fig1c,,,,,,,,,,-0.286186830984298,0.702100241804266,,,,,,<PROJECT_ROOT>/output_TOP100_revision/derived_data/figure_source_data/Figure1_timeseries_line_uncertainty_TOP100.csv
Fig1c,,,,,,,,,,-0.193015389100071,0.800266128714535,,,,,,<PROJECT_ROOT>/output_TOP100_revision/derived_data/figure_source_data/Figure1_timeseries_line_uncertainty_TOP100.csv
Fig1c,,,,,,,,,,-0.0794431821865624,0.933361763936191,,,,,,<PROJECT_ROOT>/output_TOP100_revision/derived_data/figure_source_data/Figure1_timeseries_line_uncertainty_TOP100.csv
Fig1c,,,,,,,,,,-0.0072383251859794,0.965640064034405,,,,,,<PROJECT_ROOT>/output_TOP100_revision/derived_data/figure_source_data/Figure1_timeseries_line_uncertainty_TOP100.csv
Fig1c,,,,,,,,,,0.0144789383741294,0.924579275300769,,,,,,<PROJECT_ROOT>/output_TOP100_revision/derived_data/figure_source_data/Figure1_timeseries_line_uncertainty_TOP100.csv
Fig1c,,,,,,,,,,0.0025836866002024,0.828909587137456,,,,,,<PROJECT_ROOT>/output_TOP100_revision/derived_data/figure_source_data/Figure1_timeseries_line_uncertainty_TOP100.csv
Fig1c,,,,,,,,,,0.000299701320855,0.74009460244255,,,,,,<PROJECT_ROOT>/output_TOP100_revision/derived_data/figure_source_data/Figure1_timeseries_line_uncertainty_TOP100.csv
Fig1c,,,,,,,,,,-0.0959043568472611,0.568910213805708,,,,,,<PROJECT_ROOT>/output_TOP100_revision/derived_data/figure_source_data/Figure1_timeseries_line_uncertainty_TOP100.csv
Fig1c,,,,,,,,,,-0.123175259499167,0.484801699180751,,,,,,<PROJECT_ROOT>/output_TOP100_revision/derived_data/figure_source_data/Figure1_timeseries_line_uncertainty_TOP100.csv
Fig1c,,,,,,,,,,-0.219399245279657,0.380959535225409,,,,,,<PROJECT_ROOT>/output_TOP100_revision/derived_data/figure_source_data/Figure1_timeseries_line_uncertainty_TOP100.csv
Fig1c,,,,,,,,,,-0.352428336639963,0.215094597401176,,,,,,<PROJECT_ROOT>/output_TOP100_revision/derived_data/figure_source_data/Figure1_timeseries_line_uncertainty_TOP100.csv
Fig1c,,,,,,,,,,-0.547020958506298,0.0302601357104087,,,,,,<PROJECT_ROOT>/output_TOP100_revision/derived_data/figure_source_data/Figure1_timeseries_line_uncertainty_TOP100.csv
Fig1c,,,,,,,,,,-0.730939573096243,-0.155507519314039,,,,,,<PROJECT_ROOT>/output_TOP100_revision/derived_data/figure_source_data/Figure1_timeseries_line_uncertainty_TOP100.csv
Fig1c,,,,,,,,,,-0.857709360085822,-0.291690225807668,,,,,,<PROJECT_ROOT>/output_TOP100_revision/derived_data/figure_source_data/Figure1_timeseries_line_uncertainty_TOP100.csv
Fig1c,,,,,,,,,,-1.01696169687262,-0.442557663838996,,,,,,<PROJECT_ROOT>/output_TOP100_revision/derived_data/figure_source_data/Figure1_timeseries_line_uncertainty_TOP100.csv
Fig1c,,,,,,,,,,-1.11554341758496,-0.557638949082445,,,,,,<PROJECT_ROOT>/output_TOP100_revision/derived_data/figure_source_data/Figure1_timeseries_line_uncertainty_TOP100.csv
Fig1c,,,,,,,,,,-1.18304494656643,-0.641491896954898,,,,,,<PROJECT_ROOT>/output_TOP100_revision/derived_data/figure_source_data/Figure1_timeseries_line_uncertainty_TOP100.csv
Fig1c,,,,,,,,,,-1.22569534130091,-0.709051212783484,,,,,,<PROJECT_ROOT>/output_TOP100_revision/derived_data/figure_source_data/Figure1_timeseries_line_uncertainty_TOP100.csv
Fig1c,,,,,,,,,,-1.29824061521946,-0.7846399184386,,,,,,<PROJECT_ROOT>/output_TOP100_revision/derived_data/figure_source_data/Figure1_timeseries_line_uncertainty_TOP100.csv
Fig1c,,,,,,,,,,-1.35542329570609,-0.857865260273828,,,,,,<PROJECT_ROOT>/output_TOP100_revision/derived_data/figure_source_data/Figure1_timeseries_line_uncertainty_TOP100.csv
Fig1c,,,,,,,,,,-1.46186550667919,-0.926735769291285,,,,,,<PROJECT_ROOT>/output_TOP100_revision/derived_data/figure_source_data/Figure1_timeseries_line_uncertainty_TOP100.csv
Fig1c,,,,,,,,,,-1.54476953657886,-0.985214944720767,,,,,,<PROJECT_ROOT>/output_TOP100_revision/derived_data/figure_source_data/Figure1_timeseries_line_uncertainty_TOP100.csv
Fig1c,,,,,,,,,,-1.54356571300642,-0.977653069103482,,,,,,<PROJECT_ROOT>/output_TOP100_revision/derived_data/figure_source_data/Figure1_timeseries_line_uncertainty_TOP100.csv
Fig1c,,,,,,,,,,-1.51098892904133,-0.944937765427346,,,,,,<PROJECT_ROOT>/output_TOP100_revision/derived_data/figure_source_data/Figure1_timeseries_line_uncertainty_TOP100.csv
Fig1c,,,,,,,,,,-1.49881437572361,-0.915750599935556,,,,,,<PROJECT_ROOT>/output_TOP100_revision/derived_data/figure_source_data/Figure1_timeseries_line_uncertainty_TOP100.csv
Fig1c,,,,,,,,,,-1.55247882012339,-0.986749855218916,,,,,,<PROJECT_ROOT>/output_TOP100_revision/derived_data/figure_source_data/Figure1_timeseries_line_uncertainty_TOP100.csv
Fig1c,,,,,,,,,,-1.54713574673493,-1.00049079399419,,,,,,<PROJECT_ROOT>/output_TOP100_revision/derived_data/figure_source_data/Figure1_timeseries_line_uncertainty_TOP100.csv
Fig1c,,,,,,,,,,-1.56483826979481,-1.03258193058185,,,,,,<PROJECT_ROOT>/output_TOP100_revision/derived_data/figure_source_data/Figure1_timeseries_line_uncertainty_TOP100.csv
Fig1c,,,,,,,,,,-1.55453983932481,-1.03214372385118,,,,,,<PROJECT_ROOT>/output_TOP100_revision/derived_data/figure_source_data/Figure1_timeseries_line_uncertainty_TOP100.csv
Fig1c,,,,,,,,,,-1.56496132060937,-1.03591780522727,,,,,,<PROJECT_ROOT>/output_TOP100_revision/derived_data/figure_source_data/Figure1_timeseries_line_uncertainty_TOP100.csv
Fig1c,,,,,,,,,,-1.51548260386868,-1.01476548244384,,,,,,<PROJECT_ROOT>/output_TOP100_revision/derived_data/figure_source_data/Figure1_timeseries_line_uncertainty_TOP100.csv
Fig1c,,,,,,,,,,-1.49504980625627,-0.974332421784046,,,,,,<PROJECT_ROOT>/output_TOP100_revision/derived_data/figure_source_data/Figure1_timeseries_line_uncertainty_TOP100.csv
Fig1c,,,,,,,,,,-1.40747205144576,-0.932480267023005,,,,,,<PROJECT_ROOT>/output_TOP100_revision/derived_data/figure_source_data/Figure1_timeseries_line_uncertainty_TOP100.csv
Fig1c,,,,,,,,,,-1.32178943142367,-0.87573548552486,,,,,,<PROJECT_ROOT>/output_TOP100_revision/derived_data/figure_source_data/Figure1_timeseries_line_uncertainty_TOP100.csv
Fig1c,,,,,,,,,,-1.28643802938043,-0.883130255377541,,,,,,<PROJECT_ROOT>/output_TOP100_revision/derived_data/figure_source_data/Figure1_timeseries_line_uncertainty_TOP100.csv
Fig1c,,,,,,,,,,-1.24721016820377,-0.856928505974111,,,,,,<PROJECT_ROOT>/output_TOP100_revision/derived_data/figure_source_data/Figure1_timeseries_line_uncertainty_TOP100.csv
Fig1c,,,,,,,,,,-1.18924930102375,-0.812988605528673,,,,,,<PROJECT_ROOT>/output_TOP100_revision/derived_data/figure_source_data/Figure1_timeseries_line_uncertainty_TOP100.csv
Fig1c,,,,,,,,,,-1.08866886006673,-0.71851744682583,,,,,,<PROJECT_ROOT>/output_TOP100_revision/derived_data/figure_source_data/Figure1_timeseries_line_uncertainty_TOP100.csv
Fig1c,,,,,,,,,,-0.986426561035517,-0.633460585804677,,,,,,<PROJECT_ROOT>/output_TOP100_revision/derived_data/figure_source_data/Figure1_timeseries_line_uncertainty_TOP100.csv
Fig1c,,,,,,,,,,-0.905857969000498,-0.546586802517783,,,,,,<PROJECT_ROOT>/output_TOP100_revision/derived_data/figure_source_data/Figure1_timeseries_line_uncertainty_TOP100.csv
Fig1c,,,,,,,,,,-0.867903821401556,-0.521931163251516,,,,,,<PROJECT_ROOT>/output_TOP100_revision/derived_data/figure_source_data/Figure1_timeseries_line_uncertainty_TOP100.csv
Fig1c,,,,,,,,,,-0.77238598742118,-0.439197232827698,,,,,,<PROJECT_ROOT>/output_TOP100_revision/derived_data/figure_source_data/Figure1_timeseries_line_uncertainty_TOP100.csv
Fig1c,,,,,,,,,,-0.663997925049791,-0.375911210652109,,,,,,<PROJECT_ROOT>/output_TOP100_revision/derived_data/figure_source_data/Figure1_timeseries_line_uncertainty_TOP100.csv
Fig1c,,,,,,,,,,-0.582236397256903,-0.323348467987514,,,,,,<PROJECT_ROOT>/output_TOP100_revision/derived_data/figure_source_data/Figure1_timeseries_line_uncertainty_TOP100.csv
Fig1c,,,,,,,,,,-0.568422032626992,-0.302181979255211,,,,,,<PROJECT_ROOT>/output_TOP100_revision/derived_data/figure_source_data/Figure1_timeseries_line_uncertainty_TOP100.csv
Fig1c,,,,,,,,,,-0.522797136407936,-0.268979930532459,,,,,,<PROJECT_ROOT>/output_TOP100_revision/derived_data/figure_source_data/Figure1_timeseries_line_uncertainty_TOP100.csv
Fig1c,,,,,,,,,,-0.484551164136961,-0.229110993873753,,,,,,<PROJECT_ROOT>/output_TOP100_revision/derived_data/figure_source_data/Figure1_timeseries_line_uncertainty_TOP100.csv
Fig1c,,,,,,,,,,-0.475545654836593,-0.204799246913185,,,,,,<PROJECT_ROOT>/output_TOP100_revision/derived_data/figure_source_data/Figure1_timeseries_line_uncertainty_TOP100.csv
Fig1c,,,,,,,,,,-0.441915316990447,-0.163921688973982,,,,,,<PROJECT_ROOT>/output_TOP100_revision/derived_data/figure_source_data/Figure1_timeseries_line_uncertainty_TOP100.csv
Fig1c,,,,,,,,,,-0.443028151823721,-0.145775369148067,,,,,,<PROJECT_ROOT>/output_TOP100_revision/derived_data/figure_source_data/Figure1_timeseries_line_uncertainty_TOP100.csv
Fig1c,,,,,,,,,,-0.460258051783873,-0.13433092144067,,,,,,<PROJECT_ROOT>/output_TOP100_revision/derived_data/figure_source_data/Figure1_timeseries_line_uncertainty_TOP100.csv
Fig1c,,,,,,,,,,-0.485331569523802,-0.117587648299068,,,,,,<PROJECT_ROOT>/output_TOP100_revision/derived_data/figure_source_data/Figure1_timeseries_line_uncertainty_TOP100.csv
Fig1c,,,,,,,,,,-0.480061732905273,-0.0736738175006405,,,,,,<PROJECT_ROOT>/output_TOP100_revision/derived_data/figure_source_data/Figure1_timeseries_line_uncertainty_TOP100.csv
Fig1c,,,,,,,,,,-0.465246358937406,-0.0350144711414789,,,,,,<PROJECT_ROOT>/output_TOP100_revision/derived_data/figure_source_data/Figure1_timeseries_line_uncertainty_TOP100.csv
Fig1c,,,,,,,,,,-0.461072122583104,-0.0117288288975206,,,,,,<PROJECT_ROOT>/output_TOP100_revision/derived_data/figure_source_data/Figure1_timeseries_line_uncertainty_TOP100.csv
Fig1c,,,,,,,,,,-0.448116700322248,0.0160681439999264,,,,,,<PROJECT_ROOT>/output_TOP100_revision/derived_data/figure_source_data/Figure1_timeseries_line_uncertainty_TOP100.csv
Fig1c,,,,,,,,,,-0.408485961157383,0.0464417609864707,,,,,,<PROJECT_ROOT>/output_TOP100_revision/derived_data/figure_source_data/Figure1_timeseries_line_uncertainty_TOP100.csv
Fig1c,,,,,,,,,,-0.426624858502144,0.0212819523892987,,,,,,<PROJECT_ROOT>/output_TOP100_revision/derived_data/figure_source_data/Figure1_timeseries_line_uncertainty_TOP100.csv
Fig1c,,,,,,,,,,-0.441128112040815,0.0136276749984775,,,,,,<PROJECT_ROOT>/output_TOP100_revision/derived_data/figure_source_data/Figure1_timeseries_line_uncertainty_TOP100.csv
Fig1c,,,,,,,,,,-0.417683708330977,0.0323721004940385,,,,,,<PROJECT_ROOT>/output_TOP100_revision/derived_data/figure_source_data/Figure1_timeseries_line_uncertainty_TOP100.csv
Fig1c,,,,,,,,,,-0.42478582023315,0.029822132177845,,,,,,<PROJECT_ROOT>/output_TOP100_revision/derived_data/figure_source_data/Figure1_timeseries_line_uncertainty_TOP100.csv
Fig1c,,,,,,,,,,-0.38863661766383,0.0578146130675012,,,,,,<PROJECT_ROOT>/output_TOP100_revision/derived_data/figure_source_data/Figure1_timeseries_line_uncertainty_TOP100.csv
Fig1c,,,,,,,,,,-0.32780207685009,0.0626753228575109,,,,,,<PROJECT_ROOT>/output_TOP100_revision/derived_data/figure_source_data/Figure1_timeseries_line_uncertainty_TOP100.csv
Fig1c,,,,,,,,,,-0.292687727607071,0.0662561930997581,,,,,,<PROJECT_ROOT>/output_TOP100_revision/derived_data/figure_source_data/Figure1_timeseries_line_uncertainty_TOP100.csv
Fig1c,,,,,,,,,,-0.273425552024924,0.0506685108695469,,,,,,<PROJECT_ROOT>/output_TOP100_revision/derived_data/figure_source_data/Figure1_timeseries_line_uncertainty_TOP100.csv
Fig1c,,,,,,,,,,-0.271055225403161,0.0431780588021212,,,,,,<PROJECT_ROOT>/output_TOP100_revision/derived_data/figure_source_data/Figure1_timeseries_line_uncertainty_TOP100.csv
Fig1c,,,,,,,,,,-0.258448080911363,0.0265242929826692,,,,,,<PROJECT_ROOT>/output_TOP100_revision/derived_data/figure_source_data/Figure1_timeseries_line_uncertainty_TOP100.csv
Fig1c,,,,,,,,,,-0.24470430769398,0.043714912447778,,,,,,<PROJECT_ROOT>/output_TOP100_revision/derived_data/figure_source_data/Figure1_timeseries_line_uncertainty_TOP100.csv
Fig1c,,,,,,,,,,-0.263129015930169,0.0328439261079754,,,,,,<PROJECT_ROOT>/output_TOP100_revision/derived_data/figure_source_data/Figure1_timeseries_line_uncertainty_TOP100.csv
Fig1c,,,,,,,,,,-0.198441484746874,0.0834386906722559,,,,,,<PROJECT_ROOT>/output_TOP100_revision/derived_data/figure_source_data/Figure1_timeseries_line_uncertainty_TOP100.csv
Fig1c,,,,,,,,,,-0.148547037741782,0.121743058522738,,,,,,<PROJECT_ROOT>/output_TOP100_revision/derived_data/figure_source_data/Figure1_timeseries_line_uncertainty_TOP100.csv
Fig1c,,,,,,,,,,-0.14959255557677,0.125311964329576,,,,,,<PROJECT_ROOT>/output_TOP100_revision/derived_data/figure_source_data/Figure1_timeseries_line_uncertainty_TOP100.csv
Fig1c,,,,,,,,,,-0.190848652677589,0.117606685206939,,,,,,<PROJECT_ROOT>/output_TOP100_revision/derived_data/figure_source_data/Figure1_timeseries_line_uncertainty_TOP100.csv
Fig1c,,,,,,,,,,-0.259984179931192,0.0454211391028747,,,,,,<PROJECT_ROOT>/output_TOP100_revision/derived_data/figure_source_data/Figure1_timeseries_line_uncertainty_TOP100.csv
Fig1c,,,,,,,,,,-0.338690832496424,-0.0226472878528598,,,,,,<PROJECT_ROOT>/output_TOP100_revision/derived_data/figure_source_data/Figure1_timeseries_line_uncertainty_TOP100.csv
Fig1c,,,,,,,,,,-0.368723337052055,-0.0578854049351205,,,,,,<PROJECT_ROOT>/output_TOP100_revision/derived_data/figure_source_data/Figure1_timeseries_line_uncertainty_TOP100.csv
Fig1c,,,,,,,,,,-0.394440246072804,-0.0617928010644111,,,,,,<PROJECT_ROOT>/output_TOP100_revision/derived_data/figure_source_data/Figure1_timeseries_line_uncertainty_TOP100.csv
Fig1c,,,,,,,,,,-0.410568222754624,-0.0860411248806823,,,,,,<PROJECT_ROOT>/output_TOP100_revision/derived_data/figure_source_data/Figure1_timeseries_line_uncertainty_TOP100.csv
Fig1c,,,,,,,,,,-0.450440473360448,-0.0985751510429704,,,,,,<PROJECT_ROOT>/output_TOP100_revision/derived_data/figure_source_data/Figure1_timeseries_line_uncertainty_TOP100.csv
Fig1c,,,,,,,,,,-0.459348096851154,-0.0913721625968544,,,,,,<PROJECT_ROOT>/output_TOP100_revision/derived_data/figure_source_data/Figure1_timeseries_line_uncertainty_TOP100.csv
Fig1c,,,,,,,,,,-0.45805021298823,-0.0563909901780935,,,,,,<PROJECT_ROOT>/output_TOP100_revision/derived_data/figure_source_data/Figure1_timeseries_line_uncertainty_TOP100.csv
Fig1c,,,,,,,,,,-0.488333768358916,-0.0958625803194629,,,,,,<PROJECT_ROOT>/output_TOP100_revision/derived_data/figure_source_data/Figure1_timeseries_line_uncertainty_TOP100.csv
Fig1c,,,,,,,,,,-0.490605282042761,-0.113115989512903,,,,,,<PROJECT_ROOT>/output_TOP100_revision/derived_data/figure_source_data/Figure1_timeseries_line_uncertainty_TOP100.csv
Fig1c,,,,,,,,,,-0.485834703951312,-0.107751054231656,,,,,,<PROJECT_ROOT>/output_TOP100_revision/derived_data/figure_source_data/Figure1_timeseries_line_uncertainty_TOP100.csv
Fig1c,,,,,,,,,,-0.391952779689216,-0.0290751729517841,,,,,,<PROJECT_ROOT>/output_TOP100_revision/derived_data/figure_source_data/Figure1_timeseries_line_uncertainty_TOP100.csv
Fig1c,,,,,,,,,,-0.310513144941352,0.0392087029643965,,,,,,<PROJECT_ROOT>/output_TOP100_revision/derived_data/figure_source_data/Figure1_timeseries_line_uncertainty_TOP100.csv
Fig1c,,,,,,,,,,-0.238846010253494,0.0951013903381195,,,,,,<PROJECT_ROOT>/output_TOP100_revision/derived_data/figure_source_data/Figure1_timeseries_line_uncertainty_TOP100.csv
Fig1c,,,,,,,,,,-0.160070424911351,0.158709671012699,,,,,,<PROJECT_ROOT>/output_TOP100_revision/derived_data/figure_source_data/Figure1_timeseries_line_uncertainty_TOP100.csv
Fig1c,,,,,,,,,,-0.0880595681885782,0.213846065459392,,,,,,<PROJECT_ROOT>/output_TOP100_revision/derived_data/figure_source_data/Figure1_timeseries_line_uncertainty_TOP100.csv
Fig1c,,,,,,,,,,-0.0904482480906782,0.206915576795824,,,,,,<PROJECT_ROOT>/output_TOP100_revision/derived_data/figure_source_data/Figure1_timeseries_line_uncertainty_TOP100.csv
Fig1c,,,,,,,,,,-0.101899065043336,0.200601200042332,,,,,,<PROJECT_ROOT>/output_TOP100_revision/derived_data/figure_source_data/Figure1_timeseries_line_uncertainty_TOP100.csv
Fig1c,,,,,,,,,,-0.080845204975152,0.215397866469374,,,,,,<PROJECT_ROOT>/output_TOP100_revision/derived_data/figure_source_data/Figure1_timeseries_line_uncertainty_TOP100.csv
Fig1c,,,,,,,,,,-0.049987844515717,0.271484596147579,,,,,,<PROJECT_ROOT>/output_TOP100_revision/derived_data/figure_source_data/Figure1_timeseries_line_uncertainty_TOP100.csv
Fig1c,,,,,,,,,,-0.0536447766678533,0.255570782194424,,,,,,<PROJECT_ROOT>/output_TOP100_revision/derived_data/figure_source_data/Figure1_timeseries_line_uncertainty_TOP100.csv
Fig1c,,,,,,,,,,-0.0940082620552748,0.229265103320606,,,,,,<PROJECT_ROOT>/output_TOP100_revision/derived_data/figure_source_data/Figure1_timeseries_line_uncertainty_TOP100.csv
Fig1c,,,,,,,,,,-0.145467768819561,0.19317229453137,,,,,,<PROJECT_ROOT>/output_TOP100_revision/derived_data/figure_source_data/Figure1_timeseries_line_uncertainty_TOP100.csv
Fig1c,,,,,,,,,,-0.171820387015967,0.152854238312901,,,,,,<PROJECT_ROOT>/output_TOP100_revision/derived_data/figure_source_data/Figure1_timeseries_line_uncertainty_TOP100.csv
Fig1c,,,,,,,,,,-0.164007405312674,0.159562793359693,,,,,,<PROJECT_ROOT>/output_TOP100_revision/derived_data/figure_source_data/Figure1_timeseries_line_uncertainty_TOP100.csv
Fig1c,,,,,,,,,,-0.158418801370082,0.148900385511688,,,,,,<PROJECT_ROOT>/output_TOP100_revision/derived_data/figure_source_data/Figure1_timeseries_line_uncertainty_TOP100.csv
Fig1c,,,,,,,,,,-0.175581865394446,0.125480591176134,,,,,,<PROJECT_ROOT>/output_TOP100_revision/derived_data/figure_source_data/Figure1_timeseries_line_uncertainty_TOP100.csv
Fig1c,,,,,,,,,,-0.158961910749787,0.146588777363073,,,,,,<PROJECT_ROOT>/output_TOP100_revision/derived_data/figure_source_data/Figure1_timeseries_line_uncertainty_TOP100.csv
Fig1c,,,,,,,,,,-0.15242987030955,0.134296324115282,,,,,,<PROJECT_ROOT>/output_TOP100_revision/derived_data/figure_source_data/Figure1_timeseries_line_uncertainty_TOP100.csv
Fig1c,,,,,,,,,,-0.104474432379483,0.190824086215351,,,,,,<PROJECT_ROOT>/output_TOP100_revision/derived_data/figure_source_data/Figure1_timeseries_line_uncertainty_TOP100.csv
Fig1c,,,,,,,,,,-0.113690423378117,0.216255769580269,,,,,,<PROJECT_ROOT>/output_TOP100_revision/derived_data/figure_source_data/Figure1_timeseries_line_uncertainty_TOP100.csv
Fig1c,,,,,,,,,,-0.180411210824899,0.160298384098776,,,,,,<PROJECT_ROOT>/output_TOP100_revision/derived_data/figure_source_data/Figure1_timeseries_line_uncertainty_TOP100.csv
Fig1c,,,,,,,,,,-0.16307729086352,0.171511586257245,,,,,,<PROJECT_ROOT>/output_TOP100_revision/derived_data/figure_source_data/Figure1_timeseries_line_uncertainty_TOP100.csv
Fig1c,,,,,,,,,,-0.142832421068561,0.205327601391033,,,,,,<PROJECT_ROOT>/output_TOP100_revision/derived_data/figure_source_data/Figure1_timeseries_line_uncertainty_TOP100.csv
Fig1c,,,,,,,,,,-0.089502987521022,0.270618985177049,,,,,,<PROJECT_ROOT>/output_TOP100_revision/derived_data/figure_source_data/Figure1_timeseries_line_uncertainty_TOP100.csv
Fig1c,,,,,,,,,,-0.0288681199733311,0.313033835859595,,,,,,<PROJECT_ROOT>/output_TOP100_revision/derived_data/figure_source_data/Figure1_timeseries_line_uncertainty_TOP100.csv
Fig1c,,,,,,,,,,-0.054342765024493,0.291231040387039,,,,,,<PROJECT_ROOT>/output_TOP100_revision/derived_data/figure_source_data/Figure1_timeseries_line_uncertainty_TOP100.csv
Fig1c,,,,,,,,,,-0.0157667717908176,0.305885914165933,,,,,,<PROJECT_ROOT>/output_TOP100_revision/derived_data/figure_source_data/Figure1_timeseries_line_uncertainty_TOP100.csv
Fig1c,,,,,,,,,,-0.0024065541679181,0.308938688122406,,,,,,<PROJECT_ROOT>/output_TOP100_revision/derived_data/figure_source_data/Figure1_timeseries_line_uncertainty_TOP100.csv
Fig1c,,,,,,,,,,-0.0722389368731837,0.237230919975732,,,,,,<PROJECT_ROOT>/output_TOP100_revision/derived_data/figure_source_data/Figure1_timeseries_line_uncertainty_TOP100.csv
Fig1c,,,,,,,,,,-0.0740349237852961,0.221727170759121,,,,,,<PROJECT_ROOT>/output_TOP100_revision/derived_data/figure_source_data/Figure1_timeseries_line_uncertainty_TOP100.csv
Fig1c,,,,,,,,,,-0.140113346646999,0.152164928764288,,,,,,<PROJECT_ROOT>/output_TOP100_revision/derived_data/figure_source_data/Figure1_timeseries_line_uncertainty_TOP100.csv
Fig1c,,,,,,,,,,-0.200597824607589,0.10543006173178,,,,,,<PROJECT_ROOT>/output_TOP100_revision/derived_data/figure_source_data/Figure1_timeseries_line_uncertainty_TOP100.csv
Fig1c,,,,,,,,,,-0.268166272542508,0.0637947384316761,,,,,,<PROJECT_ROOT>/output_TOP100_revision/derived_data/figure_source_data/Figure1_timeseries_line_uncertainty_TOP100.csv
Fig1c,,,,,,,,,,-0.360702663609295,0.0061600164368097,,,,,,<PROJECT_ROOT>/output_TOP100_revision/derived_data/figure_source_data/Figure1_timeseries_line_uncertainty_TOP100.csv
Fig1c,,,,,,,,,,-0.484764114976161,-0.0949377262064549,,,,,,<PROJECT_ROOT>/output_TOP100_revision/derived_data/figure_source_data/Figure1_timeseries_line_uncertainty_TOP100.csv
Fig1c,,,,,,,,,,-0.611318395829905,-0.202167430717304,,,,,,<PROJECT_ROOT>/output_TOP100_revision/derived_data/figure_source_data/Figure1_timeseries_line_uncertainty_TOP100.csv
Fig1c,,,,,,,,,,-0.702795133076891,-0.302162146119898,,,,,,<PROJECT_ROOT>/output_TOP100_revision/derived_data/figure_source_data/Figure1_timeseries_line_uncertainty_TOP100.csv
Fig1c,,,,,,,,,,-0.775707758114942,-0.345599244471383,,,,,,<PROJECT_ROOT>/output_TOP100_revision/derived_data/figure_source_data/Figure1_timeseries_line_uncertainty_TOP100.csv
Fig1c,,,,,,,,,,-0.813485640932763,-0.388702339945144,,,,,,<PROJECT_ROOT>/output_TOP100_revision/derived_data/figure_source_data/Figure1_timeseries_line_uncertainty_TOP100.csv
Fig1c,,,,,,,,,,-0.838889333753637,-0.421500848361579,,,,,,<PROJECT_ROOT>/output_TOP100_revision/derived_data/figure_source_data/Figure1_timeseries_line_uncertainty_TOP100.csv
Fig1c,,,,,,,,,,-0.808586537929163,-0.395222508201105,,,,,,<PROJECT_ROOT>/output_TOP100_revision/derived_data/figure_source_data/Figure1_timeseries_line_uncertainty_TOP100.csv
Fig1c,,,,,,,,,,-0.775676158183342,-0.359069410343639,,,,,,<PROJECT_ROOT>/output_TOP100_revision/derived_data/figure_source_data/Figure1_timeseries_line_uncertainty_TOP100.csv
Fig1c,,,,,,,,,,-0.752662693904851,-0.321339330884435,,,,,,<PROJECT_ROOT>/output_TOP100_revision/derived_data/figure_source_data/Figure1_timeseries_line_uncertainty_TOP100.csv
Fig1c,,,,,,,,,,-0.740834400939672,-0.287025280516897,,,,,,<PROJECT_ROOT>/output_TOP100_revision/derived_data/figure_source_data/Figure1_timeseries_line_uncertainty_TOP100.csv
Fig1c,,,,,,,,,,-0.622741438338868,-0.200964367074551,,,,,,<PROJECT_ROOT>/output_TOP100_revision/derived_data/figure_source_data/Figure1_timeseries_line_uncertainty_TOP100.csv
Fig1c,,,,,,,,,,-0.526000155889088,-0.146819270934228,,,,,,<PROJECT_ROOT>/output_TOP100_revision/derived_data/figure_source_data/Figure1_timeseries_line_uncertainty_TOP100.csv
Fig1c,,,,,,,,,,-0.477224827101181,-0.0777311973606759,,,,,,<PROJECT_ROOT>/output_TOP100_revision/derived_data/figure_source_data/Figure1_timeseries_line_uncertainty_TOP100.csv
Fig1c,,,,,,,,,,-0.392659826619856,-0.0079387021015455,,,,,,<PROJECT_ROOT>/output_TOP100_revision/derived_data/figure_source_data/Figure1_timeseries_line_uncertainty_TOP100.csv
Fig1c,,,,,,,,,,-0.341466356440906,0.0333604245267665,,,,,,<PROJECT_ROOT>/output_TOP100_revision/derived_data/figure_source_data/Figure1_timeseries_line_uncertainty_TOP100.csv
Fig1c,,,,,,,,,,-0.248816988490513,0.115212259590517,,,,,,<PROJECT_ROOT>/output_TOP100_revision/derived_data/figure_source_data/Figure1_timeseries_line_uncertainty_TOP100.csv
Fig1c,,,,,,,,,,-0.198353880774354,0.134734998434374,,,,,,<PROJECT_ROOT>/output_TOP100_revision/derived_data/figure_source_data/Figure1_timeseries_line_uncertainty_TOP100.csv
Fig1c,,,,,,,,,,-0.0703295577110068,0.256311272615855,,,,,,<PROJECT_ROOT>/output_TOP100_revision/derived_data/figure_source_data/Figure1_timeseries_line_uncertainty_TOP100.csv
Fig1c,,,,,,,,,,-0.0489005138582047,0.27666870813402,,,,,,<PROJECT_ROOT>/output_TOP100_revision/derived_data/figure_source_data/Figure1_timeseries_line_uncertainty_TOP100.csv
Fig1c,,,,,,,,,,0.0060511432912477,0.311777630751936,,,,,,<PROJECT_ROOT>/output_TOP100_revision/derived_data/figure_source_data/Figure1_timeseries_line_uncertainty_TOP100.csv
Fig1c,,,,,,,,,,0.0491611701471002,0.352276757030903,,,,,,<PROJECT_ROOT>/output_TOP100_revision/derived_data/figure_source_data/Figure1_timeseries_line_uncertainty_TOP100.csv
Fig1c,,,,,,,,,,0.0860464022359818,0.405634984052013,,,,,,<PROJECT_ROOT>/output_TOP100_revision/derived_data/figure_source_data/Figure1_timeseries_line_uncertainty_TOP100.csv
Fig1c,,,,,,,,,,0.155582172190762,0.490116049225311,,,,,,<PROJECT_ROOT>/output_TOP100_revision/derived_data/figure_source_data/Figure1_timeseries_line_uncertainty_TOP100.csv
Fig1c,,,,,,,,,,0.226793965765953,0.610155876512268,,,,,,<PROJECT_ROOT>/output_TOP100_revision/derived_data/figure_source_data/Figure1_timeseries_line_uncertainty_TOP100.csv
Fig1c,,,,,,,,,,0.368746595937198,0.769284452574737,,,,,,<PROJECT_ROOT>/output_TOP100_revision/derived_data/figure_source_data/Figure1_timeseries_line_uncertainty_TOP100.csv
Fig1c,,,,,,,,,,0.518499712651822,0.913677834311006,,,,,,<PROJECT_ROOT>/output_TOP100_revision/derived_data/figure_source_data/Figure1_timeseries_line_uncertainty_TOP100.csv
Fig1c,,,,,,,,,,0.641102921667877,1.03919542259267,,,,,,<PROJECT_ROOT>/output_TOP100_revision/derived_data/figure_source_data/Figure1_timeseries_line_uncertainty_TOP100.csv
Fig1c,,,,,,,,,,0.770763844234917,1.16970611317279,,,,,,<PROJECT_ROOT>/output_TOP100_revision/derived_data/figure_source_data/Figure1_timeseries_line_uncertainty_TOP100.csv
Fig1c,,,,,,,,,,0.854747440244271,1.26804819068294,,,,,,<PROJECT_ROOT>/output_TOP100_revision/derived_data/figure_source_data/Figure1_timeseries_line_uncertainty_TOP100.csv
Fig1c,,,,,,,,,,0.818352680242,1.28187246043432,,,,,,<PROJECT_ROOT>/output_TOP100_revision/derived_data/figure_source_data/Figure1_timeseries_line_uncertainty_TOP100.csv
Fig1c,,,,,,,,,,0.830343799500047,1.31377396496341,,,,,,<PROJECT_ROOT>/output_TOP100_revision/derived_data/figure_source_data/Figure1_timeseries_line_uncertainty_TOP100.csv
Fig1c,,,,,,,,,,0.758494968396757,1.27231862640881,,,,,,<PROJECT_ROOT>/output_TOP100_revision/derived_data/figure_source_data/Figure1_timeseries_line_uncertainty_TOP100.csv
Fig1c,,,,,,,,,,0.676063629907819,1.23633101670765,,,,,,<PROJECT_ROOT>/output_TOP100_revision/derived_data/figure_source_data/Figure1_timeseries_line_uncertainty_TOP100.csv
Fig1c,,,,,,,,,,0.637281742684885,1.22814414128529,,,,,,<PROJECT_ROOT>/output_TOP100_revision/derived_data/figure_source_data/Figure1_timeseries_line_uncertainty_TOP100.csv
Fig1c,,,,,,,,,,0.464231804972373,1.10765814931823,,,,,,<PROJECT_ROOT>/output_TOP100_revision/derived_data/figure_source_data/Figure1_timeseries_line_uncertainty_TOP100.csv
Fig1c,,,,,,,,,,0.313345870775343,1.03880648303894,,,,,,<PROJECT_ROOT>/output_TOP100_revision/derived_data/figure_source_data/Figure1_timeseries_line_uncertainty_TOP100.csv
Fig1c,,,,,,,,,,0.169539886674746,0.926476377705607,,,,,,<PROJECT_ROOT>/output_TOP100_revision/derived_data/figure_source_data/Figure1_timeseries_line_uncertainty_TOP100.csv
Fig1c,,,,,,,,,,0.0865754865755112,0.82368938923607,,,,,,<PROJECT_ROOT>/output_TOP100_revision/derived_data/figure_source_data/Figure1_timeseries_line_uncertainty_TOP100.csv
Fig1c,,,,,,,,,,0.0157250719718619,0.726147894494854,,,,,,<PROJECT_ROOT>/output_TOP100_revision/derived_data/figure_source_data/Figure1_timeseries_line_uncertainty_TOP100.csv
Fig1c,,,,,,,,,,-0.103487288671568,0.563884452130992,,,,,,<PROJECT_ROOT>/output_TOP100_revision/derived_data/figure_source_data/Figure1_timeseries_line_uncertainty_TOP100.csv
Fig1c,,,,,,,,,,-0.177287895491576,0.452782836856889,,,,,,<PROJECT_ROOT>/output_TOP100_revision/derived_data/figure_source_data/Figure1_timeseries_line_uncertainty_TOP100.csv
Fig1c,,,,,,,,,,-0.25392972531902,0.351290847968119,,,,,,<PROJECT_ROOT>/output_TOP100_revision/derived_data/figure_source_data/Figure1_timeseries_line_uncertainty_TOP100.csv
Fig1c,,,,,,,,,,-0.299264331871434,0.264492670599522,,,,,,<PROJECT_ROOT>/output_TOP100_revision/derived_data/figure_source_data/Figure1_timeseries_line_uncertainty_TOP100.csv
Fig1c,,,,,,,,,,-0.299692076685779,0.242241433763077,,,,,,<PROJECT_ROOT>/output_TOP100_revision/derived_data/figure_source_data/Figure1_timeseries_line_uncertainty_TOP100.csv
Fig1c,,,,,,,,,,-0.251995732608024,0.252437381246006,,,,,,<PROJECT_ROOT>/output_TOP100_revision/derived_data/figure_source_data/Figure1_timeseries_line_uncertainty_TOP100.csv
Fig1c,,,,,,,,,,-0.308874791153789,0.174485165628722,,,,,,<PROJECT_ROOT>/output_TOP100_revision/derived_data/figure_source_data/Figure1_timeseries_line_uncertainty_TOP100.csv
Fig1c,,,,,,,,,,-0.273357022977347,0.179525478785128,,,,,,<PROJECT_ROOT>/output_TOP100_revision/derived_data/figure_source_data/Figure1_timeseries_line_uncertainty_TOP100.csv
Fig1c,,,,,,,,,,-0.238426599928135,0.204259929781,,,,,,<PROJECT_ROOT>/output_TOP100_revision/derived_data/figure_source_data/Figure1_timeseries_line_uncertainty_TOP100.csv
Fig1c,,,,,,,,,,-0.17326688657034,0.223665168458525,,,,,,<PROJECT_ROOT>/output_TOP100_revision/derived_data/figure_source_data/Figure1_timeseries_line_uncertainty_TOP100.csv
Fig1c,,,,,,,,,,-0.175426545258115,0.238677796525137,,,,,,<PROJECT_ROOT>/output_TOP100_revision/derived_data/figure_source_data/Figure1_timeseries_line_uncertainty_TOP100.csv
Fig1c,,,,,,,,,,-0.172754458719484,0.225337214219846,,,,,,<PROJECT_ROOT>/output_TOP100_revision/derived_data/figure_source_data/Figure1_timeseries_line_uncertainty_TOP100.csv
Fig1c,,,,,,,,,,-0.111795087331351,0.280530148725225,,,,,,<PROJECT_ROOT>/output_TOP100_revision/derived_data/figure_source_data/Figure1_timeseries_line_uncertainty_TOP100.csv
Fig1c,,,,,,,,,,-0.113813638457107,0.278168144119294,,,,,,<PROJECT_ROOT>/output_TOP100_revision/derived_data/figure_source_data/Figure1_timeseries_line_uncertainty_TOP100.csv
Fig1c,,,,,,,,,,-0.0785962849758587,0.288145340313676,,,,,,<PROJECT_ROOT>/output_TOP100_revision/derived_data/figure_source_data/Figure1_timeseries_line_uncertainty_TOP100.csv
Fig1c,,,,,,,,,,-0.0369632462822179,0.321554207189695,,,,,,<PROJECT_ROOT>/output_TOP100_revision/derived_data/figure_source_data/Figure1_timeseries_line_uncertainty_TOP100.csv
Fig1c,,,,,,,,,,0.0303622690165232,0.371527663093641,,,,,,<PROJECT_ROOT>/output_TOP100_revision/derived_data/figure_source_data/Figure1_timeseries_line_uncertainty_TOP100.csv
Fig1c,,,,,,,,,,0.104836147576801,0.408956789904818,,,,,,<PROJECT_ROOT>/output_TOP100_revision/derived_data/figure_source_data/Figure1_timeseries_line_uncertainty_TOP100.csv
Fig1c,,,,,,,,,,0.231916395827472,0.514097014835343,,,,,,<PROJECT_ROOT>/output_TOP100_revision/derived_data/figure_source_data/Figure1_timeseries_line_uncertainty_TOP100.csv
Fig1c,,,,,,,,,,0.278000143692616,0.559913104710373,,,,,,<PROJECT_ROOT>/output_TOP100_revision/derived_data/figure_source_data/Figure1_timeseries_line_uncertainty_TOP100.csv
Fig1c,,,,,,,,,,0.367483434893399,0.653640300718326,,,,,,<PROJECT_ROOT>/output_TOP100_revision/derived_data/figure_source_data/Figure1_timeseries_line_uncertainty_TOP100.csv
Fig1c,,,,,,,,,,0.333634933804754,0.635535198490856,,,,,,<PROJECT_ROOT>/output_TOP100_revision/derived_data/figure_source_data/Figure1_timeseries_line_uncertainty_TOP100.csv
Fig1c,,,,,,,,,,0.335573350383704,0.624264296188506,,,,,,<PROJECT_ROOT>/output_TOP100_revision/derived_data/figure_source_data/Figure1_timeseries_line_uncertainty_TOP100.csv
Fig1c,,,,,,,,,,0.373814098160742,0.66778950915169,,,,,,<PROJECT_ROOT>/output_TOP100_revision/derived_data/figure_source_data/Figure1_timeseries_line_uncertainty_TOP100.csv
Fig1c,,,,,,,,,,0.371428384963166,0.669622290248843,,,,,,<PROJECT_ROOT>/output_TOP100_revision/derived_data/figure_source_data/Figure1_timeseries_line_uncertainty_TOP100.csv
Fig1c,,,,,,,,,,0.349051700341097,0.664712226054762,,,,,,<PROJECT_ROOT>/output_TOP100_revision/derived_data/figure_source_data/Figure1_timeseries_line_uncertainty_TOP100.csv
Fig1c,,,,,,,,,,0.378582183654072,0.674254978160178,,,,,,<PROJECT_ROOT>/output_TOP100_revision/derived_data/figure_source_data/Figure1_timeseries_line_uncertainty_TOP100.csv
Fig1c,,,,,,,,,,0.381397801074659,0.67750363653653,,,,,,<PROJECT_ROOT>/output_TOP100_revision/derived_data/figure_source_data/Figure1_timeseries_line_uncertainty_TOP100.csv
Fig1c,,,,,,,,,,0.360479559440548,0.657145404514484,,,,,,<PROJECT_ROOT>/output_TOP100_revision/derived_data/figure_source_data/Figure1_timeseries_line_uncertainty_TOP100.csv
Fig1c,,,,,,,,,,0.310126365352557,0.628142879117202,,,,,,<PROJECT_ROOT>/output_TOP100_revision/derived_data/figure_source_data/Figure1_timeseries_line_uncertainty_TOP100.csv
Fig1c,,,,,,,,,,0.273758877254077,0.581114427579586,,,,,,<PROJECT_ROOT>/output_TOP100_revision/derived_data/figure_source_data/Figure1_timeseries_line_uncertainty_TOP100.csv
Fig1c,,,,,,,,,,0.230016899429205,0.521042301042804,,,,,,<PROJECT_ROOT>/output_TOP100_revision/derived_data/figure_source_data/Figure1_timeseries_line_uncertainty_TOP100.csv
Fig1c,,,,,,,,,,0.17040324362029,0.448662417478427,,,,,,<PROJECT_ROOT>/output_TOP100_revision/derived_data/figure_source_data/Figure1_timeseries_line_uncertainty_TOP100.csv
Fig1c,,,,,,,,,,0.205546034581639,0.472928796589301,,,,,,<PROJECT_ROOT>/output_TOP100_revision/derived_data/figure_source_data/Figure1_timeseries_line_uncertainty_TOP100.csv
Fig1c,,,,,,,,,,0.225492325206549,0.476960357192735,,,,,,<PROJECT_ROOT>/output_TOP100_revision/derived_data/figure_source_data/Figure1_timeseries_line_uncertainty_TOP100.csv
Fig1c,,,,,,,,,,0.261814285804773,0.497031446194596,,,,,,<PROJECT_ROOT>/output_TOP100_revision/derived_data/figure_source_data/Figure1_timeseries_line_uncertainty_TOP100.csv
Fig1c,,,,,,,,,,0.232541401521848,0.478251276322455,,,,,,<PROJECT_ROOT>/output_TOP100_revision/derived_data/figure_source_data/Figure1_timeseries_line_uncertainty_TOP100.csv
Fig1c,,,,,,,,,,0.282827601319276,0.53384478282257,,,,,,<PROJECT_ROOT>/output_TOP100_revision/derived_data/figure_source_data/Figure1_timeseries_line_uncertainty_TOP100.csv
Fig1c,,,,,,,,,,0.278424322656743,0.550784124417342,,,,,,<PROJECT_ROOT>/output_TOP100_revision/derived_data/figure_source_data/Figure1_timeseries_line_uncertainty_TOP100.csv
Fig1c,,,,,,,,,,0.310571318159269,0.585888278311651,,,,,,<PROJECT_ROOT>/output_TOP100_revision/derived_data/figure_source_data/Figure1_timeseries_line_uncertainty_TOP100.csv
Fig1c,,,,,,,,,,0.337053860301814,0.620283245776579,,,,,,<PROJECT_ROOT>/output_TOP100_revision/derived_data/figure_source_data/Figure1_timeseries_line_uncertainty_TOP100.csv
Fig1c,,,,,,,,,,0.401761356434444,0.69564926593273,,,,,,<PROJECT_ROOT>/output_TOP100_revision/derived_data/figure_source_data/Figure1_timeseries_line_uncertainty_TOP100.csv
Fig1c,,,,,,,,,,0.414001809868081,0.696462609476504,,,,,,<PROJECT_ROOT>/output_TOP100_revision/derived_data/figure_source_data/Figure1_timeseries_line_uncertainty_TOP100.csv
Fig1c,,,,,,,,,,0.488585593769418,0.758892767087179,,,,,,<PROJECT_ROOT>/output_TOP100_revision/derived_data/figure_source_data/Figure1_timeseries_line_uncertainty_TOP100.csv
Fig1c,,,,,,,,,,0.515446757154437,0.796829787855996,,,,,,<PROJECT_ROOT>/output_TOP100_revision/derived_data/figure_source_data/Figure1_timeseries_line_uncertainty_TOP100.csv
Fig1c,,,,,,,,,,0.497501313412118,0.79104890091573,,,,,,<PROJECT_ROOT>/output_TOP100_revision/derived_data/figure_source_data/Figure1_timeseries_line_uncertainty_TOP100.csv
Fig1c,,,,,,,,,,0.51749352524513,0.84493006531764,,,,,,<PROJECT_ROOT>/output_TOP100_revision/derived_data/figure_source_data/Figure1_timeseries_line_uncertainty_TOP100.csv
Fig1c,,,,,,,,,,0.528005548361501,0.882832123980839,,,,,,<PROJECT_ROOT>/output_TOP100_revision/derived_data/figure_source_data/Figure1_timeseries_line_uncertainty_TOP100.csv
Fig1c,,,,,,,,,,0.564042843841472,0.916978523157448,,,,,,<PROJECT_ROOT>/output_TOP100_revision/derived_data/figure_source_data/Figure1_timeseries_line_uncertainty_TOP100.csv
Fig1c,,,,,,,,,,0.597749077588368,0.999897019135588,,,,,,<PROJECT_ROOT>/output_TOP100_revision/derived_data/figure_source_data/Figure1_timeseries_line_uncertainty_TOP100.csv
Fig1c,,,,,,,,,,0.65179057212032,1.11125419108722,,,,,,<PROJECT_ROOT>/output_TOP100_revision/derived_data/figure_source_data/Figure1_timeseries_line_uncertainty_TOP100.csv
Fig1c,,,,,,,,,,0.734664632980043,1.25414695322194,,,,,,<PROJECT_ROOT>/output_TOP100_revision/derived_data/figure_source_data/Figure1_timeseries_line_uncertainty_TOP100.csv
Fig1c,,,,,,,,,,0.853713093014118,1.41630020178571,,,,,,<PROJECT_ROOT>/output_TOP100_revision/derived_data/figure_source_data/Figure1_timeseries_line_uncertainty_TOP100.csv
Fig1c,,,,,,,,,,0.913856021978468,1.55325679968924,,,,,,<PROJECT_ROOT>/output_TOP100_revision/derived_data/figure_source_data/Figure1_timeseries_line_uncertainty_TOP100.csv
Fig1c,,,,,,,,,,1.00761818684776,1.71882811599675,,,,,,<PROJECT_ROOT>/output_TOP100_revision/derived_data/figure_source_data/Figure1_timeseries_line_uncertainty_TOP100.csv
Fig1c,,,,,,,,,,1.12894356228077,1.90373269667531,,,,,,<PROJECT_ROOT>/output_TOP100_revision/derived_data/figure_source_data/Figure1_timeseries_line_uncertainty_TOP100.csv
Fig1c,,,,,,,,,,1.28405789141371,2.07732275052473,,,,,,<PROJECT_ROOT>/output_TOP100_revision/derived_data/figure_source_data/Figure1_timeseries_line_uncertainty_TOP100.csv
Fig1c,,,,,,,,,,1.41465163300145,2.22751180543272,,,,,,<PROJECT_ROOT>/output_TOP100_revision/derived_data/figure_source_data/Figure1_timeseries_line_uncertainty_TOP100.csv
Fig1c,,,,,,,,,,1.55094966190446,2.32033537123621,,,,,,<PROJECT_ROOT>/output_TOP100_revision/derived_data/figure_source_data/Figure1_timeseries_line_uncertainty_TOP100.csv
Fig1c,,,,,,,,,,1.62703027744305,2.35947472854579,,,,,,<PROJECT_ROOT>/output_TOP100_revision/derived_data/figure_source_data/Figure1_timeseries_line_uncertainty_TOP100.csv
Fig1c,,,,,,,,,,1.72205689037751,2.41432683206664,,,,,,<PROJECT_ROOT>/output_TOP100_revision/derived_data/figure_source_data/Figure1_timeseries_line_uncertainty_TOP100.csv
Fig1c,,,,,,,,,,1.78462562569398,2.4107232130428,,,,,,<PROJECT_ROOT>/output_TOP100_revision/derived_data/figure_source_data/Figure1_timeseries_line_uncertainty_TOP100.csv
Fig1c,,,,,,,,,,1.85512143583304,2.41245612625798,,,,,,<PROJECT_ROOT>/output_TOP100_revision/derived_data/figure_source_data/Figure1_timeseries_line_uncertainty_TOP100.csv
Fig1c,,,,,,,,,,1.79608713548214,2.2867910198946,,,,,,<PROJECT_ROOT>/output_TOP100_revision/derived_data/figure_source_data/Figure1_timeseries_line_uncertainty_TOP100.csv
Fig1c,,,,,,,,,,1.70447902261923,2.15527596592951,,,,,,<PROJECT_ROOT>/output_TOP100_revision/derived_data/figure_source_data/Figure1_timeseries_line_uncertainty_TOP100.csv
Fig1c,,,,,,,,,,1.6262758639945,2.0500613688172,,,,,,<PROJECT_ROOT>/output_TOP100_revision/derived_data/figure_source_data/Figure1_timeseries_line_uncertainty_TOP100.csv
Fig1c,,,,,,,,,,1.55125418908496,1.98102257204552,,,,,,<PROJECT_ROOT>/output_TOP100_revision/derived_data/figure_source_data/Figure1_timeseries_line_uncertainty_TOP100.csv
Fig1c,,,,,,,,,,1.41495523287834,1.88298089921393,,,,,,<PROJECT_ROOT>/output_TOP100_revision/derived_data/figure_source_data/Figure1_timeseries_line_uncertainty_TOP100.csv
Fig1c,,,,,,,,,,1.26616325372625,1.77159469883195,,,,,,<PROJECT_ROOT>/output_TOP100_revision/derived_data/figure_source_data/Figure1_timeseries_line_uncertainty_TOP100.csv
Fig1c,,,,,,,,,,1.14684354085052,1.67980664621903,,,,,,<PROJECT_ROOT>/output_TOP100_revision/derived_data/figure_source_data/Figure1_timeseries_line_uncertainty_TOP100.csv
Fig1c,,,,,,,,,,1.07128190218211,1.60137467156057,,,,,,<PROJECT_ROOT>/output_TOP100_revision/derived_data/figure_source_data/Figure1_timeseries_line_uncertainty_TOP100.csv
Fig1c,,,,,,,,,,1.02265585222831,1.53440115125022,,,,,,<PROJECT_ROOT>/output_TOP100_revision/derived_data/figure_source_data/Figure1_timeseries_line_uncertainty_TOP100.csv
Fig1c,,,,,,,,,,0.974059611848529,1.50255549240543,,,,,,<PROJECT_ROOT>/output_TOP100_revision/derived_data/figure_source_data/Figure1_timeseries_line_uncertainty_TOP100.csv
Fig1c,,,,,,,,,,0.962390136544122,1.47097894389064,,,,,,<PROJECT_ROOT>/output_TOP100_revision/derived_data/figure_source_data/Figure1_timeseries_line_uncertainty_TOP100.csv
Fig1c,,,,,,,,,,0.940991361204804,1.42158792532575,,,,,,<PROJECT_ROOT>/output_TOP100_revision/derived_data/figure_source_data/Figure1_timeseries_line_uncertainty_TOP100.csv
Fig1c,,,,,,,,,,1.00234857160824,1.46430192137286,,,,,,<PROJECT_ROOT>/output_TOP100_revision/derived_data/figure_source_data/Figure1_timeseries_line_uncertainty_TOP100.csv
Fig1c,,,,,,,,,,0.986244425682848,1.44274638250398,,,,,,<PROJECT_ROOT>/output_TOP100_revision/derived_data/figure_source_data/Figure1_timeseries_line_uncertainty_TOP100.csv
Fig1c,,,,,,,,,,0.955273249792092,1.40010786877012,,,,,,<PROJECT_ROOT>/output_TOP100_revision/derived_data/figure_source_data/Figure1_timeseries_line_uncertainty_TOP100.csv
Fig1c,,,,,,,,,,0.924803156952964,1.36467972404512,,,,,,<PROJECT_ROOT>/output_TOP100_revision/derived_data/figure_source_data/Figure1_timeseries_line_uncertainty_TOP100.csv
Fig1c,,,,,,,,,,0.919600246969286,1.33429127702333,,,,,,<PROJECT_ROOT>/output_TOP100_revision/derived_data/figure_source_data/Figure1_timeseries_line_uncertainty_TOP100.csv
Fig1c,,,,,,,,,,0.867834337893754,1.25497839396036,,,,,,<PROJECT_ROOT>/output_TOP100_revision/derived_data/figure_source_data/Figure1_timeseries_line_uncertainty_TOP100.csv
Fig1c,,,,,,,,,,0.836702743914705,1.22825373227924,,,,,,<PROJECT_ROOT>/output_TOP100_revision/derived_data/figure_source_data/Figure1_timeseries_line_uncertainty_TOP100.csv
Fig1c,,,,,,,,,,0.786548376078982,1.18941066830338,,,,,,<PROJECT_ROOT>/output_TOP100_revision/derived_data/figure_source_data/Figure1_timeseries_line_uncertainty_TOP100.csv
Fig1c,,,,,,,,,,0.738539335944424,1.14731229963916,,,,,,<PROJECT_ROOT>/output_TOP100_revision/derived_data/figure_source_data/Figure1_timeseries_line_uncertainty_TOP100.csv
Fig1c,,,,,,,,,,0.746475628650048,1.16719729266714,,,,,,<PROJECT_ROOT>/output_TOP100_revision/derived_data/figure_source_data/Figure1_timeseries_line_uncertainty_TOP100.csv
Fig1c,,,,,,,,,,0.700944268387445,1.14554825740979,,,,,,<PROJECT_ROOT>/output_TOP100_revision/derived_data/figure_source_data/Figure1_timeseries_line_uncertainty_TOP100.csv
Fig1c,,,,,,,,,,0.672551369505048,1.10105233867396,,,,,,<PROJECT_ROOT>/output_TOP100_revision/derived_data/figure_source_data/Figure1_timeseries_line_uncertainty_TOP100.csv
Fig1c,,,,,,,,,,0.640902370008866,1.07254747860678,,,,,,<PROJECT_ROOT>/output_TOP100_revision/derived_data/figure_source_data/Figure1_timeseries_line_uncertainty_TOP100.csv
Fig1c,,,,,,,,,,0.678965793295136,1.08497258773827,,,,,,<PROJECT_ROOT>/output_TOP100_revision/derived_data/figure_source_data/Figure1_timeseries_line_uncertainty_TOP100.csv
Fig1c,,,,,,,,,,0.719118579331592,1.11471340682188,,,,,,<PROJECT_ROOT>/output_TOP100_revision/derived_data/figure_source_data/Figure1_timeseries_line_uncertainty_TOP100.csv
Fig1c,,,,,,,,,,0.786494681371299,1.1663563139327,,,,,,<PROJECT_ROOT>/output_TOP100_revision/derived_data/figure_source_data/Figure1_timeseries_line_uncertainty_TOP100.csv
Fig1c,,,,,,,,,,0.758288509643573,1.16090900515205,,,,,,<PROJECT_ROOT>/output_TOP100_revision/derived_data/figure_source_data/Figure1_timeseries_line_uncertainty_TOP100.csv
Fig1c,,,,,,,,,,0.817426893438845,1.20350947671463,,,,,,<PROJECT_ROOT>/output_TOP100_revision/derived_data/figure_source_data/Figure1_timeseries_line_uncertainty_TOP100.csv
Fig1c,,,,,,,,,,0.86959439937317,1.24334730436741,,,,,,<PROJECT_ROOT>/output_TOP100_revision/derived_data/figure_source_data/Figure1_timeseries_line_uncertainty_TOP100.csv
Fig1c,,,,,,,,,,0.905485903681066,1.28431221523124,,,,,,<PROJECT_ROOT>/output_TOP100_revision/derived_data/figure_source_data/Figure1_timeseries_line_uncertainty_TOP100.csv
Fig1c,,,,,,,,,,0.982898423569427,1.39258072612119,,,,,,<PROJECT_ROOT>/output_TOP100_revision/derived_data/figure_source_data/Figure1_timeseries_line_uncertainty_TOP100.csv
Fig1c,,,,,,,,,,0.974089327680925,1.3860996738447,,,,,,<PROJECT_ROOT>/output_TOP100_revision/derived_data/figure_source_data/Figure1_timeseries_line_uncertainty_TOP100.csv
Fig1c,,,,,,,,,,0.999113382090021,1.42800895506676,,,,,,<PROJECT_ROOT>/output_TOP100_revision/derived_data/figure_source_data/Figure1_timeseries_line_uncertainty_TOP100.csv
Fig1c,,,,,,,,,,1.04293475873346,1.48116600425184,,,,,,<PROJECT_ROOT>/output_TOP100_revision/derived_data/figure_source_data/Figure1_timeseries_line_uncertainty_TOP100.csv
Fig1c,,,,,,,,,,1.04048761189203,1.50074756226905,,,,,,<PROJECT_ROOT>/output_TOP100_revision/derived_data/figure_source_data/Figure1_timeseries_line_uncertainty_TOP100.csv
Fig1c,,,,,,,,,,1.03800019714389,1.53890374211481,,,,,,<PROJECT_ROOT>/output_TOP100_revision/derived_data/figure_source_data/Figure1_timeseries_line_uncertainty_TOP100.csv
Fig1c,,,,,,,,,,0.993865430886013,1.51995836694191,,,,,,<PROJECT_ROOT>/output_TOP100_revision/derived_data/figure_source_data/Figure1_timeseries_line_uncertainty_TOP100.csv
Fig1c,,,,,,,,,,1.04708915401839,1.60595065775135,,,,,,<PROJECT_ROOT>/output_TOP100_revision/derived_data/figure_source_data/Figure1_timeseries_line_uncertainty_TOP100.csv
Fig1c,,,,,,,,,,1.15322248508544,1.66403077258825,,,,,,<PROJECT_ROOT>/output_TOP100_revision/derived_data/figure_source_data/Figure1_timeseries_line_uncertainty_TOP100.csv
Fig1c,,,,,,,,,,1.18474645219222,1.7128535724362,,,,,,<PROJECT_ROOT>/output_TOP100_revision/derived_data/figure_source_data/Figure1_timeseries_line_uncertainty_TOP100.csv
Fig1c,,,,,,,,,,1.18355387068122,1.7506764178904,,,,,,<PROJECT_ROOT>/output_TOP100_revision/derived_data/figure_source_data/Figure1_timeseries_line_uncertainty_TOP100.csv
Fig1c,,,,,,,,,,1.20081502163353,1.7263778931136,,,,,,<PROJECT_ROOT>/output_TOP100_revision/derived_data/figure_source_data/Figure1_timeseries_line_uncertainty_TOP100.csv
Fig1c,,,,,,,,,,1.1751281337594,1.68185496685536,,,,,,<PROJECT_ROOT>/output_TOP100_revision/derived_data/figure_source_data/Figure1_timeseries_line_uncertainty_TOP100.csv
Fig1c,,,,,,,,,,1.18358678708124,1.6938581191486,,,,,,<PROJECT_ROOT>/output_TOP100_revision/derived_data/figure_source_data/Figure1_timeseries_line_uncertainty_TOP100.csv
Fig1c,,,,,,,,,,1.16147985131913,1.65589557874166,,,,,,<PROJECT_ROOT>/output_TOP100_revision/derived_data/figure_source_data/Figure1_timeseries_line_uncertainty_TOP100.csv
Fig1c,,,,,,,,,,1.16336080866821,1.63489988257854,,,,,,<PROJECT_ROOT>/output_TOP100_revision/derived_data/figure_source_data/Figure1_timeseries_line_uncertainty_TOP100.csv
Fig1c,,,,,,,,,,1.18974082532402,1.61970218299026,,,,,,<PROJECT_ROOT>/output_TOP100_revision/derived_data/figure_source_data/Figure1_timeseries_line_uncertainty_TOP100.csv
Fig1c,,,,,,,,,,1.16585885612485,1.59128132306498,,,,,,<PROJECT_ROOT>/output_TOP100_revision/derived_data/figure_source_data/Figure1_timeseries_line_uncertainty_TOP100.csv
Fig1c,,,,,,,,,,1.15542048362362,1.57562112613856,,,,,,<PROJECT_ROOT>/output_TOP100_revision/derived_data/figure_source_data/Figure1_timeseries_line_uncertainty_TOP100.csv
Fig1c,,,,,,,,,,1.03219323472065,1.48528612861059,,,,,,<PROJECT_ROOT>/output_TOP100_revision/derived_data/figure_source_data/Figure1_timeseries_line_uncertainty_TOP100.csv
Fig1c,,,,,,,,,,0.860998275498049,1.34707078060845,,,,,,<PROJECT_ROOT>/output_TOP100_revision/derived_data/figure_source_data/Figure1_timeseries_line_uncertainty_TOP100.csv
Fig1c,,,,,,,,,,0.750278494539922,1.23684535675011,,,,,,<PROJECT_ROOT>/output_TOP100_revision/derived_data/figure_source_data/Figure1_timeseries_line_uncertainty_TOP100.csv
Fig1c,,,,,,,,,,0.676398411625848,1.14043781227413,,,,,,<PROJECT_ROOT>/output_TOP100_revision/derived_data/figure_source_data/Figure1_timeseries_line_uncertainty_TOP100.csv
Fig1c,,,,,,,,,,0.587909602105188,1.03500447136488,,,,,,<PROJECT_ROOT>/output_TOP100_revision/derived_data/figure_source_data/Figure1_timeseries_line_uncertainty_TOP100.csv
Fig1c,,,,,,,,,,0.519975554697343,0.959414335502811,,,,,,<PROJECT_ROOT>/output_TOP100_revision/derived_data/figure_source_data/Figure1_timeseries_line_uncertainty_TOP100.csv
Fig1c,,,,,,,,,,0.482346153468922,0.951358456207312,,,,,,<PROJECT_ROOT>/output_TOP100_revision/derived_data/figure_source_data/Figure1_timeseries_line_uncertainty_TOP100.csv
Fig1c,,,,,,,,,,0.458721217710683,0.927799677081707,,,,,,<PROJECT_ROOT>/output_TOP100_revision/derived_data/figure_source_data/Figure1_timeseries_line_uncertainty_TOP100.csv
Fig1c,,,,,,,,,,0.444013140073258,0.913617312110396,,,,,,<PROJECT_ROOT>/output_TOP100_revision/derived_data/figure_source_data/Figure1_timeseries_line_uncertainty_TOP100.csv
Fig1c,,,,,,,,,,0.431015454975154,0.885839699213931,,,,,,<PROJECT_ROOT>/output_TOP100_revision/derived_data/figure_source_data/Figure1_timeseries_line_uncertainty_TOP100.csv
Fig1c,,,,,,,,,,0.399118726235833,0.880896059309409,,,,,,<PROJECT_ROOT>/output_TOP100_revision/derived_data/figure_source_data/Figure1_timeseries_line_uncertainty_TOP100.csv
Fig1c,,,,,,,,,,0.441119110089916,0.885666420296731,,,,,,<PROJECT_ROOT>/output_TOP100_revision/derived_data/figure_source_data/Figure1_timeseries_line_uncertainty_TOP100.csv
Fig1c,,,,,,,,,,0.435552875992647,0.826908206354556,,,,,,<PROJECT_ROOT>/output_TOP100_revision/derived_data/figure_source_data/Figure1_timeseries_line_uncertainty_TOP100.csv
Fig1c,,,,,,,,,,0.388227998489564,0.810203004532523,,,,,,<PROJECT_ROOT>/output_TOP100_revision/derived_data/figure_source_data/Figure1_timeseries_line_uncertainty_TOP100.csv
Fig1c,,,,,,,,,,0.390724547753276,0.85788660726755,,,,,,<PROJECT_ROOT>/output_TOP100_revision/derived_data/figure_source_data/Figure1_timeseries_line_uncertainty_TOP100.csv
Fig1c,,,,,,,,,,0.382785534389851,0.887529647557079,,,,,,<PROJECT_ROOT>/output_TOP100_revision/derived_data/figure_source_data/Figure1_timeseries_line_uncertainty_TOP100.csv
Fig1c,,,,,,,,,,0.356120611101796,0.883431756805401,,,,,,<PROJECT_ROOT>/output_TOP100_revision/derived_data/figure_source_data/Figure1_timeseries_line_uncertainty_TOP100.csv
Fig1c,,,,,,,,,,0.320566307034601,0.849050356349103,,,,,,<PROJECT_ROOT>/output_TOP100_revision/derived_data/figure_source_data/Figure1_timeseries_line_uncertainty_TOP100.csv
Fig1c,,,,,,,,,,0.32367319996081,0.872886585813974,,,,,,<PROJECT_ROOT>/output_TOP100_revision/derived_data/figure_source_data/Figure1_timeseries_line_uncertainty_TOP100.csv
Fig1c,,,,,,,,,,0.34970774603473,0.918776583493862,,,,,,<PROJECT_ROOT>/output_TOP100_revision/derived_data/figure_source_data/Figure1_timeseries_line_uncertainty_TOP100.csv
Fig1c,,,,,,,,,,0.294601329598209,0.878672425981337,,,,,,<PROJECT_ROOT>/output_TOP100_revision/derived_data/figure_source_data/Figure1_timeseries_line_uncertainty_TOP100.csv
Fig1c,,,,,,,,,,0.239141530131988,0.855051645278542,,,,,,<PROJECT_ROOT>/output_TOP100_revision/derived_data/figure_source_data/Figure1_timeseries_line_uncertainty_TOP100.csv
Fig1c,,,,,,,,,,0.214883474896897,0.818496700585674,,,,,,<PROJECT_ROOT>/output_TOP100_revision/derived_data/figure_source_data/Figure1_timeseries_line_uncertainty_TOP100.csv
Fig1c,,,,,,,,,,0.16355126724633,0.782284121462859,,,,,,<PROJECT_ROOT>/output_TOP100_revision/derived_data/figure_source_data/Figure1_timeseries_line_uncertainty_TOP100.csv
Fig1c,,,,,,,,,,0.139775905114683,0.790905971380137,,,,,,<PROJECT_ROOT>/output_TOP100_revision/derived_data/figure_source_data/Figure1_timeseries_line_uncertainty_TOP100.csv
Fig1c,,,,,,,,,,0.201625272607623,0.857925450896597,,,,,,<PROJECT_ROOT>/output_TOP100_revision/derived_data/figure_source_data/Figure1_timeseries_line_uncertainty_TOP100.csv
Fig1c,,,,,,,,,,0.223521293099495,0.823160889145776,,,,,,<PROJECT_ROOT>/output_TOP100_revision/derived_data/figure_source_data/Figure1_timeseries_line_uncertainty_TOP100.csv
Fig1c,,,,,,,,,,0.302930964630012,0.859098927304548,,,,,,<PROJECT_ROOT>/output_TOP100_revision/derived_data/figure_source_data/Figure1_timeseries_line_uncertainty_TOP100.csv
Fig1c,,,,,,,,,,0.502234129085509,0.991723380664741,,,,,,<PROJECT_ROOT>/output_TOP100_revision/derived_data/figure_source_data/Figure1_timeseries_line_uncertainty_TOP100.csv
Fig1c,,,,,,,,,,0.632657225466886,1.10727813019501,,,,,,<PROJECT_ROOT>/output_TOP100_revision/derived_data/figure_source_data/Figure1_timeseries_line_uncertainty_TOP100.csv
Fig1c,,,,,,,,,,0.735753231365315,1.15759321336023,,,,,,<PROJECT_ROOT>/output_TOP100_revision/derived_data/figure_source_data/Figure1_timeseries_line_uncertainty_TOP100.csv
Fig1c,,,,,,,,,,0.826003492492834,1.21879487052846,,,,,,<PROJECT_ROOT>/output_TOP100_revision/derived_data/figure_source_data/Figure1_timeseries_line_uncertainty_TOP100.csv
Fig1c,,,,,,,,,,1.02361950247887,1.40423639995354,,,,,,<PROJECT_ROOT>/output_TOP100_revision/derived_data/figure_source_data/Figure1_timeseries_line_uncertainty_TOP100.csv
Fig1c,,,,,,,,,,1.17707333230685,1.55434311938384,,,,,,<PROJECT_ROOT>/output_TOP100_revision/derived_data/figure_source_data/Figure1_timeseries_line_uncertainty_TOP100.csv
Fig1c,,,,,,,,,,1.3600435161658,1.77397780700154,,,,,,<PROJECT_ROOT>/output_TOP100_revision/derived_data/figure_source_data/Figure1_timeseries_line_uncertainty_TOP100.csv
Fig1c,,,,,,,,,,1.53152659825445,1.98710935796219,,,,,,<PROJECT_ROOT>/output_TOP100_revision/derived_data/figure_source_data/Figure1_timeseries_line_uncertainty_TOP100.csv
Fig1c,,,,,,,,,,1.70499189462059,2.17653102362286,,,,,,<PROJECT_ROOT>/output_TOP100_revision/derived_data/figure_source_data/Figure1_timeseries_line_uncertainty_TOP100.csv
Fig1c,,,,,,,,,,1.88547260495579,2.39741038648862,,,,,,<PROJECT_ROOT>/output_TOP100_revision/derived_data/figure_source_data/Figure1_timeseries_line_uncertainty_TOP100.csv
Fig1c,,,,,,,,,,2.09714571052205,2.65953049676652,,,,,,<PROJECT_ROOT>/output_TOP100_revision/derived_data/figure_source_data/Figure1_timeseries_line_uncertainty_TOP100.csv
Fig1c,,,,,,,,,,2.25953150037518,2.85642748867424,,,,,,<PROJECT_ROOT>/output_TOP100_revision/derived_data/figure_source_data/Figure1_timeseries_line_uncertainty_TOP100.csv
Fig1c,,,,,,,,,,2.31739353797613,2.95420737695914,,,,,,<PROJECT_ROOT>/output_TOP100_revision/derived_data/figure_source_data/Figure1_timeseries_line_uncertainty_TOP100.csv
Fig1c,,,,,,,,,,2.42150807459828,3.03496871647042,,,,,,<PROJECT_ROOT>/output_TOP100_revision/derived_data/figure_source_data/Figure1_timeseries_line_uncertainty_TOP100.csv
Fig1c,,,,,,,,,,2.46593815453245,3.06238104344021,,,,,,<PROJECT_ROOT>/output_TOP100_revision/derived_data/figure_source_data/Figure1_timeseries_line_uncertainty_TOP100.csv
Fig1c,,,,,,,,,,2.53419355973005,3.1200642246073,,,,,,<PROJECT_ROOT>/output_TOP100_revision/derived_data/figure_source_data/Figure1_timeseries_line_uncertainty_TOP100.csv
Fig1c,,,,,,,,,,2.55018797416562,3.12517545512954,,,,,,<PROJECT_ROOT>/output_TOP100_revision/derived_data/figure_source_data/Figure1_timeseries_line_uncertainty_TOP100.csv
Fig1c,,,,,,,,,,2.56248578590881,3.09937861994662,,,,,,<PROJECT_ROOT>/output_TOP100_revision/derived_data/figure_source_data/Figure1_timeseries_line_uncertainty_TOP100.csv
Fig1c,,,,,,,,,,2.51074833350937,3.0246578458973,,,,,,<PROJECT_ROOT>/output_TOP100_revision/derived_data/figure_source_data/Figure1_timeseries_line_uncertainty_TOP100.csv
Fig1c,,,,,,,,,,2.46131766254281,2.9883448033782,,,,,,<PROJECT_ROOT>/output_TOP100_revision/derived_data/figure_source_data/Figure1_timeseries_line_uncertainty_TOP100.csv
Fig1c,,,,,,,,,,,,,,,,,<PROJECT_ROOT>/output_TOP100_revision/derived_data/figure_source_data/Figure1_timeseries_line_uncertainty_TOP100.csv
Fig1c,,,,,,,,,,,,,,,,,<PROJECT_ROOT>/output_TOP100_revision/derived_data/figure_source_data/Figure1_timeseries_line_uncertainty_TOP100.csv
Fig1c,,,,,,,,,,,,,,,,,<PROJECT_ROOT>/output_TOP100_revision/derived_data/figure_source_data/Figure1_timeseries_line_uncertainty_TOP100.csv
Fig1c,,,,,,,,,,,,,,,,,<PROJECT_ROOT>/output_TOP100_revision/derived_data/figure_source_data/Figure1_timeseries_line_uncertainty_TOP100.csv
Fig1c,,,,,,,,,,,,,,,,,<PROJECT_ROOT>/output_TOP100_revision/derived_data/figure_source_data/Figure1_timeseries_line_uncertainty_TOP100.csv
Fig1c,,,,,,,,,,,,,,,,,<PROJECT_ROOT>/output_TOP100_revision/derived_data/figure_source_data/Figure1_timeseries_line_uncertainty_TOP100.csv
