result_id,scientific_question,estimand,metric,estimate,lower95,upper95,unit,period,domain,model,weighting,n_grid,source_file,source_sha256,figure_panel,manuscript_section,manuscript_role,main_or_si,final_status,formatted_value,notes
TOP100R000499,ecological partial correlation,ecological partial correlation | W-GPE | GPP | Model0:mean_partial_r | Global | absolute | top100,Model0:mean_partial_r,0.16975522836188,,,Partial r,product-specific ecology period,persistent vegetated land,partial correlation controlling tp+t2m+ssrd; AR(1) effective n; BH-FDR,as specified in source,17877.0,output_TOP100_revision/results/ecology/Ecology_partial_correlations_summary_FINAL_v3.csv,98330bbb71c6cd927a11bcd961d77a7f8e13ce1c32f673ac97dd858de31d989b,,ecology,sensitivity,DIAGNOSTIC,FINAL_DIAGNOSTIC,0.16975522836188,
TOP100R000500,ecological partial correlation,ecological partial correlation | W-GPE | GPP | Model0:BH_positive_area | Global | absolute | top100,Model0:BH_positive_area,49.1806269589952,,,%,product-specific ecology period,persistent vegetated land,partial correlation controlling tp+t2m+ssrd; AR(1) effective n; BH-FDR,as specified in source,17877.0,output_TOP100_revision/results/ecology/Ecology_partial_correlations_summary_FINAL_v3.csv,98330bbb71c6cd927a11bcd961d77a7f8e13ce1c32f673ac97dd858de31d989b,,ecology,sensitivity,DIAGNOSTIC,FINAL_DIAGNOSTIC,49.1806269589952,
TOP100R000501,ecological partial correlation,ecological partial correlation | W-GPE | GPP | Model0:BH_negative_area | Global | absolute | top100,Model0:BH_negative_area,2.12915099885413,,,%,product-specific ecology period,persistent vegetated land,partial correlation controlling tp+t2m+ssrd; AR(1) effective n; BH-FDR,as specified in source,17877.0,output_TOP100_revision/results/ecology/Ecology_partial_correlations_summary_FINAL_v3.csv,98330bbb71c6cd927a11bcd961d77a7f8e13ce1c32f673ac97dd858de31d989b,,ecology,sensitivity,DIAGNOSTIC,FINAL_DIAGNOSTIC,2.12915099885413,
TOP100R000502,ecological partial correlation,ecological partial correlation | W-GPE | GPP | Model0:mean_partial_r | S high latitude | absolute | top100,Model0:mean_partial_r,-0.0449036192478555,,,Partial r,product-specific ecology period,persistent vegetated land,partial correlation controlling tp+t2m+ssrd; AR(1) effective n; BH-FDR,as specified in source,22.0,output_TOP100_revision/results/ecology/Ecology_partial_correlations_summary_FINAL_v3.csv,98330bbb71c6cd927a11bcd961d77a7f8e13ce1c32f673ac97dd858de31d989b,,ecology,sensitivity,DIAGNOSTIC,FINAL_DIAGNOSTIC,-0.0449036192478555,
TOP100R000503,ecological partial correlation,ecological partial correlation | W-GPE | GPP | Model0:BH_positive_area | S high latitude | absolute | top100,Model0:BH_positive_area,0.0,,,%,product-specific ecology period,persistent vegetated land,partial correlation controlling tp+t2m+ssrd; AR(1) effective n; BH-FDR,as specified in source,22.0,output_TOP100_revision/results/ecology/Ecology_partial_correlations_summary_FINAL_v3.csv,98330bbb71c6cd927a11bcd961d77a7f8e13ce1c32f673ac97dd858de31d989b,,ecology,sensitivity,DIAGNOSTIC,FINAL_DIAGNOSTIC,0,
TOP100R000504,ecological partial correlation,ecological partial correlation | W-GPE | GPP | Model0:BH_negative_area | S high latitude | absolute | top100,Model0:BH_negative_area,3.12287198471536,,,%,product-specific ecology period,persistent vegetated land,partial correlation controlling tp+t2m+ssrd; AR(1) effective n; BH-FDR,as specified in source,22.0,output_TOP100_revision/results/ecology/Ecology_partial_correlations_summary_FINAL_v3.csv,98330bbb71c6cd927a11bcd961d77a7f8e13ce1c32f673ac97dd858de31d989b,,ecology,sensitivity,DIAGNOSTIC,FINAL_DIAGNOSTIC,3.12287198471536,
TOP100R000505,ecological partial correlation,ecological partial correlation | W-GPE | GPP | Model0:mean_partial_r | S temperate | absolute | top100,Model0:mean_partial_r,0.153997220804205,,,Partial r,product-specific ecology period,persistent vegetated land,partial correlation controlling tp+t2m+ssrd; AR(1) effective n; BH-FDR,as specified in source,1250.0,output_TOP100_revision/results/ecology/Ecology_partial_correlations_summary_FINAL_v3.csv,98330bbb71c6cd927a11bcd961d77a7f8e13ce1c32f673ac97dd858de31d989b,,ecology,sensitivity,DIAGNOSTIC,FINAL_DIAGNOSTIC,0.153997220804205,
TOP100R000506,ecological partial correlation,ecological partial correlation | W-GPE | GPP | Model0:BH_positive_area | S temperate | absolute | top100,Model0:BH_positive_area,40.602038703924,,,%,product-specific ecology period,persistent vegetated land,partial correlation controlling tp+t2m+ssrd; AR(1) effective n; BH-FDR,as specified in source,1250.0,output_TOP100_revision/results/ecology/Ecology_partial_correlations_summary_FINAL_v3.csv,98330bbb71c6cd927a11bcd961d77a7f8e13ce1c32f673ac97dd858de31d989b,,ecology,sensitivity,DIAGNOSTIC,FINAL_DIAGNOSTIC,40.602038703924,
TOP100R000507,ecological partial correlation,ecological partial correlation | W-GPE | GPP | Model0:BH_negative_area | S temperate | absolute | top100,Model0:BH_negative_area,2.00039012876066,,,%,product-specific ecology period,persistent vegetated land,partial correlation controlling tp+t2m+ssrd; AR(1) effective n; BH-FDR,as specified in source,1250.0,output_TOP100_revision/results/ecology/Ecology_partial_correlations_summary_FINAL_v3.csv,98330bbb71c6cd927a11bcd961d77a7f8e13ce1c32f673ac97dd858de31d989b,,ecology,sensitivity,DIAGNOSTIC,FINAL_DIAGNOSTIC,2.00039012876066,
TOP100R000508,ecological partial correlation,ecological partial correlation | W-GPE | GPP | Model0:mean_partial_r | Tropics | absolute | top100,Model0:mean_partial_r,0.209381832636321,,,Partial r,product-specific ecology period,persistent vegetated land,partial correlation controlling tp+t2m+ssrd; AR(1) effective n; BH-FDR,as specified in source,5202.0,output_TOP100_revision/results/ecology/Ecology_partial_correlations_summary_FINAL_v3.csv,98330bbb71c6cd927a11bcd961d77a7f8e13ce1c32f673ac97dd858de31d989b,,ecology,sensitivity,DIAGNOSTIC,FINAL_DIAGNOSTIC,0.209381832636321,
TOP100R000509,ecological partial correlation,ecological partial correlation | W-GPE | GPP | Model0:BH_positive_area | Tropics | absolute | top100,Model0:BH_positive_area,58.0721865403744,,,%,product-specific ecology period,persistent vegetated land,partial correlation controlling tp+t2m+ssrd; AR(1) effective n; BH-FDR,as specified in source,5202.0,output_TOP100_revision/results/ecology/Ecology_partial_correlations_summary_FINAL_v3.csv,98330bbb71c6cd927a11bcd961d77a7f8e13ce1c32f673ac97dd858de31d989b,,ecology,sensitivity,DIAGNOSTIC,FINAL_DIAGNOSTIC,58.0721865403744,
TOP100R000510,ecological partial correlation,ecological partial correlation | W-GPE | GPP | Model0:BH_negative_area | Tropics | absolute | top100,Model0:BH_negative_area,2.26314386461634,,,%,product-specific ecology period,persistent vegetated land,partial correlation controlling tp+t2m+ssrd; AR(1) effective n; BH-FDR,as specified in source,5202.0,output_TOP100_revision/results/ecology/Ecology_partial_correlations_summary_FINAL_v3.csv,98330bbb71c6cd927a11bcd961d77a7f8e13ce1c32f673ac97dd858de31d989b,,ecology,sensitivity,DIAGNOSTIC,FINAL_DIAGNOSTIC,2.26314386461634,
TOP100R000511,ecological partial correlation,ecological partial correlation | W-GPE | GPP | Model0:mean_partial_r | N temperate | absolute | top100,Model0:mean_partial_r,0.141111711092825,,,Partial r,product-specific ecology period,persistent vegetated land,partial correlation controlling tp+t2m+ssrd; AR(1) effective n; BH-FDR,as specified in source,9075.0,output_TOP100_revision/results/ecology/Ecology_partial_correlations_summary_FINAL_v3.csv,98330bbb71c6cd927a11bcd961d77a7f8e13ce1c32f673ac97dd858de31d989b,,ecology,sensitivity,DIAGNOSTIC,FINAL_DIAGNOSTIC,0.141111711092825,
TOP100R000512,ecological partial correlation,ecological partial correlation | W-GPE | GPP | Model0:BH_positive_area | N temperate | absolute | top100,Model0:BH_positive_area,43.0727429116968,,,%,product-specific ecology period,persistent vegetated land,partial correlation controlling tp+t2m+ssrd; AR(1) effective n; BH-FDR,as specified in source,9075.0,output_TOP100_revision/results/ecology/Ecology_partial_correlations_summary_FINAL_v3.csv,98330bbb71c6cd927a11bcd961d77a7f8e13ce1c32f673ac97dd858de31d989b,,ecology,sensitivity,DIAGNOSTIC,FINAL_DIAGNOSTIC,43.0727429116968,
TOP100R000513,ecological partial correlation,ecological partial correlation | W-GPE | GPP | Model0:BH_negative_area | N temperate | absolute | top100,Model0:BH_negative_area,2.15389664296176,,,%,product-specific ecology period,persistent vegetated land,partial correlation controlling tp+t2m+ssrd; AR(1) effective n; BH-FDR,as specified in source,9075.0,output_TOP100_revision/results/ecology/Ecology_partial_correlations_summary_FINAL_v3.csv,98330bbb71c6cd927a11bcd961d77a7f8e13ce1c32f673ac97dd858de31d989b,,ecology,sensitivity,DIAGNOSTIC,FINAL_DIAGNOSTIC,2.15389664296176,
TOP100R000514,ecological partial correlation,ecological partial correlation | W-GPE | GPP | Model0:mean_partial_r | N high latitude | absolute | top100,Model0:mean_partial_r,0.151045364939539,,,Partial r,product-specific ecology period,persistent vegetated land,partial correlation controlling tp+t2m+ssrd; AR(1) effective n; BH-FDR,as specified in source,2328.0,output_TOP100_revision/results/ecology/Ecology_partial_correlations_summary_FINAL_v3.csv,98330bbb71c6cd927a11bcd961d77a7f8e13ce1c32f673ac97dd858de31d989b,,ecology,sensitivity,DIAGNOSTIC,FINAL_DIAGNOSTIC,0.151045364939539,
TOP100R000515,ecological partial correlation,ecological partial correlation | W-GPE | GPP | Model0:BH_positive_area | N high latitude | absolute | top100,Model0:BH_positive_area,49.8677354316358,,,%,product-specific ecology period,persistent vegetated land,partial correlation controlling tp+t2m+ssrd; AR(1) effective n; BH-FDR,as specified in source,2328.0,output_TOP100_revision/results/ecology/Ecology_partial_correlations_summary_FINAL_v3.csv,98330bbb71c6cd927a11bcd961d77a7f8e13ce1c32f673ac97dd858de31d989b,,ecology,sensitivity,DIAGNOSTIC,FINAL_DIAGNOSTIC,49.8677354316358,
TOP100R000516,ecological partial correlation,ecological partial correlation | W-GPE | GPP | Model0:BH_negative_area | N high latitude | absolute | top100,Model0:BH_negative_area,1.10738182785252,,,%,product-specific ecology period,persistent vegetated land,partial correlation controlling tp+t2m+ssrd; AR(1) effective n; BH-FDR,as specified in source,2328.0,output_TOP100_revision/results/ecology/Ecology_partial_correlations_summary_FINAL_v3.csv,98330bbb71c6cd927a11bcd961d77a7f8e13ce1c32f673ac97dd858de31d989b,,ecology,sensitivity,DIAGNOSTIC,FINAL_DIAGNOSTIC,1.10738182785252,
TOP100R000517,ecological partial correlation,ecological partial correlation | <z> | GPP | Model0:mean_partial_r | Global | absolute | top100,Model0:mean_partial_r,-0.0089379892712554,,,Partial r,product-specific ecology period,persistent vegetated land,partial correlation controlling tp+t2m+ssrd; AR(1) effective n; BH-FDR,as specified in source,17877.0,output_TOP100_revision/results/ecology/Ecology_partial_correlations_summary_FINAL_v3.csv,98330bbb71c6cd927a11bcd961d77a7f8e13ce1c32f673ac97dd858de31d989b,,ecology,sensitivity,DIAGNOSTIC,FINAL_DIAGNOSTIC,-0.0089379892712554,
TOP100R000518,ecological partial correlation,ecological partial correlation | <z> | GPP | Model0:BH_positive_area | Global | absolute | top100,Model0:BH_positive_area,9.08073328193823,,,%,product-specific ecology period,persistent vegetated land,partial correlation controlling tp+t2m+ssrd; AR(1) effective n; BH-FDR,as specified in source,17877.0,output_TOP100_revision/results/ecology/Ecology_partial_correlations_summary_FINAL_v3.csv,98330bbb71c6cd927a11bcd961d77a7f8e13ce1c32f673ac97dd858de31d989b,,ecology,sensitivity,DIAGNOSTIC,FINAL_DIAGNOSTIC,9.08073328193823,
TOP100R000519,ecological partial correlation,ecological partial correlation | <z> | GPP | Model0:BH_negative_area | Global | absolute | top100,Model0:BH_negative_area,11.1844455685689,,,%,product-specific ecology period,persistent vegetated land,partial correlation controlling tp+t2m+ssrd; AR(1) effective n; BH-FDR,as specified in source,17877.0,output_TOP100_revision/results/ecology/Ecology_partial_correlations_summary_FINAL_v3.csv,98330bbb71c6cd927a11bcd961d77a7f8e13ce1c32f673ac97dd858de31d989b,,ecology,sensitivity,DIAGNOSTIC,FINAL_DIAGNOSTIC,11.1844455685689,
TOP100R000520,ecological partial correlation,ecological partial correlation | <z> | GPP | Model0:mean_partial_r | S high latitude | absolute | top100,Model0:mean_partial_r,0.0141892867235955,,,Partial r,product-specific ecology period,persistent vegetated land,partial correlation controlling tp+t2m+ssrd; AR(1) effective n; BH-FDR,as specified in source,22.0,output_TOP100_revision/results/ecology/Ecology_partial_correlations_summary_FINAL_v3.csv,98330bbb71c6cd927a11bcd961d77a7f8e13ce1c32f673ac97dd858de31d989b,,ecology,sensitivity,DIAGNOSTIC,FINAL_DIAGNOSTIC,0.0141892867235955,
TOP100R000521,ecological partial correlation,ecological partial correlation | <z> | GPP | Model0:BH_positive_area | S high latitude | absolute | top100,Model0:BH_positive_area,0.0,,,%,product-specific ecology period,persistent vegetated land,partial correlation controlling tp+t2m+ssrd; AR(1) effective n; BH-FDR,as specified in source,22.0,output_TOP100_revision/results/ecology/Ecology_partial_correlations_summary_FINAL_v3.csv,98330bbb71c6cd927a11bcd961d77a7f8e13ce1c32f673ac97dd858de31d989b,,ecology,sensitivity,DIAGNOSTIC,FINAL_DIAGNOSTIC,0,
TOP100R000522,ecological partial correlation,ecological partial correlation | <z> | GPP | Model0:BH_negative_area | S high latitude | absolute | top100,Model0:BH_negative_area,0.0,,,%,product-specific ecology period,persistent vegetated land,partial correlation controlling tp+t2m+ssrd; AR(1) effective n; BH-FDR,as specified in source,22.0,output_TOP100_revision/results/ecology/Ecology_partial_correlations_summary_FINAL_v3.csv,98330bbb71c6cd927a11bcd961d77a7f8e13ce1c32f673ac97dd858de31d989b,,ecology,sensitivity,DIAGNOSTIC,FINAL_DIAGNOSTIC,0,
TOP100R000523,ecological partial correlation,ecological partial correlation | <z> | GPP | Model0:mean_partial_r | S temperate | absolute | top100,Model0:mean_partial_r,-0.0793384220064986,,,Partial r,product-specific ecology period,persistent vegetated land,partial correlation controlling tp+t2m+ssrd; AR(1) effective n; BH-FDR,as specified in source,1250.0,output_TOP100_revision/results/ecology/Ecology_partial_correlations_summary_FINAL_v3.csv,98330bbb71c6cd927a11bcd961d77a7f8e13ce1c32f673ac97dd858de31d989b,,ecology,sensitivity,DIAGNOSTIC,FINAL_DIAGNOSTIC,-0.0793384220064986,
TOP100R000524,ecological partial correlation,ecological partial correlation | <z> | GPP | Model0:BH_positive_area | S temperate | absolute | top100,Model0:BH_positive_area,0.702707731268346,,,%,product-specific ecology period,persistent vegetated land,partial correlation controlling tp+t2m+ssrd; AR(1) effective n; BH-FDR,as specified in source,1250.0,output_TOP100_revision/results/ecology/Ecology_partial_correlations_summary_FINAL_v3.csv,98330bbb71c6cd927a11bcd961d77a7f8e13ce1c32f673ac97dd858de31d989b,,ecology,sensitivity,DIAGNOSTIC,FINAL_DIAGNOSTIC,0.702707731268346,
TOP100R000525,ecological partial correlation,ecological partial correlation | <z> | GPP | Model0:BH_negative_area | S temperate | absolute | top100,Model0:BH_negative_area,26.6919125811825,,,%,product-specific ecology period,persistent vegetated land,partial correlation controlling tp+t2m+ssrd; AR(1) effective n; BH-FDR,as specified in source,1250.0,output_TOP100_revision/results/ecology/Ecology_partial_correlations_summary_FINAL_v3.csv,98330bbb71c6cd927a11bcd961d77a7f8e13ce1c32f673ac97dd858de31d989b,,ecology,sensitivity,DIAGNOSTIC,FINAL_DIAGNOSTIC,26.6919125811825,
TOP100R000526,ecological partial correlation,ecological partial correlation | <z> | GPP | Model0:mean_partial_r | Tropics | absolute | top100,Model0:mean_partial_r,0.0455601750975134,,,Partial r,product-specific ecology period,persistent vegetated land,partial correlation controlling tp+t2m+ssrd; AR(1) effective n; BH-FDR,as specified in source,5202.0,output_TOP100_revision/results/ecology/Ecology_partial_correlations_summary_FINAL_v3.csv,98330bbb71c6cd927a11bcd961d77a7f8e13ce1c32f673ac97dd858de31d989b,,ecology,sensitivity,DIAGNOSTIC,FINAL_DIAGNOSTIC,0.0455601750975134,
TOP100R000527,ecological partial correlation,ecological partial correlation | <z> | GPP | Model0:BH_positive_area | Tropics | absolute | top100,Model0:BH_positive_area,20.2151287333588,,,%,product-specific ecology period,persistent vegetated land,partial correlation controlling tp+t2m+ssrd; AR(1) effective n; BH-FDR,as specified in source,5202.0,output_TOP100_revision/results/ecology/Ecology_partial_correlations_summary_FINAL_v3.csv,98330bbb71c6cd927a11bcd961d77a7f8e13ce1c32f673ac97dd858de31d989b,,ecology,sensitivity,DIAGNOSTIC,FINAL_DIAGNOSTIC,20.2151287333588,
TOP100R000528,ecological partial correlation,ecological partial correlation | <z> | GPP | Model0:BH_negative_area | Tropics | absolute | top100,Model0:BH_negative_area,4.75935515943045,,,%,product-specific ecology period,persistent vegetated land,partial correlation controlling tp+t2m+ssrd; AR(1) effective n; BH-FDR,as specified in source,5202.0,output_TOP100_revision/results/ecology/Ecology_partial_correlations_summary_FINAL_v3.csv,98330bbb71c6cd927a11bcd961d77a7f8e13ce1c32f673ac97dd858de31d989b,,ecology,sensitivity,DIAGNOSTIC,FINAL_DIAGNOSTIC,4.75935515943045,
TOP100R000529,ecological partial correlation,ecological partial correlation | <z> | GPP | Model0:mean_partial_r | N temperate | absolute | top100,Model0:mean_partial_r,-0.0439185372981849,,,Partial r,product-specific ecology period,persistent vegetated land,partial correlation controlling tp+t2m+ssrd; AR(1) effective n; BH-FDR,as specified in source,9075.0,output_TOP100_revision/results/ecology/Ecology_partial_correlations_summary_FINAL_v3.csv,98330bbb71c6cd927a11bcd961d77a7f8e13ce1c32f673ac97dd858de31d989b,,ecology,sensitivity,DIAGNOSTIC,FINAL_DIAGNOSTIC,-0.0439185372981849,
TOP100R000530,ecological partial correlation,ecological partial correlation | <z> | GPP | Model0:BH_positive_area | N temperate | absolute | top100,Model0:BH_positive_area,2.11546745234729,,,%,product-specific ecology period,persistent vegetated land,partial correlation controlling tp+t2m+ssrd; AR(1) effective n; BH-FDR,as specified in source,9075.0,output_TOP100_revision/results/ecology/Ecology_partial_correlations_summary_FINAL_v3.csv,98330bbb71c6cd927a11bcd961d77a7f8e13ce1c32f673ac97dd858de31d989b,,ecology,sensitivity,DIAGNOSTIC,FINAL_DIAGNOSTIC,2.11546745234729,
TOP100R000531,ecological partial correlation,ecological partial correlation | <z> | GPP | Model0:BH_negative_area | N temperate | absolute | top100,Model0:BH_negative_area,15.1831905931268,,,%,product-specific ecology period,persistent vegetated land,partial correlation controlling tp+t2m+ssrd; AR(1) effective n; BH-FDR,as specified in source,9075.0,output_TOP100_revision/results/ecology/Ecology_partial_correlations_summary_FINAL_v3.csv,98330bbb71c6cd927a11bcd961d77a7f8e13ce1c32f673ac97dd858de31d989b,,ecology,sensitivity,DIAGNOSTIC,FINAL_DIAGNOSTIC,15.1831905931268,
TOP100R000532,ecological partial correlation,ecological partial correlation | <z> | GPP | Model0:mean_partial_r | N high latitude | absolute | top100,Model0:mean_partial_r,-0.0005833107226902,,,Partial r,product-specific ecology period,persistent vegetated land,partial correlation controlling tp+t2m+ssrd; AR(1) effective n; BH-FDR,as specified in source,2328.0,output_TOP100_revision/results/ecology/Ecology_partial_correlations_summary_FINAL_v3.csv,98330bbb71c6cd927a11bcd961d77a7f8e13ce1c32f673ac97dd858de31d989b,,ecology,sensitivity,DIAGNOSTIC,FINAL_DIAGNOSTIC,-0.0005833107226902,
TOP100R000533,ecological partial correlation,ecological partial correlation | <z> | GPP | Model0:BH_positive_area | N high latitude | absolute | top100,Model0:BH_positive_area,0.115165045988658,,,%,product-specific ecology period,persistent vegetated land,partial correlation controlling tp+t2m+ssrd; AR(1) effective n; BH-FDR,as specified in source,2328.0,output_TOP100_revision/results/ecology/Ecology_partial_correlations_summary_FINAL_v3.csv,98330bbb71c6cd927a11bcd961d77a7f8e13ce1c32f673ac97dd858de31d989b,,ecology,sensitivity,DIAGNOSTIC,FINAL_DIAGNOSTIC,0.115165045988658,
TOP100R000534,ecological partial correlation,ecological partial correlation | <z> | GPP | Model0:BH_negative_area | N high latitude | absolute | top100,Model0:BH_negative_area,0.361094233829667,,,%,product-specific ecology period,persistent vegetated land,partial correlation controlling tp+t2m+ssrd; AR(1) effective n; BH-FDR,as specified in source,2328.0,output_TOP100_revision/results/ecology/Ecology_partial_correlations_summary_FINAL_v3.csv,98330bbb71c6cd927a11bcd961d77a7f8e13ce1c32f673ac97dd858de31d989b,,ecology,sensitivity,DIAGNOSTIC,FINAL_DIAGNOSTIC,0.361094233829667,
TOP100R000535,ecological partial correlation,ecological partial correlation | W-GPE | LAI | Model0:mean_partial_r | Global | absolute | top100,Model0:mean_partial_r,0.10785532283306,,,Partial r,product-specific ecology period,persistent vegetated land,partial correlation controlling tp+t2m+ssrd; AR(1) effective n; BH-FDR,as specified in source,5989.0,output_TOP100_revision/results/ecology/Ecology_partial_correlations_summary_FINAL_v3.csv,98330bbb71c6cd927a11bcd961d77a7f8e13ce1c32f673ac97dd858de31d989b,,ecology,sensitivity,DIAGNOSTIC,FINAL_DIAGNOSTIC,0.10785532283306,
TOP100R000536,ecological partial correlation,ecological partial correlation | W-GPE | LAI | Model0:BH_positive_area | Global | absolute | top100,Model0:BH_positive_area,23.8205006522767,,,%,product-specific ecology period,persistent vegetated land,partial correlation controlling tp+t2m+ssrd; AR(1) effective n; BH-FDR,as specified in source,5989.0,output_TOP100_revision/results/ecology/Ecology_partial_correlations_summary_FINAL_v3.csv,98330bbb71c6cd927a11bcd961d77a7f8e13ce1c32f673ac97dd858de31d989b,,ecology,sensitivity,DIAGNOSTIC,FINAL_DIAGNOSTIC,23.8205006522767,
TOP100R000537,ecological partial correlation,ecological partial correlation | W-GPE | LAI | Model0:BH_negative_area | Global | absolute | top100,Model0:BH_negative_area,0.272676978461114,,,%,product-specific ecology period,persistent vegetated land,partial correlation controlling tp+t2m+ssrd; AR(1) effective n; BH-FDR,as specified in source,5989.0,output_TOP100_revision/results/ecology/Ecology_partial_correlations_summary_FINAL_v3.csv,98330bbb71c6cd927a11bcd961d77a7f8e13ce1c32f673ac97dd858de31d989b,,ecology,sensitivity,DIAGNOSTIC,FINAL_DIAGNOSTIC,0.272676978461114,
TOP100R000538,ecological partial correlation,ecological partial correlation | W-GPE | LAI | Model0:mean_partial_r | S temperate | absolute | top100,Model0:mean_partial_r,0.1222882441117,,,Partial r,product-specific ecology period,persistent vegetated land,partial correlation controlling tp+t2m+ssrd; AR(1) effective n; BH-FDR,as specified in source,499.0,output_TOP100_revision/results/ecology/Ecology_partial_correlations_summary_FINAL_v3.csv,98330bbb71c6cd927a11bcd961d77a7f8e13ce1c32f673ac97dd858de31d989b,,ecology,sensitivity,DIAGNOSTIC,FINAL_DIAGNOSTIC,0.1222882441117,
TOP100R000539,ecological partial correlation,ecological partial correlation | W-GPE | LAI | Model0:BH_positive_area | S temperate | absolute | top100,Model0:BH_positive_area,34.1614134871502,,,%,product-specific ecology period,persistent vegetated land,partial correlation controlling tp+t2m+ssrd; AR(1) effective n; BH-FDR,as specified in source,499.0,output_TOP100_revision/results/ecology/Ecology_partial_correlations_summary_FINAL_v3.csv,98330bbb71c6cd927a11bcd961d77a7f8e13ce1c32f673ac97dd858de31d989b,,ecology,sensitivity,DIAGNOSTIC,FINAL_DIAGNOSTIC,34.1614134871502,
TOP100R000540,ecological partial correlation,ecological partial correlation | W-GPE | LAI | Model0:BH_negative_area | S temperate | absolute | top100,Model0:BH_negative_area,0.0,,,%,product-specific ecology period,persistent vegetated land,partial correlation controlling tp+t2m+ssrd; AR(1) effective n; BH-FDR,as specified in source,499.0,output_TOP100_revision/results/ecology/Ecology_partial_correlations_summary_FINAL_v3.csv,98330bbb71c6cd927a11bcd961d77a7f8e13ce1c32f673ac97dd858de31d989b,,ecology,sensitivity,DIAGNOSTIC,FINAL_DIAGNOSTIC,0,
TOP100R000541,ecological partial correlation,ecological partial correlation | W-GPE | LAI | Model0:mean_partial_r | Tropics | absolute | top100,Model0:mean_partial_r,0.148754779191579,,,Partial r,product-specific ecology period,persistent vegetated land,partial correlation controlling tp+t2m+ssrd; AR(1) effective n; BH-FDR,as specified in source,1044.0,output_TOP100_revision/results/ecology/Ecology_partial_correlations_summary_FINAL_v3.csv,98330bbb71c6cd927a11bcd961d77a7f8e13ce1c32f673ac97dd858de31d989b,,ecology,sensitivity,DIAGNOSTIC,FINAL_DIAGNOSTIC,0.148754779191579,
TOP100R000542,ecological partial correlation,ecological partial correlation | W-GPE | LAI | Model0:BH_positive_area | Tropics | absolute | top100,Model0:BH_positive_area,27.4375589295354,,,%,product-specific ecology period,persistent vegetated land,partial correlation controlling tp+t2m+ssrd; AR(1) effective n; BH-FDR,as specified in source,1044.0,output_TOP100_revision/results/ecology/Ecology_partial_correlations_summary_FINAL_v3.csv,98330bbb71c6cd927a11bcd961d77a7f8e13ce1c32f673ac97dd858de31d989b,,ecology,sensitivity,DIAGNOSTIC,FINAL_DIAGNOSTIC,27.4375589295354,
TOP100R000543,ecological partial correlation,ecological partial correlation | W-GPE | LAI | Model0:BH_negative_area | Tropics | absolute | top100,Model0:BH_negative_area,0.189944441890068,,,%,product-specific ecology period,persistent vegetated land,partial correlation controlling tp+t2m+ssrd; AR(1) effective n; BH-FDR,as specified in source,1044.0,output_TOP100_revision/results/ecology/Ecology_partial_correlations_summary_FINAL_v3.csv,98330bbb71c6cd927a11bcd961d77a7f8e13ce1c32f673ac97dd858de31d989b,,ecology,sensitivity,DIAGNOSTIC,FINAL_DIAGNOSTIC,0.189944441890068,
TOP100R000544,ecological partial correlation,ecological partial correlation | W-GPE | LAI | Model0:mean_partial_r | N temperate | absolute | top100,Model0:mean_partial_r,0.082153125364008,,,Partial r,product-specific ecology period,persistent vegetated land,partial correlation controlling tp+t2m+ssrd; AR(1) effective n; BH-FDR,as specified in source,3915.0,output_TOP100_revision/results/ecology/Ecology_partial_correlations_summary_FINAL_v3.csv,98330bbb71c6cd927a11bcd961d77a7f8e13ce1c32f673ac97dd858de31d989b,,ecology,sensitivity,DIAGNOSTIC,FINAL_DIAGNOSTIC,0.082153125364008,
TOP100R000545,ecological partial correlation,ecological partial correlation | W-GPE | LAI | Model0:BH_positive_area | N temperate | absolute | top100,Model0:BH_positive_area,18.1669680525226,,,%,product-specific ecology period,persistent vegetated land,partial correlation controlling tp+t2m+ssrd; AR(1) effective n; BH-FDR,as specified in source,3915.0,output_TOP100_revision/results/ecology/Ecology_partial_correlations_summary_FINAL_v3.csv,98330bbb71c6cd927a11bcd961d77a7f8e13ce1c32f673ac97dd858de31d989b,,ecology,sensitivity,DIAGNOSTIC,FINAL_DIAGNOSTIC,18.1669680525226,
TOP100R000546,ecological partial correlation,ecological partial correlation | W-GPE | LAI | Model0:BH_negative_area | N temperate | absolute | top100,Model0:BH_negative_area,0.32779869768207,,,%,product-specific ecology period,persistent vegetated land,partial correlation controlling tp+t2m+ssrd; AR(1) effective n; BH-FDR,as specified in source,3915.0,output_TOP100_revision/results/ecology/Ecology_partial_correlations_summary_FINAL_v3.csv,98330bbb71c6cd927a11bcd961d77a7f8e13ce1c32f673ac97dd858de31d989b,,ecology,sensitivity,DIAGNOSTIC,FINAL_DIAGNOSTIC,0.32779869768207,
TOP100R000547,ecological partial correlation,ecological partial correlation | W-GPE | LAI | Model0:mean_partial_r | N high latitude | absolute | top100,Model0:mean_partial_r,0.181474347902809,,,Partial r,product-specific ecology period,persistent vegetated land,partial correlation controlling tp+t2m+ssrd; AR(1) effective n; BH-FDR,as specified in source,531.0,output_TOP100_revision/results/ecology/Ecology_partial_correlations_summary_FINAL_v3.csv,98330bbb71c6cd927a11bcd961d77a7f8e13ce1c32f673ac97dd858de31d989b,,ecology,sensitivity,DIAGNOSTIC,FINAL_DIAGNOSTIC,0.181474347902809,
TOP100R000548,ecological partial correlation,ecological partial correlation | W-GPE | LAI | Model0:BH_positive_area | N high latitude | absolute | top100,Model0:BH_positive_area,52.4613078829341,,,%,product-specific ecology period,persistent vegetated land,partial correlation controlling tp+t2m+ssrd; AR(1) effective n; BH-FDR,as specified in source,531.0,output_TOP100_revision/results/ecology/Ecology_partial_correlations_summary_FINAL_v3.csv,98330bbb71c6cd927a11bcd961d77a7f8e13ce1c32f673ac97dd858de31d989b,,ecology,sensitivity,DIAGNOSTIC,FINAL_DIAGNOSTIC,52.4613078829341,
TOP100R000549,ecological partial correlation,ecological partial correlation | W-GPE | LAI | Model0:BH_negative_area | N high latitude | absolute | top100,Model0:BH_negative_area,0.644893918117527,,,%,product-specific ecology period,persistent vegetated land,partial correlation controlling tp+t2m+ssrd; AR(1) effective n; BH-FDR,as specified in source,531.0,output_TOP100_revision/results/ecology/Ecology_partial_correlations_summary_FINAL_v3.csv,98330bbb71c6cd927a11bcd961d77a7f8e13ce1c32f673ac97dd858de31d989b,,ecology,sensitivity,DIAGNOSTIC,FINAL_DIAGNOSTIC,0.644893918117527,
TOP100R000550,ecological partial correlation,ecological partial correlation | <z> | LAI | Model0:mean_partial_r | Global | absolute | top100,Model0:mean_partial_r,-0.0363725019234933,,,Partial r,product-specific ecology period,persistent vegetated land,partial correlation controlling tp+t2m+ssrd; AR(1) effective n; BH-FDR,as specified in source,5989.0,output_TOP100_revision/results/ecology/Ecology_partial_correlations_summary_FINAL_v3.csv,98330bbb71c6cd927a11bcd961d77a7f8e13ce1c32f673ac97dd858de31d989b,,ecology,sensitivity,DIAGNOSTIC,FINAL_DIAGNOSTIC,-0.0363725019234933,
TOP100R000551,ecological partial correlation,ecological partial correlation | <z> | LAI | Model0:BH_positive_area | Global | absolute | top100,Model0:BH_positive_area,1.59005009576687,,,%,product-specific ecology period,persistent vegetated land,partial correlation controlling tp+t2m+ssrd; AR(1) effective n; BH-FDR,as specified in source,5989.0,output_TOP100_revision/results/ecology/Ecology_partial_correlations_summary_FINAL_v3.csv,98330bbb71c6cd927a11bcd961d77a7f8e13ce1c32f673ac97dd858de31d989b,,ecology,sensitivity,DIAGNOSTIC,FINAL_DIAGNOSTIC,1.59005009576687,
TOP100R000552,ecological partial correlation,ecological partial correlation | <z> | LAI | Model0:BH_negative_area | Global | absolute | top100,Model0:BH_negative_area,6.97764248732231,,,%,product-specific ecology period,persistent vegetated land,partial correlation controlling tp+t2m+ssrd; AR(1) effective n; BH-FDR,as specified in source,5989.0,output_TOP100_revision/results/ecology/Ecology_partial_correlations_summary_FINAL_v3.csv,98330bbb71c6cd927a11bcd961d77a7f8e13ce1c32f673ac97dd858de31d989b,,ecology,sensitivity,DIAGNOSTIC,FINAL_DIAGNOSTIC,6.97764248732231,
TOP100R000553,ecological partial correlation,ecological partial correlation | <z> | LAI | Model0:mean_partial_r | S temperate | absolute | top100,Model0:mean_partial_r,-0.149954581162895,,,Partial r,product-specific ecology period,persistent vegetated land,partial correlation controlling tp+t2m+ssrd; AR(1) effective n; BH-FDR,as specified in source,499.0,output_TOP100_revision/results/ecology/Ecology_partial_correlations_summary_FINAL_v3.csv,98330bbb71c6cd927a11bcd961d77a7f8e13ce1c32f673ac97dd858de31d989b,,ecology,sensitivity,DIAGNOSTIC,FINAL_DIAGNOSTIC,-0.149954581162895,
TOP100R000554,ecological partial correlation,ecological partial correlation | <z> | LAI | Model0:BH_positive_area | S temperate | absolute | top100,Model0:BH_positive_area,0.0,,,%,product-specific ecology period,persistent vegetated land,partial correlation controlling tp+t2m+ssrd; AR(1) effective n; BH-FDR,as specified in source,499.0,output_TOP100_revision/results/ecology/Ecology_partial_correlations_summary_FINAL_v3.csv,98330bbb71c6cd927a11bcd961d77a7f8e13ce1c32f673ac97dd858de31d989b,,ecology,sensitivity,DIAGNOSTIC,FINAL_DIAGNOSTIC,0,
TOP100R000555,ecological partial correlation,ecological partial correlation | <z> | LAI | Model0:BH_negative_area | S temperate | absolute | top100,Model0:BH_negative_area,32.9471029889844,,,%,product-specific ecology period,persistent vegetated land,partial correlation controlling tp+t2m+ssrd; AR(1) effective n; BH-FDR,as specified in source,499.0,output_TOP100_revision/results/ecology/Ecology_partial_correlations_summary_FINAL_v3.csv,98330bbb71c6cd927a11bcd961d77a7f8e13ce1c32f673ac97dd858de31d989b,,ecology,sensitivity,DIAGNOSTIC,FINAL_DIAGNOSTIC,32.9471029889844,
TOP100R000556,ecological partial correlation,ecological partial correlation | <z> | LAI | Model0:mean_partial_r | Tropics | absolute | top100,Model0:mean_partial_r,-0.0490021451264126,,,Partial r,product-specific ecology period,persistent vegetated land,partial correlation controlling tp+t2m+ssrd; AR(1) effective n; BH-FDR,as specified in source,1044.0,output_TOP100_revision/results/ecology/Ecology_partial_correlations_summary_FINAL_v3.csv,98330bbb71c6cd927a11bcd961d77a7f8e13ce1c32f673ac97dd858de31d989b,,ecology,sensitivity,DIAGNOSTIC,FINAL_DIAGNOSTIC,-0.0490021451264126,
TOP100R000557,ecological partial correlation,ecological partial correlation | <z> | LAI | Model0:BH_positive_area | Tropics | absolute | top100,Model0:BH_positive_area,5.05308249491183,,,%,product-specific ecology period,persistent vegetated land,partial correlation controlling tp+t2m+ssrd; AR(1) effective n; BH-FDR,as specified in source,1044.0,output_TOP100_revision/results/ecology/Ecology_partial_correlations_summary_FINAL_v3.csv,98330bbb71c6cd927a11bcd961d77a7f8e13ce1c32f673ac97dd858de31d989b,,ecology,sensitivity,DIAGNOSTIC,FINAL_DIAGNOSTIC,5.05308249491183,
TOP100R000558,ecological partial correlation,ecological partial correlation | <z> | LAI | Model0:BH_negative_area | Tropics | absolute | top100,Model0:BH_negative_area,8.89323860925184,,,%,product-specific ecology period,persistent vegetated land,partial correlation controlling tp+t2m+ssrd; AR(1) effective n; BH-FDR,as specified in source,1044.0,output_TOP100_revision/results/ecology/Ecology_partial_correlations_summary_FINAL_v3.csv,98330bbb71c6cd927a11bcd961d77a7f8e13ce1c32f673ac97dd858de31d989b,,ecology,sensitivity,DIAGNOSTIC,FINAL_DIAGNOSTIC,8.89323860925184,
TOP100R000559,ecological partial correlation,ecological partial correlation | <z> | LAI | Model0:mean_partial_r | N temperate | absolute | top100,Model0:mean_partial_r,-0.0161230938047263,,,Partial r,product-specific ecology period,persistent vegetated land,partial correlation controlling tp+t2m+ssrd; AR(1) effective n; BH-FDR,as specified in source,3915.0,output_TOP100_revision/results/ecology/Ecology_partial_correlations_summary_FINAL_v3.csv,98330bbb71c6cd927a11bcd961d77a7f8e13ce1c32f673ac97dd858de31d989b,,ecology,sensitivity,DIAGNOSTIC,FINAL_DIAGNOSTIC,-0.0161230938047263,
TOP100R000560,ecological partial correlation,ecological partial correlation | <z> | LAI | Model0:BH_positive_area | N temperate | absolute | top100,Model0:BH_positive_area,0.52238507815395,,,%,product-specific ecology period,persistent vegetated land,partial correlation controlling tp+t2m+ssrd; AR(1) effective n; BH-FDR,as specified in source,3915.0,output_TOP100_revision/results/ecology/Ecology_partial_correlations_summary_FINAL_v3.csv,98330bbb71c6cd927a11bcd961d77a7f8e13ce1c32f673ac97dd858de31d989b,,ecology,sensitivity,DIAGNOSTIC,FINAL_DIAGNOSTIC,0.52238507815395,
TOP100R000561,ecological partial correlation,ecological partial correlation | <z> | LAI | Model0:BH_negative_area | N temperate | absolute | top100,Model0:BH_negative_area,2.01336951586909,,,%,product-specific ecology period,persistent vegetated land,partial correlation controlling tp+t2m+ssrd; AR(1) effective n; BH-FDR,as specified in source,3915.0,output_TOP100_revision/results/ecology/Ecology_partial_correlations_summary_FINAL_v3.csv,98330bbb71c6cd927a11bcd961d77a7f8e13ce1c32f673ac97dd858de31d989b,,ecology,sensitivity,DIAGNOSTIC,FINAL_DIAGNOSTIC,2.01336951586909,
TOP100R000562,ecological partial correlation,ecological partial correlation | <z> | LAI | Model0:mean_partial_r | N high latitude | absolute | top100,Model0:mean_partial_r,0.0356440201288992,,,Partial r,product-specific ecology period,persistent vegetated land,partial correlation controlling tp+t2m+ssrd; AR(1) effective n; BH-FDR,as specified in source,531.0,output_TOP100_revision/results/ecology/Ecology_partial_correlations_summary_FINAL_v3.csv,98330bbb71c6cd927a11bcd961d77a7f8e13ce1c32f673ac97dd858de31d989b,,ecology,sensitivity,DIAGNOSTIC,FINAL_DIAGNOSTIC,0.0356440201288992,
TOP100R000563,ecological partial correlation,ecological partial correlation | <z> | LAI | Model0:BH_positive_area | N high latitude | absolute | top100,Model0:BH_positive_area,0.196499712083,,,%,product-specific ecology period,persistent vegetated land,partial correlation controlling tp+t2m+ssrd; AR(1) effective n; BH-FDR,as specified in source,531.0,output_TOP100_revision/results/ecology/Ecology_partial_correlations_summary_FINAL_v3.csv,98330bbb71c6cd927a11bcd961d77a7f8e13ce1c32f673ac97dd858de31d989b,,ecology,sensitivity,DIAGNOSTIC,FINAL_DIAGNOSTIC,0.196499712083,
TOP100R000564,ecological partial correlation,ecological partial correlation | <z> | LAI | Model0:BH_negative_area | N high latitude | absolute | top100,Model0:BH_negative_area,0.0,,,%,product-specific ecology period,persistent vegetated land,partial correlation controlling tp+t2m+ssrd; AR(1) effective n; BH-FDR,as specified in source,531.0,output_TOP100_revision/results/ecology/Ecology_partial_correlations_summary_FINAL_v3.csv,98330bbb71c6cd927a11bcd961d77a7f8e13ce1c32f673ac97dd858de31d989b,,ecology,sensitivity,DIAGNOSTIC,FINAL_DIAGNOSTIC,0,
TOP100R000565,ecological partial correlation,ecological partial correlation | W-GPE | GPP | Model1:mean_partial_r | Global | absolute | top100,Model1:mean_partial_r,0.169618247691639,,,Partial r,product-specific ecology period,persistent vegetated land,partial correlation controlling tp+t2m+ssrd+rzsm; AR(1) effective n; BH-FDR,as specified in source,17877.0,output_TOP100_revision/results/ecology/Ecology_partial_correlations_summary_FINAL_v3.csv,98330bbb71c6cd927a11bcd961d77a7f8e13ce1c32f673ac97dd858de31d989b,,ecology,sensitivity,DIAGNOSTIC,FINAL_DIAGNOSTIC,0.169618247691639,
TOP100R000566,ecological partial correlation,ecological partial correlation | W-GPE | GPP | Model1:BH_positive_area | Global | absolute | top100,Model1:BH_positive_area,49.1642142812619,,,%,product-specific ecology period,persistent vegetated land,partial correlation controlling tp+t2m+ssrd+rzsm; AR(1) effective n; BH-FDR,as specified in source,17877.0,output_TOP100_revision/results/ecology/Ecology_partial_correlations_summary_FINAL_v3.csv,98330bbb71c6cd927a11bcd961d77a7f8e13ce1c32f673ac97dd858de31d989b,,ecology,sensitivity,DIAGNOSTIC,FINAL_DIAGNOSTIC,49.1642142812619,
TOP100R000567,ecological partial correlation,ecological partial correlation | W-GPE | GPP | Model1:BH_negative_area | Global | absolute | top100,Model1:BH_negative_area,2.13255869236811,,,%,product-specific ecology period,persistent vegetated land,partial correlation controlling tp+t2m+ssrd+rzsm; AR(1) effective n; BH-FDR,as specified in source,17877.0,output_TOP100_revision/results/ecology/Ecology_partial_correlations_summary_FINAL_v3.csv,98330bbb71c6cd927a11bcd961d77a7f8e13ce1c32f673ac97dd858de31d989b,,ecology,sensitivity,DIAGNOSTIC,FINAL_DIAGNOSTIC,2.13255869236811,
TOP100R000568,ecological partial correlation,ecological partial correlation | W-GPE | GPP | Model1:mean_partial_r | S high latitude | absolute | top100,Model1:mean_partial_r,-0.0450370487597164,,,Partial r,product-specific ecology period,persistent vegetated land,partial correlation controlling tp+t2m+ssrd+rzsm; AR(1) effective n; BH-FDR,as specified in source,22.0,output_TOP100_revision/results/ecology/Ecology_partial_correlations_summary_FINAL_v3.csv,98330bbb71c6cd927a11bcd961d77a7f8e13ce1c32f673ac97dd858de31d989b,,ecology,sensitivity,DIAGNOSTIC,FINAL_DIAGNOSTIC,-0.0450370487597164,
TOP100R000569,ecological partial correlation,ecological partial correlation | W-GPE | GPP | Model1:BH_positive_area | S high latitude | absolute | top100,Model1:BH_positive_area,0.0,,,%,product-specific ecology period,persistent vegetated land,partial correlation controlling tp+t2m+ssrd+rzsm; AR(1) effective n; BH-FDR,as specified in source,22.0,output_TOP100_revision/results/ecology/Ecology_partial_correlations_summary_FINAL_v3.csv,98330bbb71c6cd927a11bcd961d77a7f8e13ce1c32f673ac97dd858de31d989b,,ecology,sensitivity,DIAGNOSTIC,FINAL_DIAGNOSTIC,0,
TOP100R000570,ecological partial correlation,ecological partial correlation | W-GPE | GPP | Model1:BH_negative_area | S high latitude | absolute | top100,Model1:BH_negative_area,3.12287198471536,,,%,product-specific ecology period,persistent vegetated land,partial correlation controlling tp+t2m+ssrd+rzsm; AR(1) effective n; BH-FDR,as specified in source,22.0,output_TOP100_revision/results/ecology/Ecology_partial_correlations_summary_FINAL_v3.csv,98330bbb71c6cd927a11bcd961d77a7f8e13ce1c32f673ac97dd858de31d989b,,ecology,sensitivity,DIAGNOSTIC,FINAL_DIAGNOSTIC,3.12287198471536,
TOP100R000571,ecological partial correlation,ecological partial correlation | W-GPE | GPP | Model1:mean_partial_r | S temperate | absolute | top100,Model1:mean_partial_r,0.15222599156982,,,Partial r,product-specific ecology period,persistent vegetated land,partial correlation controlling tp+t2m+ssrd+rzsm; AR(1) effective n; BH-FDR,as specified in source,1250.0,output_TOP100_revision/results/ecology/Ecology_partial_correlations_summary_FINAL_v3.csv,98330bbb71c6cd927a11bcd961d77a7f8e13ce1c32f673ac97dd858de31d989b,,ecology,sensitivity,DIAGNOSTIC,FINAL_DIAGNOSTIC,0.15222599156982,
TOP100R000572,ecological partial correlation,ecological partial correlation | W-GPE | GPP | Model1:BH_positive_area | S temperate | absolute | top100,Model1:BH_positive_area,40.287607428176,,,%,product-specific ecology period,persistent vegetated land,partial correlation controlling tp+t2m+ssrd+rzsm; AR(1) effective n; BH-FDR,as specified in source,1250.0,output_TOP100_revision/results/ecology/Ecology_partial_correlations_summary_FINAL_v3.csv,98330bbb71c6cd927a11bcd961d77a7f8e13ce1c32f673ac97dd858de31d989b,,ecology,sensitivity,DIAGNOSTIC,FINAL_DIAGNOSTIC,40.287607428176,
TOP100R000573,ecological partial correlation,ecological partial correlation | W-GPE | GPP | Model1:BH_negative_area | S temperate | absolute | top100,Model1:BH_negative_area,2.08116407762761,,,%,product-specific ecology period,persistent vegetated land,partial correlation controlling tp+t2m+ssrd+rzsm; AR(1) effective n; BH-FDR,as specified in source,1250.0,output_TOP100_revision/results/ecology/Ecology_partial_correlations_summary_FINAL_v3.csv,98330bbb71c6cd927a11bcd961d77a7f8e13ce1c32f673ac97dd858de31d989b,,ecology,sensitivity,DIAGNOSTIC,FINAL_DIAGNOSTIC,2.08116407762761,
TOP100R000574,ecological partial correlation,ecological partial correlation | W-GPE | GPP | Model1:mean_partial_r | Tropics | absolute | top100,Model1:mean_partial_r,0.209236400963103,,,Partial r,product-specific ecology period,persistent vegetated land,partial correlation controlling tp+t2m+ssrd+rzsm; AR(1) effective n; BH-FDR,as specified in source,5202.0,output_TOP100_revision/results/ecology/Ecology_partial_correlations_summary_FINAL_v3.csv,98330bbb71c6cd927a11bcd961d77a7f8e13ce1c32f673ac97dd858de31d989b,,ecology,sensitivity,DIAGNOSTIC,FINAL_DIAGNOSTIC,0.209236400963103,
TOP100R000575,ecological partial correlation,ecological partial correlation | W-GPE | GPP | Model1:BH_positive_area | Tropics | absolute | top100,Model1:BH_positive_area,58.0131474937879,,,%,product-specific ecology period,persistent vegetated land,partial correlation controlling tp+t2m+ssrd+rzsm; AR(1) effective n; BH-FDR,as specified in source,5202.0,output_TOP100_revision/results/ecology/Ecology_partial_correlations_summary_FINAL_v3.csv,98330bbb71c6cd927a11bcd961d77a7f8e13ce1c32f673ac97dd858de31d989b,,ecology,sensitivity,DIAGNOSTIC,FINAL_DIAGNOSTIC,58.0131474937879,
TOP100R000576,ecological partial correlation,ecological partial correlation | W-GPE | GPP | Model1:BH_negative_area | Tropics | absolute | top100,Model1:BH_negative_area,2.26427235372161,,,%,product-specific ecology period,persistent vegetated land,partial correlation controlling tp+t2m+ssrd+rzsm; AR(1) effective n; BH-FDR,as specified in source,5202.0,output_TOP100_revision/results/ecology/Ecology_partial_correlations_summary_FINAL_v3.csv,98330bbb71c6cd927a11bcd961d77a7f8e13ce1c32f673ac97dd858de31d989b,,ecology,sensitivity,DIAGNOSTIC,FINAL_DIAGNOSTIC,2.26427235372161,
TOP100R000577,ecological partial correlation,ecological partial correlation | W-GPE | GPP | Model1:mean_partial_r | N temperate | absolute | top100,Model1:mean_partial_r,0.1412144127269,,,Partial r,product-specific ecology period,persistent vegetated land,partial correlation controlling tp+t2m+ssrd+rzsm; AR(1) effective n; BH-FDR,as specified in source,9075.0,output_TOP100_revision/results/ecology/Ecology_partial_correlations_summary_FINAL_v3.csv,98330bbb71c6cd927a11bcd961d77a7f8e13ce1c32f673ac97dd858de31d989b,,ecology,sensitivity,DIAGNOSTIC,FINAL_DIAGNOSTIC,0.1412144127269,
TOP100R000578,ecological partial correlation,ecological partial correlation | W-GPE | GPP | Model1:BH_positive_area | N temperate | absolute | top100,Model1:BH_positive_area,43.1457585147923,,,%,product-specific ecology period,persistent vegetated land,partial correlation controlling tp+t2m+ssrd+rzsm; AR(1) effective n; BH-FDR,as specified in source,9075.0,output_TOP100_revision/results/ecology/Ecology_partial_correlations_summary_FINAL_v3.csv,98330bbb71c6cd927a11bcd961d77a7f8e13ce1c32f673ac97dd858de31d989b,,ecology,sensitivity,DIAGNOSTIC,FINAL_DIAGNOSTIC,43.1457585147923,
TOP100R000579,ecological partial correlation,ecological partial correlation | W-GPE | GPP | Model1:BH_negative_area | N temperate | absolute | top100,Model1:BH_negative_area,2.1649639815783,,,%,product-specific ecology period,persistent vegetated land,partial correlation controlling tp+t2m+ssrd+rzsm; AR(1) effective n; BH-FDR,as specified in source,9075.0,output_TOP100_revision/results/ecology/Ecology_partial_correlations_summary_FINAL_v3.csv,98330bbb71c6cd927a11bcd961d77a7f8e13ce1c32f673ac97dd858de31d989b,,ecology,sensitivity,DIAGNOSTIC,FINAL_DIAGNOSTIC,2.1649639815783,
TOP100R000580,ecological partial correlation,ecological partial correlation | W-GPE | GPP | Model1:mean_partial_r | N high latitude | absolute | top100,Model1:mean_partial_r,0.151359185105059,,,Partial r,product-specific ecology period,persistent vegetated land,partial correlation controlling tp+t2m+ssrd+rzsm; AR(1) effective n; BH-FDR,as specified in source,2328.0,output_TOP100_revision/results/ecology/Ecology_partial_correlations_summary_FINAL_v3.csv,98330bbb71c6cd927a11bcd961d77a7f8e13ce1c32f673ac97dd858de31d989b,,ecology,sensitivity,DIAGNOSTIC,FINAL_DIAGNOSTIC,0.151359185105059,
TOP100R000581,ecological partial correlation,ecological partial correlation | W-GPE | GPP | Model1:BH_positive_area | N high latitude | absolute | top100,Model1:BH_positive_area,49.8383300532585,,,%,product-specific ecology period,persistent vegetated land,partial correlation controlling tp+t2m+ssrd+rzsm; AR(1) effective n; BH-FDR,as specified in source,2328.0,output_TOP100_revision/results/ecology/Ecology_partial_correlations_summary_FINAL_v3.csv,98330bbb71c6cd927a11bcd961d77a7f8e13ce1c32f673ac97dd858de31d989b,,ecology,sensitivity,DIAGNOSTIC,FINAL_DIAGNOSTIC,49.8383300532585,
TOP100R000582,ecological partial correlation,ecological partial correlation | W-GPE | GPP | Model1:BH_negative_area | N high latitude | absolute | top100,Model1:BH_negative_area,0.942825949202737,,,%,product-specific ecology period,persistent vegetated land,partial correlation controlling tp+t2m+ssrd+rzsm; AR(1) effective n; BH-FDR,as specified in source,2328.0,output_TOP100_revision/results/ecology/Ecology_partial_correlations_summary_FINAL_v3.csv,98330bbb71c6cd927a11bcd961d77a7f8e13ce1c32f673ac97dd858de31d989b,,ecology,sensitivity,DIAGNOSTIC,FINAL_DIAGNOSTIC,0.942825949202737,
TOP100R000583,ecological partial correlation,ecological partial correlation | <z> | GPP | Model1:mean_partial_r | Global | absolute | top100,Model1:mean_partial_r,-0.0088704793703667,,,Partial r,product-specific ecology period,persistent vegetated land,partial correlation controlling tp+t2m+ssrd+rzsm; AR(1) effective n; BH-FDR,as specified in source,17877.0,output_TOP100_revision/results/ecology/Ecology_partial_correlations_summary_FINAL_v3.csv,98330bbb71c6cd927a11bcd961d77a7f8e13ce1c32f673ac97dd858de31d989b,,ecology,sensitivity,DIAGNOSTIC,FINAL_DIAGNOSTIC,-0.0088704793703667,
TOP100R000584,ecological partial correlation,ecological partial correlation | <z> | GPP | Model1:BH_positive_area | Global | absolute | top100,Model1:BH_positive_area,9.05188847920872,,,%,product-specific ecology period,persistent vegetated land,partial correlation controlling tp+t2m+ssrd+rzsm; AR(1) effective n; BH-FDR,as specified in source,17877.0,output_TOP100_revision/results/ecology/Ecology_partial_correlations_summary_FINAL_v3.csv,98330bbb71c6cd927a11bcd961d77a7f8e13ce1c32f673ac97dd858de31d989b,,ecology,sensitivity,DIAGNOSTIC,FINAL_DIAGNOSTIC,9.05188847920872,
TOP100R000585,ecological partial correlation,ecological partial correlation | <z> | GPP | Model1:BH_negative_area | Global | absolute | top100,Model1:BH_negative_area,11.1476934947665,,,%,product-specific ecology period,persistent vegetated land,partial correlation controlling tp+t2m+ssrd+rzsm; AR(1) effective n; BH-FDR,as specified in source,17877.0,output_TOP100_revision/results/ecology/Ecology_partial_correlations_summary_FINAL_v3.csv,98330bbb71c6cd927a11bcd961d77a7f8e13ce1c32f673ac97dd858de31d989b,,ecology,sensitivity,DIAGNOSTIC,FINAL_DIAGNOSTIC,11.1476934947665,
TOP100R000586,ecological partial correlation,ecological partial correlation | <z> | GPP | Model1:mean_partial_r | S high latitude | absolute | top100,Model1:mean_partial_r,0.0141737119620039,,,Partial r,product-specific ecology period,persistent vegetated land,partial correlation controlling tp+t2m+ssrd+rzsm; AR(1) effective n; BH-FDR,as specified in source,22.0,output_TOP100_revision/results/ecology/Ecology_partial_correlations_summary_FINAL_v3.csv,98330bbb71c6cd927a11bcd961d77a7f8e13ce1c32f673ac97dd858de31d989b,,ecology,sensitivity,DIAGNOSTIC,FINAL_DIAGNOSTIC,0.0141737119620039,
TOP100R000587,ecological partial correlation,ecological partial correlation | <z> | GPP | Model1:BH_positive_area | S high latitude | absolute | top100,Model1:BH_positive_area,0.0,,,%,product-specific ecology period,persistent vegetated land,partial correlation controlling tp+t2m+ssrd+rzsm; AR(1) effective n; BH-FDR,as specified in source,22.0,output_TOP100_revision/results/ecology/Ecology_partial_correlations_summary_FINAL_v3.csv,98330bbb71c6cd927a11bcd961d77a7f8e13ce1c32f673ac97dd858de31d989b,,ecology,sensitivity,DIAGNOSTIC,FINAL_DIAGNOSTIC,0,
TOP100R000588,ecological partial correlation,ecological partial correlation | <z> | GPP | Model1:BH_negative_area | S high latitude | absolute | top100,Model1:BH_negative_area,0.0,,,%,product-specific ecology period,persistent vegetated land,partial correlation controlling tp+t2m+ssrd+rzsm; AR(1) effective n; BH-FDR,as specified in source,22.0,output_TOP100_revision/results/ecology/Ecology_partial_correlations_summary_FINAL_v3.csv,98330bbb71c6cd927a11bcd961d77a7f8e13ce1c32f673ac97dd858de31d989b,,ecology,sensitivity,DIAGNOSTIC,FINAL_DIAGNOSTIC,0,
TOP100R000589,ecological partial correlation,ecological partial correlation | <z> | GPP | Model1:mean_partial_r | S temperate | absolute | top100,Model1:mean_partial_r,-0.0800875408392357,,,Partial r,product-specific ecology period,persistent vegetated land,partial correlation controlling tp+t2m+ssrd+rzsm; AR(1) effective n; BH-FDR,as specified in source,1250.0,output_TOP100_revision/results/ecology/Ecology_partial_correlations_summary_FINAL_v3.csv,98330bbb71c6cd927a11bcd961d77a7f8e13ce1c32f673ac97dd858de31d989b,,ecology,sensitivity,DIAGNOSTIC,FINAL_DIAGNOSTIC,-0.0800875408392357,
TOP100R000590,ecological partial correlation,ecological partial correlation | <z> | GPP | Model1:BH_positive_area | S temperate | absolute | top100,Model1:BH_positive_area,0.780572939235165,,,%,product-specific ecology period,persistent vegetated land,partial correlation controlling tp+t2m+ssrd+rzsm; AR(1) effective n; BH-FDR,as specified in source,1250.0,output_TOP100_revision/results/ecology/Ecology_partial_correlations_summary_FINAL_v3.csv,98330bbb71c6cd927a11bcd961d77a7f8e13ce1c32f673ac97dd858de31d989b,,ecology,sensitivity,DIAGNOSTIC,FINAL_DIAGNOSTIC,0.780572939235165,
TOP100R000591,ecological partial correlation,ecological partial correlation | <z> | GPP | Model1:BH_negative_area | S temperate | absolute | top100,Model1:BH_negative_area,27.1099128987034,,,%,product-specific ecology period,persistent vegetated land,partial correlation controlling tp+t2m+ssrd+rzsm; AR(1) effective n; BH-FDR,as specified in source,1250.0,output_TOP100_revision/results/ecology/Ecology_partial_correlations_summary_FINAL_v3.csv,98330bbb71c6cd927a11bcd961d77a7f8e13ce1c32f673ac97dd858de31d989b,,ecology,sensitivity,DIAGNOSTIC,FINAL_DIAGNOSTIC,27.1099128987034,
TOP100R000592,ecological partial correlation,ecological partial correlation | <z> | GPP | Model1:mean_partial_r | Tropics | absolute | top100,Model1:mean_partial_r,0.0456844956707426,,,Partial r,product-specific ecology period,persistent vegetated land,partial correlation controlling tp+t2m+ssrd+rzsm; AR(1) effective n; BH-FDR,as specified in source,5202.0,output_TOP100_revision/results/ecology/Ecology_partial_correlations_summary_FINAL_v3.csv,98330bbb71c6cd927a11bcd961d77a7f8e13ce1c32f673ac97dd858de31d989b,,ecology,sensitivity,DIAGNOSTIC,FINAL_DIAGNOSTIC,0.0456844956707426,
TOP100R000593,ecological partial correlation,ecological partial correlation | <z> | GPP | Model1:BH_positive_area | Tropics | absolute | top100,Model1:BH_positive_area,20.1561623028485,,,%,product-specific ecology period,persistent vegetated land,partial correlation controlling tp+t2m+ssrd+rzsm; AR(1) effective n; BH-FDR,as specified in source,5202.0,output_TOP100_revision/results/ecology/Ecology_partial_correlations_summary_FINAL_v3.csv,98330bbb71c6cd927a11bcd961d77a7f8e13ce1c32f673ac97dd858de31d989b,,ecology,sensitivity,DIAGNOSTIC,FINAL_DIAGNOSTIC,20.1561623028485,
TOP100R000594,ecological partial correlation,ecological partial correlation | <z> | GPP | Model1:BH_negative_area | Tropics | absolute | top100,Model1:BH_negative_area,4.7604506828376,,,%,product-specific ecology period,persistent vegetated land,partial correlation controlling tp+t2m+ssrd+rzsm; AR(1) effective n; BH-FDR,as specified in source,5202.0,output_TOP100_revision/results/ecology/Ecology_partial_correlations_summary_FINAL_v3.csv,98330bbb71c6cd927a11bcd961d77a7f8e13ce1c32f673ac97dd858de31d989b,,ecology,sensitivity,DIAGNOSTIC,FINAL_DIAGNOSTIC,4.7604506828376,
TOP100R000595,ecological partial correlation,ecological partial correlation | <z> | GPP | Model1:mean_partial_r | N temperate | absolute | top100,Model1:mean_partial_r,-0.0437743132194285,,,Partial r,product-specific ecology period,persistent vegetated land,partial correlation controlling tp+t2m+ssrd+rzsm; AR(1) effective n; BH-FDR,as specified in source,9075.0,output_TOP100_revision/results/ecology/Ecology_partial_correlations_summary_FINAL_v3.csv,98330bbb71c6cd927a11bcd961d77a7f8e13ce1c32f673ac97dd858de31d989b,,ecology,sensitivity,DIAGNOSTIC,FINAL_DIAGNOSTIC,-0.0437743132194285,
TOP100R000596,ecological partial correlation,ecological partial correlation | <z> | GPP | Model1:BH_positive_area | N temperate | absolute | top100,Model1:BH_positive_area,2.09033662767519,,,%,product-specific ecology period,persistent vegetated land,partial correlation controlling tp+t2m+ssrd+rzsm; AR(1) effective n; BH-FDR,as specified in source,9075.0,output_TOP100_revision/results/ecology/Ecology_partial_correlations_summary_FINAL_v3.csv,98330bbb71c6cd927a11bcd961d77a7f8e13ce1c32f673ac97dd858de31d989b,,ecology,sensitivity,DIAGNOSTIC,FINAL_DIAGNOSTIC,2.09033662767519,
TOP100R000597,ecological partial correlation,ecological partial correlation | <z> | GPP | Model1:BH_negative_area | N temperate | absolute | top100,Model1:BH_negative_area,15.0252000368347,,,%,product-specific ecology period,persistent vegetated land,partial correlation controlling tp+t2m+ssrd+rzsm; AR(1) effective n; BH-FDR,as specified in source,9075.0,output_TOP100_revision/results/ecology/Ecology_partial_correlations_summary_FINAL_v3.csv,98330bbb71c6cd927a11bcd961d77a7f8e13ce1c32f673ac97dd858de31d989b,,ecology,sensitivity,DIAGNOSTIC,FINAL_DIAGNOSTIC,15.0252000368347,
TOP100R000598,ecological partial correlation,ecological partial correlation | <z> | GPP | Model1:mean_partial_r | N high latitude | absolute | top100,Model1:mean_partial_r,-0.0003667386460439,,,Partial r,product-specific ecology period,persistent vegetated land,partial correlation controlling tp+t2m+ssrd+rzsm; AR(1) effective n; BH-FDR,as specified in source,2328.0,output_TOP100_revision/results/ecology/Ecology_partial_correlations_summary_FINAL_v3.csv,98330bbb71c6cd927a11bcd961d77a7f8e13ce1c32f673ac97dd858de31d989b,,ecology,sensitivity,DIAGNOSTIC,FINAL_DIAGNOSTIC,-0.0003667386460439,
TOP100R000599,ecological partial correlation,ecological partial correlation | <z> | GPP | Model1:BH_positive_area | N high latitude | absolute | top100,Model1:BH_positive_area,0.115165045988658,,,%,product-specific ecology period,persistent vegetated land,partial correlation controlling tp+t2m+ssrd+rzsm; AR(1) effective n; BH-FDR,as specified in source,2328.0,output_TOP100_revision/results/ecology/Ecology_partial_correlations_summary_FINAL_v3.csv,98330bbb71c6cd927a11bcd961d77a7f8e13ce1c32f673ac97dd858de31d989b,,ecology,sensitivity,DIAGNOSTIC,FINAL_DIAGNOSTIC,0.115165045988658,
TOP100R000600,ecological partial correlation,ecological partial correlation | <z> | GPP | Model1:BH_negative_area | N high latitude | absolute | top100,Model1:BH_negative_area,0.412747377483771,,,%,product-specific ecology period,persistent vegetated land,partial correlation controlling tp+t2m+ssrd+rzsm; AR(1) effective n; BH-FDR,as specified in source,2328.0,output_TOP100_revision/results/ecology/Ecology_partial_correlations_summary_FINAL_v3.csv,98330bbb71c6cd927a11bcd961d77a7f8e13ce1c32f673ac97dd858de31d989b,,ecology,sensitivity,DIAGNOSTIC,FINAL_DIAGNOSTIC,0.412747377483771,
TOP100R000601,ecological partial correlation,ecological partial correlation | W-GPE | LAI | Model1:mean_partial_r | Global | absolute | top100,Model1:mean_partial_r,0.107165864503345,,,Partial r,product-specific ecology period,persistent vegetated land,partial correlation controlling tp+t2m+ssrd+rzsm; AR(1) effective n; BH-FDR,as specified in source,5989.0,output_TOP100_revision/results/ecology/Ecology_partial_correlations_summary_FINAL_v3.csv,98330bbb71c6cd927a11bcd961d77a7f8e13ce1c32f673ac97dd858de31d989b,,ecology,sensitivity,DIAGNOSTIC,FINAL_DIAGNOSTIC,0.107165864503345,
TOP100R000602,ecological partial correlation,ecological partial correlation | W-GPE | LAI | Model1:BH_positive_area | Global | absolute | top100,Model1:BH_positive_area,23.5767256031925,,,%,product-specific ecology period,persistent vegetated land,partial correlation controlling tp+t2m+ssrd+rzsm; AR(1) effective n; BH-FDR,as specified in source,5989.0,output_TOP100_revision/results/ecology/Ecology_partial_correlations_summary_FINAL_v3.csv,98330bbb71c6cd927a11bcd961d77a7f8e13ce1c32f673ac97dd858de31d989b,,ecology,sensitivity,DIAGNOSTIC,FINAL_DIAGNOSTIC,23.5767256031925,
TOP100R000603,ecological partial correlation,ecological partial correlation | W-GPE | LAI | Model1:BH_negative_area | Global | absolute | top100,Model1:BH_negative_area,0.281188363510364,,,%,product-specific ecology period,persistent vegetated land,partial correlation controlling tp+t2m+ssrd+rzsm; AR(1) effective n; BH-FDR,as specified in source,5989.0,output_TOP100_revision/results/ecology/Ecology_partial_correlations_summary_FINAL_v3.csv,98330bbb71c6cd927a11bcd961d77a7f8e13ce1c32f673ac97dd858de31d989b,,ecology,sensitivity,DIAGNOSTIC,FINAL_DIAGNOSTIC,0.281188363510364,
TOP100R000604,ecological partial correlation,ecological partial correlation | W-GPE | LAI | Model1:mean_partial_r | S temperate | absolute | top100,Model1:mean_partial_r,0.121078997024768,,,Partial r,product-specific ecology period,persistent vegetated land,partial correlation controlling tp+t2m+ssrd+rzsm; AR(1) effective n; BH-FDR,as specified in source,499.0,output_TOP100_revision/results/ecology/Ecology_partial_correlations_summary_FINAL_v3.csv,98330bbb71c6cd927a11bcd961d77a7f8e13ce1c32f673ac97dd858de31d989b,,ecology,sensitivity,DIAGNOSTIC,FINAL_DIAGNOSTIC,0.121078997024768,
TOP100R000605,ecological partial correlation,ecological partial correlation | W-GPE | LAI | Model1:BH_positive_area | S temperate | absolute | top100,Model1:BH_positive_area,34.3642919443321,,,%,product-specific ecology period,persistent vegetated land,partial correlation controlling tp+t2m+ssrd+rzsm; AR(1) effective n; BH-FDR,as specified in source,499.0,output_TOP100_revision/results/ecology/Ecology_partial_correlations_summary_FINAL_v3.csv,98330bbb71c6cd927a11bcd961d77a7f8e13ce1c32f673ac97dd858de31d989b,,ecology,sensitivity,DIAGNOSTIC,FINAL_DIAGNOSTIC,34.3642919443321,
TOP100R000606,ecological partial correlation,ecological partial correlation | W-GPE | LAI | Model1:BH_negative_area | S temperate | absolute | top100,Model1:BH_negative_area,0.0,,,%,product-specific ecology period,persistent vegetated land,partial correlation controlling tp+t2m+ssrd+rzsm; AR(1) effective n; BH-FDR,as specified in source,499.0,output_TOP100_revision/results/ecology/Ecology_partial_correlations_summary_FINAL_v3.csv,98330bbb71c6cd927a11bcd961d77a7f8e13ce1c32f673ac97dd858de31d989b,,ecology,sensitivity,DIAGNOSTIC,FINAL_DIAGNOSTIC,0,
TOP100R000607,ecological partial correlation,ecological partial correlation | W-GPE | LAI | Model1:mean_partial_r | Tropics | absolute | top100,Model1:mean_partial_r,0.148284239131202,,,Partial r,product-specific ecology period,persistent vegetated land,partial correlation controlling tp+t2m+ssrd+rzsm; AR(1) effective n; BH-FDR,as specified in source,1044.0,output_TOP100_revision/results/ecology/Ecology_partial_correlations_summary_FINAL_v3.csv,98330bbb71c6cd927a11bcd961d77a7f8e13ce1c32f673ac97dd858de31d989b,,ecology,sensitivity,DIAGNOSTIC,FINAL_DIAGNOSTIC,0.148284239131202,
TOP100R000608,ecological partial correlation,ecological partial correlation | W-GPE | LAI | Model1:BH_positive_area | Tropics | absolute | top100,Model1:BH_positive_area,27.8068511025174,,,%,product-specific ecology period,persistent vegetated land,partial correlation controlling tp+t2m+ssrd+rzsm; AR(1) effective n; BH-FDR,as specified in source,1044.0,output_TOP100_revision/results/ecology/Ecology_partial_correlations_summary_FINAL_v3.csv,98330bbb71c6cd927a11bcd961d77a7f8e13ce1c32f673ac97dd858de31d989b,,ecology,sensitivity,DIAGNOSTIC,FINAL_DIAGNOSTIC,27.8068511025174,
TOP100R000609,ecological partial correlation,ecological partial correlation | W-GPE | LAI | Model1:BH_negative_area | Tropics | absolute | top100,Model1:BH_negative_area,0.189944441890068,,,%,product-specific ecology period,persistent vegetated land,partial correlation controlling tp+t2m+ssrd+rzsm; AR(1) effective n; BH-FDR,as specified in source,1044.0,output_TOP100_revision/results/ecology/Ecology_partial_correlations_summary_FINAL_v3.csv,98330bbb71c6cd927a11bcd961d77a7f8e13ce1c32f673ac97dd858de31d989b,,ecology,sensitivity,DIAGNOSTIC,FINAL_DIAGNOSTIC,0.189944441890068,
TOP100R000610,ecological partial correlation,ecological partial correlation | W-GPE | LAI | Model1:mean_partial_r | N temperate | absolute | top100,Model1:mean_partial_r,0.081449080646701,,,Partial r,product-specific ecology period,persistent vegetated land,partial correlation controlling tp+t2m+ssrd+rzsm; AR(1) effective n; BH-FDR,as specified in source,3915.0,output_TOP100_revision/results/ecology/Ecology_partial_correlations_summary_FINAL_v3.csv,98330bbb71c6cd927a11bcd961d77a7f8e13ce1c32f673ac97dd858de31d989b,,ecology,sensitivity,DIAGNOSTIC,FINAL_DIAGNOSTIC,0.081449080646701,
TOP100R000611,ecological partial correlation,ecological partial correlation | W-GPE | LAI | Model1:BH_positive_area | N temperate | absolute | top100,Model1:BH_positive_area,17.6550584864862,,,%,product-specific ecology period,persistent vegetated land,partial correlation controlling tp+t2m+ssrd+rzsm; AR(1) effective n; BH-FDR,as specified in source,3915.0,output_TOP100_revision/results/ecology/Ecology_partial_correlations_summary_FINAL_v3.csv,98330bbb71c6cd927a11bcd961d77a7f8e13ce1c32f673ac97dd858de31d989b,,ecology,sensitivity,DIAGNOSTIC,FINAL_DIAGNOSTIC,17.6550584864862,
TOP100R000612,ecological partial correlation,ecological partial correlation | W-GPE | LAI | Model1:BH_negative_area | N temperate | absolute | top100,Model1:BH_negative_area,0.354791533431801,,,%,product-specific ecology period,persistent vegetated land,partial correlation controlling tp+t2m+ssrd+rzsm; AR(1) effective n; BH-FDR,as specified in source,3915.0,output_TOP100_revision/results/ecology/Ecology_partial_correlations_summary_FINAL_v3.csv,98330bbb71c6cd927a11bcd961d77a7f8e13ce1c32f673ac97dd858de31d989b,,ecology,sensitivity,DIAGNOSTIC,FINAL_DIAGNOSTIC,0.354791533431801,
TOP100R000613,ecological partial correlation,ecological partial correlation | W-GPE | LAI | Model1:mean_partial_r | N high latitude | absolute | top100,Model1:mean_partial_r,0.180989577092617,,,Partial r,product-specific ecology period,persistent vegetated land,partial correlation controlling tp+t2m+ssrd+rzsm; AR(1) effective n; BH-FDR,as specified in source,531.0,output_TOP100_revision/results/ecology/Ecology_partial_correlations_summary_FINAL_v3.csv,98330bbb71c6cd927a11bcd961d77a7f8e13ce1c32f673ac97dd858de31d989b,,ecology,sensitivity,DIAGNOSTIC,FINAL_DIAGNOSTIC,0.180989577092617,
TOP100R000614,ecological partial correlation,ecological partial correlation | W-GPE | LAI | Model1:BH_positive_area | N high latitude | absolute | top100,Model1:BH_positive_area,51.3000156087398,,,%,product-specific ecology period,persistent vegetated land,partial correlation controlling tp+t2m+ssrd+rzsm; AR(1) effective n; BH-FDR,as specified in source,531.0,output_TOP100_revision/results/ecology/Ecology_partial_correlations_summary_FINAL_v3.csv,98330bbb71c6cd927a11bcd961d77a7f8e13ce1c32f673ac97dd858de31d989b,,ecology,sensitivity,DIAGNOSTIC,FINAL_DIAGNOSTIC,51.3000156087398,
TOP100R000615,ecological partial correlation,ecological partial correlation | W-GPE | LAI | Model1:BH_negative_area | N high latitude | absolute | top100,Model1:BH_negative_area,0.483670438588145,,,%,product-specific ecology period,persistent vegetated land,partial correlation controlling tp+t2m+ssrd+rzsm; AR(1) effective n; BH-FDR,as specified in source,531.0,output_TOP100_revision/results/ecology/Ecology_partial_correlations_summary_FINAL_v3.csv,98330bbb71c6cd927a11bcd961d77a7f8e13ce1c32f673ac97dd858de31d989b,,ecology,sensitivity,DIAGNOSTIC,FINAL_DIAGNOSTIC,0.483670438588145,
TOP100R000616,ecological partial correlation,ecological partial correlation | <z> | LAI | Model1:mean_partial_r | Global | absolute | top100,Model1:mean_partial_r,-0.037038287788955,,,Partial r,product-specific ecology period,persistent vegetated land,partial correlation controlling tp+t2m+ssrd+rzsm; AR(1) effective n; BH-FDR,as specified in source,5989.0,output_TOP100_revision/results/ecology/Ecology_partial_correlations_summary_FINAL_v3.csv,98330bbb71c6cd927a11bcd961d77a7f8e13ce1c32f673ac97dd858de31d989b,,ecology,sensitivity,DIAGNOSTIC,FINAL_DIAGNOSTIC,-0.037038287788955,
TOP100R000617,ecological partial correlation,ecological partial correlation | <z> | LAI | Model1:BH_positive_area | Global | absolute | top100,Model1:BH_positive_area,1.64130463511945,,,%,product-specific ecology period,persistent vegetated land,partial correlation controlling tp+t2m+ssrd+rzsm; AR(1) effective n; BH-FDR,as specified in source,5989.0,output_TOP100_revision/results/ecology/Ecology_partial_correlations_summary_FINAL_v3.csv,98330bbb71c6cd927a11bcd961d77a7f8e13ce1c32f673ac97dd858de31d989b,,ecology,sensitivity,DIAGNOSTIC,FINAL_DIAGNOSTIC,1.64130463511945,
TOP100R000618,ecological partial correlation,ecological partial correlation | <z> | LAI | Model1:BH_negative_area | Global | absolute | top100,Model1:BH_negative_area,6.83135021775123,,,%,product-specific ecology period,persistent vegetated land,partial correlation controlling tp+t2m+ssrd+rzsm; AR(1) effective n; BH-FDR,as specified in source,5989.0,output_TOP100_revision/results/ecology/Ecology_partial_correlations_summary_FINAL_v3.csv,98330bbb71c6cd927a11bcd961d77a7f8e13ce1c32f673ac97dd858de31d989b,,ecology,sensitivity,DIAGNOSTIC,FINAL_DIAGNOSTIC,6.83135021775123,
TOP100R000619,ecological partial correlation,ecological partial correlation | <z> | LAI | Model1:mean_partial_r | S temperate | absolute | top100,Model1:mean_partial_r,-0.150440738298416,,,Partial r,product-specific ecology period,persistent vegetated land,partial correlation controlling tp+t2m+ssrd+rzsm; AR(1) effective n; BH-FDR,as specified in source,499.0,output_TOP100_revision/results/ecology/Ecology_partial_correlations_summary_FINAL_v3.csv,98330bbb71c6cd927a11bcd961d77a7f8e13ce1c32f673ac97dd858de31d989b,,ecology,sensitivity,DIAGNOSTIC,FINAL_DIAGNOSTIC,-0.150440738298416,
TOP100R000620,ecological partial correlation,ecological partial correlation | <z> | LAI | Model1:BH_positive_area | S temperate | absolute | top100,Model1:BH_positive_area,0.0,,,%,product-specific ecology period,persistent vegetated land,partial correlation controlling tp+t2m+ssrd+rzsm; AR(1) effective n; BH-FDR,as specified in source,499.0,output_TOP100_revision/results/ecology/Ecology_partial_correlations_summary_FINAL_v3.csv,98330bbb71c6cd927a11bcd961d77a7f8e13ce1c32f673ac97dd858de31d989b,,ecology,sensitivity,DIAGNOSTIC,FINAL_DIAGNOSTIC,0,
TOP100R000621,ecological partial correlation,ecological partial correlation | <z> | LAI | Model1:BH_negative_area | S temperate | absolute | top100,Model1:BH_negative_area,33.5845292331469,,,%,product-specific ecology period,persistent vegetated land,partial correlation controlling tp+t2m+ssrd+rzsm; AR(1) effective n; BH-FDR,as specified in source,499.0,output_TOP100_revision/results/ecology/Ecology_partial_correlations_summary_FINAL_v3.csv,98330bbb71c6cd927a11bcd961d77a7f8e13ce1c32f673ac97dd858de31d989b,,ecology,sensitivity,DIAGNOSTIC,FINAL_DIAGNOSTIC,33.5845292331469,
TOP100R000622,ecological partial correlation,ecological partial correlation | <z> | LAI | Model1:mean_partial_r | Tropics | absolute | top100,Model1:mean_partial_r,-0.0507980945327926,,,Partial r,product-specific ecology period,persistent vegetated land,partial correlation controlling tp+t2m+ssrd+rzsm; AR(1) effective n; BH-FDR,as specified in source,1044.0,output_TOP100_revision/results/ecology/Ecology_partial_correlations_summary_FINAL_v3.csv,98330bbb71c6cd927a11bcd961d77a7f8e13ce1c32f673ac97dd858de31d989b,,ecology,sensitivity,DIAGNOSTIC,FINAL_DIAGNOSTIC,-0.0507980945327926,
TOP100R000623,ecological partial correlation,ecological partial correlation | <z> | LAI | Model1:BH_positive_area | Tropics | absolute | top100,Model1:BH_positive_area,5.15158528645037,,,%,product-specific ecology period,persistent vegetated land,partial correlation controlling tp+t2m+ssrd+rzsm; AR(1) effective n; BH-FDR,as specified in source,1044.0,output_TOP100_revision/results/ecology/Ecology_partial_correlations_summary_FINAL_v3.csv,98330bbb71c6cd927a11bcd961d77a7f8e13ce1c32f673ac97dd858de31d989b,,ecology,sensitivity,DIAGNOSTIC,FINAL_DIAGNOSTIC,5.15158528645037,
TOP100R000624,ecological partial correlation,ecological partial correlation | <z> | LAI | Model1:BH_negative_area | Tropics | absolute | top100,Model1:BH_negative_area,8.33200254373518,,,%,product-specific ecology period,persistent vegetated land,partial correlation controlling tp+t2m+ssrd+rzsm; AR(1) effective n; BH-FDR,as specified in source,1044.0,output_TOP100_revision/results/ecology/Ecology_partial_correlations_summary_FINAL_v3.csv,98330bbb71c6cd927a11bcd961d77a7f8e13ce1c32f673ac97dd858de31d989b,,ecology,sensitivity,DIAGNOSTIC,FINAL_DIAGNOSTIC,8.33200254373518,
TOP100R000625,ecological partial correlation,ecological partial correlation | <z> | LAI | Model1:mean_partial_r | N temperate | absolute | top100,Model1:mean_partial_r,-0.0161642037940213,,,Partial r,product-specific ecology period,persistent vegetated land,partial correlation controlling tp+t2m+ssrd+rzsm; AR(1) effective n; BH-FDR,as specified in source,3915.0,output_TOP100_revision/results/ecology/Ecology_partial_correlations_summary_FINAL_v3.csv,98330bbb71c6cd927a11bcd961d77a7f8e13ce1c32f673ac97dd858de31d989b,,ecology,sensitivity,DIAGNOSTIC,FINAL_DIAGNOSTIC,-0.0161642037940213,
TOP100R000626,ecological partial correlation,ecological partial correlation | <z> | LAI | Model1:BH_positive_area | N temperate | absolute | top100,Model1:BH_positive_area,0.566959116155384,,,%,product-specific ecology period,persistent vegetated land,partial correlation controlling tp+t2m+ssrd+rzsm; AR(1) effective n; BH-FDR,as specified in source,3915.0,output_TOP100_revision/results/ecology/Ecology_partial_correlations_summary_FINAL_v3.csv,98330bbb71c6cd927a11bcd961d77a7f8e13ce1c32f673ac97dd858de31d989b,,ecology,sensitivity,DIAGNOSTIC,FINAL_DIAGNOSTIC,0.566959116155384,
TOP100R000627,ecological partial correlation,ecological partial correlation | <z> | LAI | Model1:BH_negative_area | N temperate | absolute | top100,Model1:BH_negative_area,1.88922278141423,,,%,product-specific ecology period,persistent vegetated land,partial correlation controlling tp+t2m+ssrd+rzsm; AR(1) effective n; BH-FDR,as specified in source,3915.0,output_TOP100_revision/results/ecology/Ecology_partial_correlations_summary_FINAL_v3.csv,98330bbb71c6cd927a11bcd961d77a7f8e13ce1c32f673ac97dd858de31d989b,,ecology,sensitivity,DIAGNOSTIC,FINAL_DIAGNOSTIC,1.88922278141423,
TOP100R000628,ecological partial correlation,ecological partial correlation | <z> | LAI | Model1:mean_partial_r | N high latitude | absolute | top100,Model1:mean_partial_r,0.0326997299174858,,,Partial r,product-specific ecology period,persistent vegetated land,partial correlation controlling tp+t2m+ssrd+rzsm; AR(1) effective n; BH-FDR,as specified in source,531.0,output_TOP100_revision/results/ecology/Ecology_partial_correlations_summary_FINAL_v3.csv,98330bbb71c6cd927a11bcd961d77a7f8e13ce1c32f673ac97dd858de31d989b,,ecology,sensitivity,DIAGNOSTIC,FINAL_DIAGNOSTIC,0.0326997299174858,
TOP100R000629,ecological partial correlation,ecological partial correlation | <z> | LAI | Model1:BH_positive_area | N high latitude | absolute | top100,Model1:BH_positive_area,0.196499712083,,,%,product-specific ecology period,persistent vegetated land,partial correlation controlling tp+t2m+ssrd+rzsm; AR(1) effective n; BH-FDR,as specified in source,531.0,output_TOP100_revision/results/ecology/Ecology_partial_correlations_summary_FINAL_v3.csv,98330bbb71c6cd927a11bcd961d77a7f8e13ce1c32f673ac97dd858de31d989b,,ecology,sensitivity,DIAGNOSTIC,FINAL_DIAGNOSTIC,0.196499712083,
TOP100R000630,ecological partial correlation,ecological partial correlation | <z> | LAI | Model1:BH_negative_area | N high latitude | absolute | top100,Model1:BH_negative_area,0.0,,,%,product-specific ecology period,persistent vegetated land,partial correlation controlling tp+t2m+ssrd+rzsm; AR(1) effective n; BH-FDR,as specified in source,531.0,output_TOP100_revision/results/ecology/Ecology_partial_correlations_summary_FINAL_v3.csv,98330bbb71c6cd927a11bcd961d77a7f8e13ce1c32f673ac97dd858de31d989b,,ecology,sensitivity,DIAGNOSTIC,FINAL_DIAGNOSTIC,0,
TOP100R000631,ecological partial correlation,ecological partial correlation | W-GPE | GPP | Model2:mean_partial_r | Global | absolute | top100,Model2:mean_partial_r,0.170126447216851,,,Partial r,product-specific ecology period,persistent vegetated land,partial correlation controlling tp+t2m+ssrd+rzsm+co2; AR(1) effective n; BH-FDR,as specified in source,17877.0,output_TOP100_revision/results/ecology/Ecology_partial_correlations_summary_FINAL_v3.csv,98330bbb71c6cd927a11bcd961d77a7f8e13ce1c32f673ac97dd858de31d989b,,ecology,sensitivity,DIAGNOSTIC,FINAL_DIAGNOSTIC,0.170126447216851,
TOP100R000632,ecological partial correlation,ecological partial correlation | W-GPE | GPP | Model2:BH_positive_area | Global | absolute | top100,Model2:BH_positive_area,49.3129353046051,,,%,product-specific ecology period,persistent vegetated land,partial correlation controlling tp+t2m+ssrd+rzsm+co2; AR(1) effective n; BH-FDR,as specified in source,17877.0,output_TOP100_revision/results/ecology/Ecology_partial_correlations_summary_FINAL_v3.csv,98330bbb71c6cd927a11bcd961d77a7f8e13ce1c32f673ac97dd858de31d989b,,ecology,sensitivity,DIAGNOSTIC,FINAL_DIAGNOSTIC,49.3129353046051,
TOP100R000633,ecological partial correlation,ecological partial correlation | W-GPE | GPP | Model2:BH_negative_area | Global | absolute | top100,Model2:BH_negative_area,2.17074227243445,,,%,product-specific ecology period,persistent vegetated land,partial correlation controlling tp+t2m+ssrd+rzsm+co2; AR(1) effective n; BH-FDR,as specified in source,17877.0,output_TOP100_revision/results/ecology/Ecology_partial_correlations_summary_FINAL_v3.csv,98330bbb71c6cd927a11bcd961d77a7f8e13ce1c32f673ac97dd858de31d989b,,ecology,sensitivity,DIAGNOSTIC,FINAL_DIAGNOSTIC,2.17074227243445,
TOP100R000634,ecological partial correlation,ecological partial correlation | W-GPE | GPP | Model2:mean_partial_r | S high latitude | absolute | top100,Model2:mean_partial_r,-0.0426872026262967,,,Partial r,product-specific ecology period,persistent vegetated land,partial correlation controlling tp+t2m+ssrd+rzsm+co2; AR(1) effective n; BH-FDR,as specified in source,22.0,output_TOP100_revision/results/ecology/Ecology_partial_correlations_summary_FINAL_v3.csv,98330bbb71c6cd927a11bcd961d77a7f8e13ce1c32f673ac97dd858de31d989b,,ecology,sensitivity,DIAGNOSTIC,FINAL_DIAGNOSTIC,-0.0426872026262967,
TOP100R000635,ecological partial correlation,ecological partial correlation | W-GPE | GPP | Model2:BH_positive_area | S high latitude | absolute | top100,Model2:BH_positive_area,0.0,,,%,product-specific ecology period,persistent vegetated land,partial correlation controlling tp+t2m+ssrd+rzsm+co2; AR(1) effective n; BH-FDR,as specified in source,22.0,output_TOP100_revision/results/ecology/Ecology_partial_correlations_summary_FINAL_v3.csv,98330bbb71c6cd927a11bcd961d77a7f8e13ce1c32f673ac97dd858de31d989b,,ecology,sensitivity,DIAGNOSTIC,FINAL_DIAGNOSTIC,0,
TOP100R000636,ecological partial correlation,ecological partial correlation | W-GPE | GPP | Model2:BH_negative_area | S high latitude | absolute | top100,Model2:BH_negative_area,3.12287198471536,,,%,product-specific ecology period,persistent vegetated land,partial correlation controlling tp+t2m+ssrd+rzsm+co2; AR(1) effective n; BH-FDR,as specified in source,22.0,output_TOP100_revision/results/ecology/Ecology_partial_correlations_summary_FINAL_v3.csv,98330bbb71c6cd927a11bcd961d77a7f8e13ce1c32f673ac97dd858de31d989b,,ecology,sensitivity,DIAGNOSTIC,FINAL_DIAGNOSTIC,3.12287198471536,
TOP100R000637,ecological partial correlation,ecological partial correlation | W-GPE | GPP | Model2:mean_partial_r | S temperate | absolute | top100,Model2:mean_partial_r,0.152131624724158,,,Partial r,product-specific ecology period,persistent vegetated land,partial correlation controlling tp+t2m+ssrd+rzsm+co2; AR(1) effective n; BH-FDR,as specified in source,1250.0,output_TOP100_revision/results/ecology/Ecology_partial_correlations_summary_FINAL_v3.csv,98330bbb71c6cd927a11bcd961d77a7f8e13ce1c32f673ac97dd858de31d989b,,ecology,sensitivity,DIAGNOSTIC,FINAL_DIAGNOSTIC,0.152131624724158,
TOP100R000638,ecological partial correlation,ecological partial correlation | W-GPE | GPP | Model2:BH_positive_area | S temperate | absolute | top100,Model2:BH_positive_area,40.2860533301028,,,%,product-specific ecology period,persistent vegetated land,partial correlation controlling tp+t2m+ssrd+rzsm+co2; AR(1) effective n; BH-FDR,as specified in source,1250.0,output_TOP100_revision/results/ecology/Ecology_partial_correlations_summary_FINAL_v3.csv,98330bbb71c6cd927a11bcd961d77a7f8e13ce1c32f673ac97dd858de31d989b,,ecology,sensitivity,DIAGNOSTIC,FINAL_DIAGNOSTIC,40.2860533301028,
TOP100R000639,ecological partial correlation,ecological partial correlation | W-GPE | GPP | Model2:BH_negative_area | S temperate | absolute | top100,Model2:BH_negative_area,1.99767225824714,,,%,product-specific ecology period,persistent vegetated land,partial correlation controlling tp+t2m+ssrd+rzsm+co2; AR(1) effective n; BH-FDR,as specified in source,1250.0,output_TOP100_revision/results/ecology/Ecology_partial_correlations_summary_FINAL_v3.csv,98330bbb71c6cd927a11bcd961d77a7f8e13ce1c32f673ac97dd858de31d989b,,ecology,sensitivity,DIAGNOSTIC,FINAL_DIAGNOSTIC,1.99767225824714,
TOP100R000640,ecological partial correlation,ecological partial correlation | W-GPE | GPP | Model2:mean_partial_r | Tropics | absolute | top100,Model2:mean_partial_r,0.209925256506265,,,Partial r,product-specific ecology period,persistent vegetated land,partial correlation controlling tp+t2m+ssrd+rzsm+co2; AR(1) effective n; BH-FDR,as specified in source,5202.0,output_TOP100_revision/results/ecology/Ecology_partial_correlations_summary_FINAL_v3.csv,98330bbb71c6cd927a11bcd961d77a7f8e13ce1c32f673ac97dd858de31d989b,,ecology,sensitivity,DIAGNOSTIC,FINAL_DIAGNOSTIC,0.209925256506265,
TOP100R000641,ecological partial correlation,ecological partial correlation | W-GPE | GPP | Model2:BH_positive_area | Tropics | absolute | top100,Model2:BH_positive_area,58.0773156583279,,,%,product-specific ecology period,persistent vegetated land,partial correlation controlling tp+t2m+ssrd+rzsm+co2; AR(1) effective n; BH-FDR,as specified in source,5202.0,output_TOP100_revision/results/ecology/Ecology_partial_correlations_summary_FINAL_v3.csv,98330bbb71c6cd927a11bcd961d77a7f8e13ce1c32f673ac97dd858de31d989b,,ecology,sensitivity,DIAGNOSTIC,FINAL_DIAGNOSTIC,58.0773156583279,
TOP100R000642,ecological partial correlation,ecological partial correlation | W-GPE | GPP | Model2:BH_negative_area | Tropics | absolute | top100,Model2:BH_negative_area,2.22414353816981,,,%,product-specific ecology period,persistent vegetated land,partial correlation controlling tp+t2m+ssrd+rzsm+co2; AR(1) effective n; BH-FDR,as specified in source,5202.0,output_TOP100_revision/results/ecology/Ecology_partial_correlations_summary_FINAL_v3.csv,98330bbb71c6cd927a11bcd961d77a7f8e13ce1c32f673ac97dd858de31d989b,,ecology,sensitivity,DIAGNOSTIC,FINAL_DIAGNOSTIC,2.22414353816981,
TOP100R000643,ecological partial correlation,ecological partial correlation | W-GPE | GPP | Model2:mean_partial_r | N temperate | absolute | top100,Model2:mean_partial_r,0.141601041140973,,,Partial r,product-specific ecology period,persistent vegetated land,partial correlation controlling tp+t2m+ssrd+rzsm+co2; AR(1) effective n; BH-FDR,as specified in source,9075.0,output_TOP100_revision/results/ecology/Ecology_partial_correlations_summary_FINAL_v3.csv,98330bbb71c6cd927a11bcd961d77a7f8e13ce1c32f673ac97dd858de31d989b,,ecology,sensitivity,DIAGNOSTIC,FINAL_DIAGNOSTIC,0.141601041140973,
TOP100R000644,ecological partial correlation,ecological partial correlation | W-GPE | GPP | Model2:BH_positive_area | N temperate | absolute | top100,Model2:BH_positive_area,43.1659863645493,,,%,product-specific ecology period,persistent vegetated land,partial correlation controlling tp+t2m+ssrd+rzsm+co2; AR(1) effective n; BH-FDR,as specified in source,9075.0,output_TOP100_revision/results/ecology/Ecology_partial_correlations_summary_FINAL_v3.csv,98330bbb71c6cd927a11bcd961d77a7f8e13ce1c32f673ac97dd858de31d989b,,ecology,sensitivity,DIAGNOSTIC,FINAL_DIAGNOSTIC,43.1659863645493,
TOP100R000645,ecological partial correlation,ecological partial correlation | W-GPE | GPP | Model2:BH_negative_area | N temperate | absolute | top100,Model2:BH_negative_area,2.29512201301287,,,%,product-specific ecology period,persistent vegetated land,partial correlation controlling tp+t2m+ssrd+rzsm+co2; AR(1) effective n; BH-FDR,as specified in source,9075.0,output_TOP100_revision/results/ecology/Ecology_partial_correlations_summary_FINAL_v3.csv,98330bbb71c6cd927a11bcd961d77a7f8e13ce1c32f673ac97dd858de31d989b,,ecology,sensitivity,DIAGNOSTIC,FINAL_DIAGNOSTIC,2.29512201301287,
TOP100R000646,ecological partial correlation,ecological partial correlation | W-GPE | GPP | Model2:mean_partial_r | N high latitude | absolute | top100,Model2:mean_partial_r,0.152498453469961,,,Partial r,product-specific ecology period,persistent vegetated land,partial correlation controlling tp+t2m+ssrd+rzsm+co2; AR(1) effective n; BH-FDR,as specified in source,2328.0,output_TOP100_revision/results/ecology/Ecology_partial_correlations_summary_FINAL_v3.csv,98330bbb71c6cd927a11bcd961d77a7f8e13ce1c32f673ac97dd858de31d989b,,ecology,sensitivity,DIAGNOSTIC,FINAL_DIAGNOSTIC,0.152498453469961,
TOP100R000647,ecological partial correlation,ecological partial correlation | W-GPE | GPP | Model2:BH_positive_area | N high latitude | absolute | top100,Model2:BH_positive_area,51.9713945997815,,,%,product-specific ecology period,persistent vegetated land,partial correlation controlling tp+t2m+ssrd+rzsm+co2; AR(1) effective n; BH-FDR,as specified in source,2328.0,output_TOP100_revision/results/ecology/Ecology_partial_correlations_summary_FINAL_v3.csv,98330bbb71c6cd927a11bcd961d77a7f8e13ce1c32f673ac97dd858de31d989b,,ecology,sensitivity,DIAGNOSTIC,FINAL_DIAGNOSTIC,51.9713945997815,
TOP100R000648,ecological partial correlation,ecological partial correlation | W-GPE | GPP | Model2:BH_negative_area | N high latitude | absolute | top100,Model2:BH_negative_area,0.942825949202737,,,%,product-specific ecology period,persistent vegetated land,partial correlation controlling tp+t2m+ssrd+rzsm+co2; AR(1) effective n; BH-FDR,as specified in source,2328.0,output_TOP100_revision/results/ecology/Ecology_partial_correlations_summary_FINAL_v3.csv,98330bbb71c6cd927a11bcd961d77a7f8e13ce1c32f673ac97dd858de31d989b,,ecology,sensitivity,DIAGNOSTIC,FINAL_DIAGNOSTIC,0.942825949202737,
TOP100R000649,ecological partial correlation,ecological partial correlation | <z> | GPP | Model2:mean_partial_r | Global | absolute | top100,Model2:mean_partial_r,-0.0087111203822784,,,Partial r,product-specific ecology period,persistent vegetated land,partial correlation controlling tp+t2m+ssrd+rzsm+co2; AR(1) effective n; BH-FDR,as specified in source,17877.0,output_TOP100_revision/results/ecology/Ecology_partial_correlations_summary_FINAL_v3.csv,98330bbb71c6cd927a11bcd961d77a7f8e13ce1c32f673ac97dd858de31d989b,,ecology,sensitivity,DIAGNOSTIC,FINAL_DIAGNOSTIC,-0.0087111203822784,
TOP100R000650,ecological partial correlation,ecological partial correlation | <z> | GPP | Model2:BH_positive_area | Global | absolute | top100,Model2:BH_positive_area,9.37761094241554,,,%,product-specific ecology period,persistent vegetated land,partial correlation controlling tp+t2m+ssrd+rzsm+co2; AR(1) effective n; BH-FDR,as specified in source,17877.0,output_TOP100_revision/results/ecology/Ecology_partial_correlations_summary_FINAL_v3.csv,98330bbb71c6cd927a11bcd961d77a7f8e13ce1c32f673ac97dd858de31d989b,,ecology,sensitivity,DIAGNOSTIC,FINAL_DIAGNOSTIC,9.37761094241554,
TOP100R000651,ecological partial correlation,ecological partial correlation | <z> | GPP | Model2:BH_negative_area | Global | absolute | top100,Model2:BH_negative_area,11.0676932650619,,,%,product-specific ecology period,persistent vegetated land,partial correlation controlling tp+t2m+ssrd+rzsm+co2; AR(1) effective n; BH-FDR,as specified in source,17877.0,output_TOP100_revision/results/ecology/Ecology_partial_correlations_summary_FINAL_v3.csv,98330bbb71c6cd927a11bcd961d77a7f8e13ce1c32f673ac97dd858de31d989b,,ecology,sensitivity,DIAGNOSTIC,FINAL_DIAGNOSTIC,11.0676932650619,
TOP100R000652,ecological partial correlation,ecological partial correlation | <z> | GPP | Model2:mean_partial_r | S high latitude | absolute | top100,Model2:mean_partial_r,0.0170952636322425,,,Partial r,product-specific ecology period,persistent vegetated land,partial correlation controlling tp+t2m+ssrd+rzsm+co2; AR(1) effective n; BH-FDR,as specified in source,22.0,output_TOP100_revision/results/ecology/Ecology_partial_correlations_summary_FINAL_v3.csv,98330bbb71c6cd927a11bcd961d77a7f8e13ce1c32f673ac97dd858de31d989b,,ecology,sensitivity,DIAGNOSTIC,FINAL_DIAGNOSTIC,0.0170952636322425,
TOP100R000653,ecological partial correlation,ecological partial correlation | <z> | GPP | Model2:BH_positive_area | S high latitude | absolute | top100,Model2:BH_positive_area,0.0,,,%,product-specific ecology period,persistent vegetated land,partial correlation controlling tp+t2m+ssrd+rzsm+co2; AR(1) effective n; BH-FDR,as specified in source,22.0,output_TOP100_revision/results/ecology/Ecology_partial_correlations_summary_FINAL_v3.csv,98330bbb71c6cd927a11bcd961d77a7f8e13ce1c32f673ac97dd858de31d989b,,ecology,sensitivity,DIAGNOSTIC,FINAL_DIAGNOSTIC,0,
TOP100R000654,ecological partial correlation,ecological partial correlation | <z> | GPP | Model2:BH_negative_area | S high latitude | absolute | top100,Model2:BH_negative_area,0.0,,,%,product-specific ecology period,persistent vegetated land,partial correlation controlling tp+t2m+ssrd+rzsm+co2; AR(1) effective n; BH-FDR,as specified in source,22.0,output_TOP100_revision/results/ecology/Ecology_partial_correlations_summary_FINAL_v3.csv,98330bbb71c6cd927a11bcd961d77a7f8e13ce1c32f673ac97dd858de31d989b,,ecology,sensitivity,DIAGNOSTIC,FINAL_DIAGNOSTIC,0,
TOP100R000655,ecological partial correlation,ecological partial correlation | <z> | GPP | Model2:mean_partial_r | S temperate | absolute | top100,Model2:mean_partial_r,-0.080377759406781,,,Partial r,product-specific ecology period,persistent vegetated land,partial correlation controlling tp+t2m+ssrd+rzsm+co2; AR(1) effective n; BH-FDR,as specified in source,1250.0,output_TOP100_revision/results/ecology/Ecology_partial_correlations_summary_FINAL_v3.csv,98330bbb71c6cd927a11bcd961d77a7f8e13ce1c32f673ac97dd858de31d989b,,ecology,sensitivity,DIAGNOSTIC,FINAL_DIAGNOSTIC,-0.080377759406781,
TOP100R000656,ecological partial correlation,ecological partial correlation | <z> | GPP | Model2:BH_positive_area | S temperate | absolute | top100,Model2:BH_positive_area,0.836822451590711,,,%,product-specific ecology period,persistent vegetated land,partial correlation controlling tp+t2m+ssrd+rzsm+co2; AR(1) effective n; BH-FDR,as specified in source,1250.0,output_TOP100_revision/results/ecology/Ecology_partial_correlations_summary_FINAL_v3.csv,98330bbb71c6cd927a11bcd961d77a7f8e13ce1c32f673ac97dd858de31d989b,,ecology,sensitivity,DIAGNOSTIC,FINAL_DIAGNOSTIC,0.836822451590711,
TOP100R000657,ecological partial correlation,ecological partial correlation | <z> | GPP | Model2:BH_negative_area | S temperate | absolute | top100,Model2:BH_negative_area,27.6031222833892,,,%,product-specific ecology period,persistent vegetated land,partial correlation controlling tp+t2m+ssrd+rzsm+co2; AR(1) effective n; BH-FDR,as specified in source,1250.0,output_TOP100_revision/results/ecology/Ecology_partial_correlations_summary_FINAL_v3.csv,98330bbb71c6cd927a11bcd961d77a7f8e13ce1c32f673ac97dd858de31d989b,,ecology,sensitivity,DIAGNOSTIC,FINAL_DIAGNOSTIC,27.6031222833892,
TOP100R000658,ecological partial correlation,ecological partial correlation | <z> | GPP | Model2:mean_partial_r | Tropics | absolute | top100,Model2:mean_partial_r,0.0460994915153898,,,Partial r,product-specific ecology period,persistent vegetated land,partial correlation controlling tp+t2m+ssrd+rzsm+co2; AR(1) effective n; BH-FDR,as specified in source,5202.0,output_TOP100_revision/results/ecology/Ecology_partial_correlations_summary_FINAL_v3.csv,98330bbb71c6cd927a11bcd961d77a7f8e13ce1c32f673ac97dd858de31d989b,,ecology,sensitivity,DIAGNOSTIC,FINAL_DIAGNOSTIC,0.0460994915153898,
TOP100R000659,ecological partial correlation,ecological partial correlation | <z> | GPP | Model2:BH_positive_area | Tropics | absolute | top100,Model2:BH_positive_area,20.8752030787549,,,%,product-specific ecology period,persistent vegetated land,partial correlation controlling tp+t2m+ssrd+rzsm+co2; AR(1) effective n; BH-FDR,as specified in source,5202.0,output_TOP100_revision/results/ecology/Ecology_partial_correlations_summary_FINAL_v3.csv,98330bbb71c6cd927a11bcd961d77a7f8e13ce1c32f673ac97dd858de31d989b,,ecology,sensitivity,DIAGNOSTIC,FINAL_DIAGNOSTIC,20.8752030787549,
TOP100R000660,ecological partial correlation,ecological partial correlation | <z> | GPP | Model2:BH_negative_area | Tropics | absolute | top100,Model2:BH_negative_area,4.83434739036545,,,%,product-specific ecology period,persistent vegetated land,partial correlation controlling tp+t2m+ssrd+rzsm+co2; AR(1) effective n; BH-FDR,as specified in source,5202.0,output_TOP100_revision/results/ecology/Ecology_partial_correlations_summary_FINAL_v3.csv,98330bbb71c6cd927a11bcd961d77a7f8e13ce1c32f673ac97dd858de31d989b,,ecology,sensitivity,DIAGNOSTIC,FINAL_DIAGNOSTIC,4.83434739036545,
TOP100R000661,ecological partial correlation,ecological partial correlation | <z> | GPP | Model2:mean_partial_r | N temperate | absolute | top100,Model2:mean_partial_r,-0.0438227906470337,,,Partial r,product-specific ecology period,persistent vegetated land,partial correlation controlling tp+t2m+ssrd+rzsm+co2; AR(1) effective n; BH-FDR,as specified in source,9075.0,output_TOP100_revision/results/ecology/Ecology_partial_correlations_summary_FINAL_v3.csv,98330bbb71c6cd927a11bcd961d77a7f8e13ce1c32f673ac97dd858de31d989b,,ecology,sensitivity,DIAGNOSTIC,FINAL_DIAGNOSTIC,-0.0438227906470337,
TOP100R000662,ecological partial correlation,ecological partial correlation | <z> | GPP | Model2:BH_positive_area | N temperate | absolute | top100,Model2:BH_positive_area,2.16644467569601,,,%,product-specific ecology period,persistent vegetated land,partial correlation controlling tp+t2m+ssrd+rzsm+co2; AR(1) effective n; BH-FDR,as specified in source,9075.0,output_TOP100_revision/results/ecology/Ecology_partial_correlations_summary_FINAL_v3.csv,98330bbb71c6cd927a11bcd961d77a7f8e13ce1c32f673ac97dd858de31d989b,,ecology,sensitivity,DIAGNOSTIC,FINAL_DIAGNOSTIC,2.16644467569601,
TOP100R000663,ecological partial correlation,ecological partial correlation | <z> | GPP | Model2:BH_negative_area | N temperate | absolute | top100,Model2:BH_negative_area,14.7030580336966,,,%,product-specific ecology period,persistent vegetated land,partial correlation controlling tp+t2m+ssrd+rzsm+co2; AR(1) effective n; BH-FDR,as specified in source,9075.0,output_TOP100_revision/results/ecology/Ecology_partial_correlations_summary_FINAL_v3.csv,98330bbb71c6cd927a11bcd961d77a7f8e13ce1c32f673ac97dd858de31d989b,,ecology,sensitivity,DIAGNOSTIC,FINAL_DIAGNOSTIC,14.7030580336966,
TOP100R000664,ecological partial correlation,ecological partial correlation | <z> | GPP | Model2:mean_partial_r | N high latitude | absolute | top100,Model2:mean_partial_r,0.0003849422283177,,,Partial r,product-specific ecology period,persistent vegetated land,partial correlation controlling tp+t2m+ssrd+rzsm+co2; AR(1) effective n; BH-FDR,as specified in source,2328.0,output_TOP100_revision/results/ecology/Ecology_partial_correlations_summary_FINAL_v3.csv,98330bbb71c6cd927a11bcd961d77a7f8e13ce1c32f673ac97dd858de31d989b,,ecology,sensitivity,DIAGNOSTIC,FINAL_DIAGNOSTIC,0.0003849422283177,
TOP100R000665,ecological partial correlation,ecological partial correlation | <z> | GPP | Model2:BH_positive_area | N high latitude | absolute | top100,Model2:BH_positive_area,0.115165045988658,,,%,product-specific ecology period,persistent vegetated land,partial correlation controlling tp+t2m+ssrd+rzsm+co2; AR(1) effective n; BH-FDR,as specified in source,2328.0,output_TOP100_revision/results/ecology/Ecology_partial_correlations_summary_FINAL_v3.csv,98330bbb71c6cd927a11bcd961d77a7f8e13ce1c32f673ac97dd858de31d989b,,ecology,sensitivity,DIAGNOSTIC,FINAL_DIAGNOSTIC,0.115165045988658,
TOP100R000666,ecological partial correlation,ecological partial correlation | <z> | GPP | Model2:BH_negative_area | N high latitude | absolute | top100,Model2:BH_negative_area,0.437090747017068,,,%,product-specific ecology period,persistent vegetated land,partial correlation controlling tp+t2m+ssrd+rzsm+co2; AR(1) effective n; BH-FDR,as specified in source,2328.0,output_TOP100_revision/results/ecology/Ecology_partial_correlations_summary_FINAL_v3.csv,98330bbb71c6cd927a11bcd961d77a7f8e13ce1c32f673ac97dd858de31d989b,,ecology,sensitivity,DIAGNOSTIC,FINAL_DIAGNOSTIC,0.437090747017068,
TOP100R000667,ecological partial correlation,ecological partial correlation | W-GPE | LAI | Model2:mean_partial_r | Global | absolute | top100,Model2:mean_partial_r,0.105650610186699,,,Partial r,product-specific ecology period,persistent vegetated land,partial correlation controlling tp+t2m+ssrd+rzsm+co2; AR(1) effective n; BH-FDR,as specified in source,5989.0,output_TOP100_revision/results/ecology/Ecology_partial_correlations_summary_FINAL_v3.csv,98330bbb71c6cd927a11bcd961d77a7f8e13ce1c32f673ac97dd858de31d989b,,ecology,sensitivity,DIAGNOSTIC,FINAL_DIAGNOSTIC,0.105650610186699,
TOP100R000668,ecological partial correlation,ecological partial correlation | W-GPE | LAI | Model2:BH_positive_area | Global | absolute | top100,Model2:BH_positive_area,23.6043997151308,,,%,product-specific ecology period,persistent vegetated land,partial correlation controlling tp+t2m+ssrd+rzsm+co2; AR(1) effective n; BH-FDR,as specified in source,5989.0,output_TOP100_revision/results/ecology/Ecology_partial_correlations_summary_FINAL_v3.csv,98330bbb71c6cd927a11bcd961d77a7f8e13ce1c32f673ac97dd858de31d989b,,ecology,sensitivity,DIAGNOSTIC,FINAL_DIAGNOSTIC,23.6043997151308,
TOP100R000669,ecological partial correlation,ecological partial correlation | W-GPE | LAI | Model2:BH_negative_area | Global | absolute | top100,Model2:BH_negative_area,0.335476513582843,,,%,product-specific ecology period,persistent vegetated land,partial correlation controlling tp+t2m+ssrd+rzsm+co2; AR(1) effective n; BH-FDR,as specified in source,5989.0,output_TOP100_revision/results/ecology/Ecology_partial_correlations_summary_FINAL_v3.csv,98330bbb71c6cd927a11bcd961d77a7f8e13ce1c32f673ac97dd858de31d989b,,ecology,sensitivity,DIAGNOSTIC,FINAL_DIAGNOSTIC,0.335476513582843,
TOP100R000670,ecological partial correlation,ecological partial correlation | W-GPE | LAI | Model2:mean_partial_r | S temperate | absolute | top100,Model2:mean_partial_r,0.121206022727984,,,Partial r,product-specific ecology period,persistent vegetated land,partial correlation controlling tp+t2m+ssrd+rzsm+co2; AR(1) effective n; BH-FDR,as specified in source,499.0,output_TOP100_revision/results/ecology/Ecology_partial_correlations_summary_FINAL_v3.csv,98330bbb71c6cd927a11bcd961d77a7f8e13ce1c32f673ac97dd858de31d989b,,ecology,sensitivity,DIAGNOSTIC,FINAL_DIAGNOSTIC,0.121206022727984,
TOP100R000671,ecological partial correlation,ecological partial correlation | W-GPE | LAI | Model2:BH_positive_area | S temperate | absolute | top100,Model2:BH_positive_area,34.3642919443321,,,%,product-specific ecology period,persistent vegetated land,partial correlation controlling tp+t2m+ssrd+rzsm+co2; AR(1) effective n; BH-FDR,as specified in source,499.0,output_TOP100_revision/results/ecology/Ecology_partial_correlations_summary_FINAL_v3.csv,98330bbb71c6cd927a11bcd961d77a7f8e13ce1c32f673ac97dd858de31d989b,,ecology,sensitivity,DIAGNOSTIC,FINAL_DIAGNOSTIC,34.3642919443321,
TOP100R000672,ecological partial correlation,ecological partial correlation | W-GPE | LAI | Model2:BH_negative_area | S temperate | absolute | top100,Model2:BH_negative_area,0.0,,,%,product-specific ecology period,persistent vegetated land,partial correlation controlling tp+t2m+ssrd+rzsm+co2; AR(1) effective n; BH-FDR,as specified in source,499.0,output_TOP100_revision/results/ecology/Ecology_partial_correlations_summary_FINAL_v3.csv,98330bbb71c6cd927a11bcd961d77a7f8e13ce1c32f673ac97dd858de31d989b,,ecology,sensitivity,DIAGNOSTIC,FINAL_DIAGNOSTIC,0,
TOP100R000673,ecological partial correlation,ecological partial correlation | W-GPE | LAI | Model2:mean_partial_r | Tropics | absolute | top100,Model2:mean_partial_r,0.147841097143052,,,Partial r,product-specific ecology period,persistent vegetated land,partial correlation controlling tp+t2m+ssrd+rzsm+co2; AR(1) effective n; BH-FDR,as specified in source,1044.0,output_TOP100_revision/results/ecology/Ecology_partial_correlations_summary_FINAL_v3.csv,98330bbb71c6cd927a11bcd961d77a7f8e13ce1c32f673ac97dd858de31d989b,,ecology,sensitivity,DIAGNOSTIC,FINAL_DIAGNOSTIC,0.147841097143052,
TOP100R000674,ecological partial correlation,ecological partial correlation | W-GPE | LAI | Model2:BH_positive_area | Tropics | absolute | top100,Model2:BH_positive_area,28.1919199777893,,,%,product-specific ecology period,persistent vegetated land,partial correlation controlling tp+t2m+ssrd+rzsm+co2; AR(1) effective n; BH-FDR,as specified in source,1044.0,output_TOP100_revision/results/ecology/Ecology_partial_correlations_summary_FINAL_v3.csv,98330bbb71c6cd927a11bcd961d77a7f8e13ce1c32f673ac97dd858de31d989b,,ecology,sensitivity,DIAGNOSTIC,FINAL_DIAGNOSTIC,28.1919199777893,
TOP100R000675,ecological partial correlation,ecological partial correlation | W-GPE | LAI | Model2:BH_negative_area | Tropics | absolute | top100,Model2:BH_negative_area,0.189944441890068,,,%,product-specific ecology period,persistent vegetated land,partial correlation controlling tp+t2m+ssrd+rzsm+co2; AR(1) effective n; BH-FDR,as specified in source,1044.0,output_TOP100_revision/results/ecology/Ecology_partial_correlations_summary_FINAL_v3.csv,98330bbb71c6cd927a11bcd961d77a7f8e13ce1c32f673ac97dd858de31d989b,,ecology,sensitivity,DIAGNOSTIC,FINAL_DIAGNOSTIC,0.189944441890068,
TOP100R000676,ecological partial correlation,ecological partial correlation | W-GPE | LAI | Model2:mean_partial_r | N temperate | absolute | top100,Model2:mean_partial_r,0.07896824338436,,,Partial r,product-specific ecology period,persistent vegetated land,partial correlation controlling tp+t2m+ssrd+rzsm+co2; AR(1) effective n; BH-FDR,as specified in source,3915.0,output_TOP100_revision/results/ecology/Ecology_partial_correlations_summary_FINAL_v3.csv,98330bbb71c6cd927a11bcd961d77a7f8e13ce1c32f673ac97dd858de31d989b,,ecology,sensitivity,DIAGNOSTIC,FINAL_DIAGNOSTIC,0.07896824338436,
TOP100R000677,ecological partial correlation,ecological partial correlation | W-GPE | LAI | Model2:BH_positive_area | N temperate | absolute | top100,Model2:BH_positive_area,17.4776458325647,,,%,product-specific ecology period,persistent vegetated land,partial correlation controlling tp+t2m+ssrd+rzsm+co2; AR(1) effective n; BH-FDR,as specified in source,3915.0,output_TOP100_revision/results/ecology/Ecology_partial_correlations_summary_FINAL_v3.csv,98330bbb71c6cd927a11bcd961d77a7f8e13ce1c32f673ac97dd858de31d989b,,ecology,sensitivity,DIAGNOSTIC,FINAL_DIAGNOSTIC,17.4776458325647,
TOP100R000678,ecological partial correlation,ecological partial correlation | W-GPE | LAI | Model2:BH_negative_area | N temperate | absolute | top100,Model2:BH_negative_area,0.446143448424304,,,%,product-specific ecology period,persistent vegetated land,partial correlation controlling tp+t2m+ssrd+rzsm+co2; AR(1) effective n; BH-FDR,as specified in source,3915.0,output_TOP100_revision/results/ecology/Ecology_partial_correlations_summary_FINAL_v3.csv,98330bbb71c6cd927a11bcd961d77a7f8e13ce1c32f673ac97dd858de31d989b,,ecology,sensitivity,DIAGNOSTIC,FINAL_DIAGNOSTIC,0.446143448424304,
TOP100R000679,ecological partial correlation,ecological partial correlation | W-GPE | LAI | Model2:mean_partial_r | N high latitude | absolute | top100,Model2:mean_partial_r,0.182205535710313,,,Partial r,product-specific ecology period,persistent vegetated land,partial correlation controlling tp+t2m+ssrd+rzsm+co2; AR(1) effective n; BH-FDR,as specified in source,531.0,output_TOP100_revision/results/ecology/Ecology_partial_correlations_summary_FINAL_v3.csv,98330bbb71c6cd927a11bcd961d77a7f8e13ce1c32f673ac97dd858de31d989b,,ecology,sensitivity,DIAGNOSTIC,FINAL_DIAGNOSTIC,0.182205535710313,
TOP100R000680,ecological partial correlation,ecological partial correlation | W-GPE | LAI | Model2:BH_positive_area | N high latitude | absolute | top100,Model2:BH_positive_area,52.0771016022041,,,%,product-specific ecology period,persistent vegetated land,partial correlation controlling tp+t2m+ssrd+rzsm+co2; AR(1) effective n; BH-FDR,as specified in source,531.0,output_TOP100_revision/results/ecology/Ecology_partial_correlations_summary_FINAL_v3.csv,98330bbb71c6cd927a11bcd961d77a7f8e13ce1c32f673ac97dd858de31d989b,,ecology,sensitivity,DIAGNOSTIC,FINAL_DIAGNOSTIC,52.0771016022041,
TOP100R000681,ecological partial correlation,ecological partial correlation | W-GPE | LAI | Model2:BH_negative_area | N high latitude | absolute | top100,Model2:BH_negative_area,0.483670438588145,,,%,product-specific ecology period,persistent vegetated land,partial correlation controlling tp+t2m+ssrd+rzsm+co2; AR(1) effective n; BH-FDR,as specified in source,531.0,output_TOP100_revision/results/ecology/Ecology_partial_correlations_summary_FINAL_v3.csv,98330bbb71c6cd927a11bcd961d77a7f8e13ce1c32f673ac97dd858de31d989b,,ecology,sensitivity,DIAGNOSTIC,FINAL_DIAGNOSTIC,0.483670438588145,
TOP100R000682,ecological partial correlation,ecological partial correlation | <z> | LAI | Model2:mean_partial_r | Global | absolute | top100,Model2:mean_partial_r,-0.0369983892965207,,,Partial r,product-specific ecology period,persistent vegetated land,partial correlation controlling tp+t2m+ssrd+rzsm+co2; AR(1) effective n; BH-FDR,as specified in source,5989.0,output_TOP100_revision/results/ecology/Ecology_partial_correlations_summary_FINAL_v3.csv,98330bbb71c6cd927a11bcd961d77a7f8e13ce1c32f673ac97dd858de31d989b,,ecology,sensitivity,DIAGNOSTIC,FINAL_DIAGNOSTIC,-0.0369983892965207,
TOP100R000683,ecological partial correlation,ecological partial correlation | <z> | LAI | Model2:BH_positive_area | Global | absolute | top100,Model2:BH_positive_area,1.67311111027795,,,%,product-specific ecology period,persistent vegetated land,partial correlation controlling tp+t2m+ssrd+rzsm+co2; AR(1) effective n; BH-FDR,as specified in source,5989.0,output_TOP100_revision/results/ecology/Ecology_partial_correlations_summary_FINAL_v3.csv,98330bbb71c6cd927a11bcd961d77a7f8e13ce1c32f673ac97dd858de31d989b,,ecology,sensitivity,DIAGNOSTIC,FINAL_DIAGNOSTIC,1.67311111027795,
TOP100R000684,ecological partial correlation,ecological partial correlation | <z> | LAI | Model2:BH_negative_area | Global | absolute | top100,Model2:BH_negative_area,7.36062071722768,,,%,product-specific ecology period,persistent vegetated land,partial correlation controlling tp+t2m+ssrd+rzsm+co2; AR(1) effective n; BH-FDR,as specified in source,5989.0,output_TOP100_revision/results/ecology/Ecology_partial_correlations_summary_FINAL_v3.csv,98330bbb71c6cd927a11bcd961d77a7f8e13ce1c32f673ac97dd858de31d989b,,ecology,sensitivity,DIAGNOSTIC,FINAL_DIAGNOSTIC,7.36062071722768,
TOP100R000685,ecological partial correlation,ecological partial correlation | <z> | LAI | Model2:mean_partial_r | S temperate | absolute | top100,Model2:mean_partial_r,-0.151136558381197,,,Partial r,product-specific ecology period,persistent vegetated land,partial correlation controlling tp+t2m+ssrd+rzsm+co2; AR(1) effective n; BH-FDR,as specified in source,499.0,output_TOP100_revision/results/ecology/Ecology_partial_correlations_summary_FINAL_v3.csv,98330bbb71c6cd927a11bcd961d77a7f8e13ce1c32f673ac97dd858de31d989b,,ecology,sensitivity,DIAGNOSTIC,FINAL_DIAGNOSTIC,-0.151136558381197,
TOP100R000686,ecological partial correlation,ecological partial correlation | <z> | LAI | Model2:BH_positive_area | S temperate | absolute | top100,Model2:BH_positive_area,0.184620332342705,,,%,product-specific ecology period,persistent vegetated land,partial correlation controlling tp+t2m+ssrd+rzsm+co2; AR(1) effective n; BH-FDR,as specified in source,499.0,output_TOP100_revision/results/ecology/Ecology_partial_correlations_summary_FINAL_v3.csv,98330bbb71c6cd927a11bcd961d77a7f8e13ce1c32f673ac97dd858de31d989b,,ecology,sensitivity,DIAGNOSTIC,FINAL_DIAGNOSTIC,0.184620332342705,
TOP100R000687,ecological partial correlation,ecological partial correlation | <z> | LAI | Model2:BH_negative_area | S temperate | absolute | top100,Model2:BH_negative_area,36.0785612639998,,,%,product-specific ecology period,persistent vegetated land,partial correlation controlling tp+t2m+ssrd+rzsm+co2; AR(1) effective n; BH-FDR,as specified in source,499.0,output_TOP100_revision/results/ecology/Ecology_partial_correlations_summary_FINAL_v3.csv,98330bbb71c6cd927a11bcd961d77a7f8e13ce1c32f673ac97dd858de31d989b,,ecology,sensitivity,DIAGNOSTIC,FINAL_DIAGNOSTIC,36.0785612639998,
TOP100R000688,ecological partial correlation,ecological partial correlation | <z> | LAI | Model2:mean_partial_r | Tropics | absolute | top100,Model2:mean_partial_r,-0.050882980854187,,,Partial r,product-specific ecology period,persistent vegetated land,partial correlation controlling tp+t2m+ssrd+rzsm+co2; AR(1) effective n; BH-FDR,as specified in source,1044.0,output_TOP100_revision/results/ecology/Ecology_partial_correlations_summary_FINAL_v3.csv,98330bbb71c6cd927a11bcd961d77a7f8e13ce1c32f673ac97dd858de31d989b,,ecology,sensitivity,DIAGNOSTIC,FINAL_DIAGNOSTIC,-0.050882980854187,
TOP100R000689,ecological partial correlation,ecological partial correlation | <z> | LAI | Model2:BH_positive_area | Tropics | absolute | top100,Model2:BH_positive_area,5.14556523236116,,,%,product-specific ecology period,persistent vegetated land,partial correlation controlling tp+t2m+ssrd+rzsm+co2; AR(1) effective n; BH-FDR,as specified in source,1044.0,output_TOP100_revision/results/ecology/Ecology_partial_correlations_summary_FINAL_v3.csv,98330bbb71c6cd927a11bcd961d77a7f8e13ce1c32f673ac97dd858de31d989b,,ecology,sensitivity,DIAGNOSTIC,FINAL_DIAGNOSTIC,5.14556523236116,
TOP100R000690,ecological partial correlation,ecological partial correlation | <z> | LAI | Model2:BH_negative_area | Tropics | absolute | top100,Model2:BH_negative_area,8.98555504028301,,,%,product-specific ecology period,persistent vegetated land,partial correlation controlling tp+t2m+ssrd+rzsm+co2; AR(1) effective n; BH-FDR,as specified in source,1044.0,output_TOP100_revision/results/ecology/Ecology_partial_correlations_summary_FINAL_v3.csv,98330bbb71c6cd927a11bcd961d77a7f8e13ce1c32f673ac97dd858de31d989b,,ecology,sensitivity,DIAGNOSTIC,FINAL_DIAGNOSTIC,8.98555504028301,
TOP100R000691,ecological partial correlation,ecological partial correlation | <z> | LAI | Model2:mean_partial_r | N temperate | absolute | top100,Model2:mean_partial_r,-0.015897001609158,,,Partial r,product-specific ecology period,persistent vegetated land,partial correlation controlling tp+t2m+ssrd+rzsm+co2; AR(1) effective n; BH-FDR,as specified in source,3915.0,output_TOP100_revision/results/ecology/Ecology_partial_correlations_summary_FINAL_v3.csv,98330bbb71c6cd927a11bcd961d77a7f8e13ce1c32f673ac97dd858de31d989b,,ecology,sensitivity,DIAGNOSTIC,FINAL_DIAGNOSTIC,-0.015897001609158,
TOP100R000692,ecological partial correlation,ecological partial correlation | <z> | LAI | Model2:BH_positive_area | N temperate | absolute | top100,Model2:BH_positive_area,0.589598760637304,,,%,product-specific ecology period,persistent vegetated land,partial correlation controlling tp+t2m+ssrd+rzsm+co2; AR(1) effective n; BH-FDR,as specified in source,3915.0,output_TOP100_revision/results/ecology/Ecology_partial_correlations_summary_FINAL_v3.csv,98330bbb71c6cd927a11bcd961d77a7f8e13ce1c32f673ac97dd858de31d989b,,ecology,sensitivity,DIAGNOSTIC,FINAL_DIAGNOSTIC,0.589598760637304,
TOP100R000693,ecological partial correlation,ecological partial correlation | <z> | LAI | Model2:BH_negative_area | N temperate | absolute | top100,Model2:BH_negative_area,2.05175492249158,,,%,product-specific ecology period,persistent vegetated land,partial correlation controlling tp+t2m+ssrd+rzsm+co2; AR(1) effective n; BH-FDR,as specified in source,3915.0,output_TOP100_revision/results/ecology/Ecology_partial_correlations_summary_FINAL_v3.csv,98330bbb71c6cd927a11bcd961d77a7f8e13ce1c32f673ac97dd858de31d989b,,ecology,sensitivity,DIAGNOSTIC,FINAL_DIAGNOSTIC,2.05175492249158,
TOP100R000694,ecological partial correlation,ecological partial correlation | <z> | LAI | Model2:mean_partial_r | N high latitude | absolute | top100,Model2:mean_partial_r,0.0322141550000166,,,Partial r,product-specific ecology period,persistent vegetated land,partial correlation controlling tp+t2m+ssrd+rzsm+co2; AR(1) effective n; BH-FDR,as specified in source,531.0,output_TOP100_revision/results/ecology/Ecology_partial_correlations_summary_FINAL_v3.csv,98330bbb71c6cd927a11bcd961d77a7f8e13ce1c32f673ac97dd858de31d989b,,ecology,sensitivity,DIAGNOSTIC,FINAL_DIAGNOSTIC,0.0322141550000166,
TOP100R000695,ecological partial correlation,ecological partial correlation | <z> | LAI | Model2:BH_positive_area | N high latitude | absolute | top100,Model2:BH_positive_area,0.196499712083,,,%,product-specific ecology period,persistent vegetated land,partial correlation controlling tp+t2m+ssrd+rzsm+co2; AR(1) effective n; BH-FDR,as specified in source,531.0,output_TOP100_revision/results/ecology/Ecology_partial_correlations_summary_FINAL_v3.csv,98330bbb71c6cd927a11bcd961d77a7f8e13ce1c32f673ac97dd858de31d989b,,ecology,sensitivity,DIAGNOSTIC,FINAL_DIAGNOSTIC,0.196499712083,
TOP100R000696,ecological partial correlation,ecological partial correlation | <z> | LAI | Model2:BH_negative_area | N high latitude | absolute | top100,Model2:BH_negative_area,0.0,,,%,product-specific ecology period,persistent vegetated land,partial correlation controlling tp+t2m+ssrd+rzsm+co2; AR(1) effective n; BH-FDR,as specified in source,531.0,output_TOP100_revision/results/ecology/Ecology_partial_correlations_summary_FINAL_v3.csv,98330bbb71c6cd927a11bcd961d77a7f8e13ce1c32f673ac97dd858de31d989b,,ecology,sensitivity,DIAGNOSTIC,FINAL_DIAGNOSTIC,0,
TOP100R000763,ecological partial correlation,ecological partial correlation | W-GPE | GPP | Model0:mean_partial_r | Global | surface_relative | top100,Model0:mean_partial_r,0.16268621767631,,,Partial r,product-specific ecology period,persistent vegetated land,partial correlation controlling tp+t2m+ssrd; AR(1) effective n; BH-FDR,as specified in source,17877.0,output_TOP100_revision/results/ecology/Ecology_partial_correlations_summary_FINAL_v3.csv,98330bbb71c6cd927a11bcd961d77a7f8e13ce1c32f673ac97dd858de31d989b,,ecology,sensitivity,DIAGNOSTIC,FINAL_DIAGNOSTIC,0.16268621767631,
TOP100R000764,ecological partial correlation,ecological partial correlation | W-GPE | GPP | Model0:BH_positive_area | Global | surface_relative | top100,Model0:BH_positive_area,47.3041712020527,,,%,product-specific ecology period,persistent vegetated land,partial correlation controlling tp+t2m+ssrd; AR(1) effective n; BH-FDR,as specified in source,17877.0,output_TOP100_revision/results/ecology/Ecology_partial_correlations_summary_FINAL_v3.csv,98330bbb71c6cd927a11bcd961d77a7f8e13ce1c32f673ac97dd858de31d989b,,ecology,sensitivity,DIAGNOSTIC,FINAL_DIAGNOSTIC,47.3041712020527,
TOP100R000765,ecological partial correlation,ecological partial correlation | W-GPE | GPP | Model0:BH_negative_area | Global | surface_relative | top100,Model0:BH_negative_area,2.54269859411338,,,%,product-specific ecology period,persistent vegetated land,partial correlation controlling tp+t2m+ssrd; AR(1) effective n; BH-FDR,as specified in source,17877.0,output_TOP100_revision/results/ecology/Ecology_partial_correlations_summary_FINAL_v3.csv,98330bbb71c6cd927a11bcd961d77a7f8e13ce1c32f673ac97dd858de31d989b,,ecology,sensitivity,DIAGNOSTIC,FINAL_DIAGNOSTIC,2.54269859411338,
TOP100R000766,ecological partial correlation,ecological partial correlation | W-GPE | GPP | Model0:mean_partial_r | S high latitude | surface_relative | top100,Model0:mean_partial_r,-0.035750178663526,,,Partial r,product-specific ecology period,persistent vegetated land,partial correlation controlling tp+t2m+ssrd; AR(1) effective n; BH-FDR,as specified in source,22.0,output_TOP100_revision/results/ecology/Ecology_partial_correlations_summary_FINAL_v3.csv,98330bbb71c6cd927a11bcd961d77a7f8e13ce1c32f673ac97dd858de31d989b,,ecology,sensitivity,DIAGNOSTIC,FINAL_DIAGNOSTIC,-0.035750178663526,
TOP100R000767,ecological partial correlation,ecological partial correlation | W-GPE | GPP | Model0:BH_positive_area | S high latitude | surface_relative | top100,Model0:BH_positive_area,0.0,,,%,product-specific ecology period,persistent vegetated land,partial correlation controlling tp+t2m+ssrd; AR(1) effective n; BH-FDR,as specified in source,22.0,output_TOP100_revision/results/ecology/Ecology_partial_correlations_summary_FINAL_v3.csv,98330bbb71c6cd927a11bcd961d77a7f8e13ce1c32f673ac97dd858de31d989b,,ecology,sensitivity,DIAGNOSTIC,FINAL_DIAGNOSTIC,0,
TOP100R000768,ecological partial correlation,ecological partial correlation | W-GPE | GPP | Model0:BH_negative_area | S high latitude | surface_relative | top100,Model0:BH_negative_area,3.12287198471536,,,%,product-specific ecology period,persistent vegetated land,partial correlation controlling tp+t2m+ssrd; AR(1) effective n; BH-FDR,as specified in source,22.0,output_TOP100_revision/results/ecology/Ecology_partial_correlations_summary_FINAL_v3.csv,98330bbb71c6cd927a11bcd961d77a7f8e13ce1c32f673ac97dd858de31d989b,,ecology,sensitivity,DIAGNOSTIC,FINAL_DIAGNOSTIC,3.12287198471536,
TOP100R000769,ecological partial correlation,ecological partial correlation | W-GPE | GPP | Model0:mean_partial_r | S temperate | surface_relative | top100,Model0:mean_partial_r,0.151586844284357,,,Partial r,product-specific ecology period,persistent vegetated land,partial correlation controlling tp+t2m+ssrd; AR(1) effective n; BH-FDR,as specified in source,1250.0,output_TOP100_revision/results/ecology/Ecology_partial_correlations_summary_FINAL_v3.csv,98330bbb71c6cd927a11bcd961d77a7f8e13ce1c32f673ac97dd858de31d989b,,ecology,sensitivity,DIAGNOSTIC,FINAL_DIAGNOSTIC,0.151586844284357,
TOP100R000770,ecological partial correlation,ecological partial correlation | W-GPE | GPP | Model0:BH_positive_area | S temperate | surface_relative | top100,Model0:BH_positive_area,39.9479115368997,,,%,product-specific ecology period,persistent vegetated land,partial correlation controlling tp+t2m+ssrd; AR(1) effective n; BH-FDR,as specified in source,1250.0,output_TOP100_revision/results/ecology/Ecology_partial_correlations_summary_FINAL_v3.csv,98330bbb71c6cd927a11bcd961d77a7f8e13ce1c32f673ac97dd858de31d989b,,ecology,sensitivity,DIAGNOSTIC,FINAL_DIAGNOSTIC,39.9479115368997,
TOP100R000771,ecological partial correlation,ecological partial correlation | W-GPE | GPP | Model0:BH_negative_area | S temperate | surface_relative | top100,Model0:BH_negative_area,2.08781861798166,,,%,product-specific ecology period,persistent vegetated land,partial correlation controlling tp+t2m+ssrd; AR(1) effective n; BH-FDR,as specified in source,1250.0,output_TOP100_revision/results/ecology/Ecology_partial_correlations_summary_FINAL_v3.csv,98330bbb71c6cd927a11bcd961d77a7f8e13ce1c32f673ac97dd858de31d989b,,ecology,sensitivity,DIAGNOSTIC,FINAL_DIAGNOSTIC,2.08781861798166,
TOP100R000772,ecological partial correlation,ecological partial correlation | W-GPE | GPP | Model0:mean_partial_r | Tropics | surface_relative | top100,Model0:mean_partial_r,0.207357366543737,,,Partial r,product-specific ecology period,persistent vegetated land,partial correlation controlling tp+t2m+ssrd; AR(1) effective n; BH-FDR,as specified in source,5202.0,output_TOP100_revision/results/ecology/Ecology_partial_correlations_summary_FINAL_v3.csv,98330bbb71c6cd927a11bcd961d77a7f8e13ce1c32f673ac97dd858de31d989b,,ecology,sensitivity,DIAGNOSTIC,FINAL_DIAGNOSTIC,0.207357366543737,
TOP100R000773,ecological partial correlation,ecological partial correlation | W-GPE | GPP | Model0:BH_positive_area | Tropics | surface_relative | top100,Model0:BH_positive_area,57.6252017474743,,,%,product-specific ecology period,persistent vegetated land,partial correlation controlling tp+t2m+ssrd; AR(1) effective n; BH-FDR,as specified in source,5202.0,output_TOP100_revision/results/ecology/Ecology_partial_correlations_summary_FINAL_v3.csv,98330bbb71c6cd927a11bcd961d77a7f8e13ce1c32f673ac97dd858de31d989b,,ecology,sensitivity,DIAGNOSTIC,FINAL_DIAGNOSTIC,57.6252017474743,
TOP100R000774,ecological partial correlation,ecological partial correlation | W-GPE | GPP | Model0:BH_negative_area | Tropics | surface_relative | top100,Model0:BH_negative_area,2.24086743062335,,,%,product-specific ecology period,persistent vegetated land,partial correlation controlling tp+t2m+ssrd; AR(1) effective n; BH-FDR,as specified in source,5202.0,output_TOP100_revision/results/ecology/Ecology_partial_correlations_summary_FINAL_v3.csv,98330bbb71c6cd927a11bcd961d77a7f8e13ce1c32f673ac97dd858de31d989b,,ecology,sensitivity,DIAGNOSTIC,FINAL_DIAGNOSTIC,2.24086743062335,
TOP100R000775,ecological partial correlation,ecological partial correlation | W-GPE | GPP | Model0:mean_partial_r | N temperate | surface_relative | top100,Model0:mean_partial_r,0.131802412442196,,,Partial r,product-specific ecology period,persistent vegetated land,partial correlation controlling tp+t2m+ssrd; AR(1) effective n; BH-FDR,as specified in source,9075.0,output_TOP100_revision/results/ecology/Ecology_partial_correlations_summary_FINAL_v3.csv,98330bbb71c6cd927a11bcd961d77a7f8e13ce1c32f673ac97dd858de31d989b,,ecology,sensitivity,DIAGNOSTIC,FINAL_DIAGNOSTIC,0.131802412442196,
TOP100R000776,ecological partial correlation,ecological partial correlation | W-GPE | GPP | Model0:BH_positive_area | N temperate | surface_relative | top100,Model0:BH_positive_area,40.2697298414343,,,%,product-specific ecology period,persistent vegetated land,partial correlation controlling tp+t2m+ssrd; AR(1) effective n; BH-FDR,as specified in source,9075.0,output_TOP100_revision/results/ecology/Ecology_partial_correlations_summary_FINAL_v3.csv,98330bbb71c6cd927a11bcd961d77a7f8e13ce1c32f673ac97dd858de31d989b,,ecology,sensitivity,DIAGNOSTIC,FINAL_DIAGNOSTIC,40.2697298414343,
TOP100R000777,ecological partial correlation,ecological partial correlation | W-GPE | GPP | Model0:BH_negative_area | N temperate | surface_relative | top100,Model0:BH_negative_area,2.596765732904,,,%,product-specific ecology period,persistent vegetated land,partial correlation controlling tp+t2m+ssrd; AR(1) effective n; BH-FDR,as specified in source,9075.0,output_TOP100_revision/results/ecology/Ecology_partial_correlations_summary_FINAL_v3.csv,98330bbb71c6cd927a11bcd961d77a7f8e13ce1c32f673ac97dd858de31d989b,,ecology,sensitivity,DIAGNOSTIC,FINAL_DIAGNOSTIC,2.596765732904,
TOP100R000778,ecological partial correlation,ecological partial correlation | W-GPE | GPP | Model0:mean_partial_r | N high latitude | surface_relative | top100,Model0:mean_partial_r,0.118927051403456,,,Partial r,product-specific ecology period,persistent vegetated land,partial correlation controlling tp+t2m+ssrd; AR(1) effective n; BH-FDR,as specified in source,2328.0,output_TOP100_revision/results/ecology/Ecology_partial_correlations_summary_FINAL_v3.csv,98330bbb71c6cd927a11bcd961d77a7f8e13ce1c32f673ac97dd858de31d989b,,ecology,sensitivity,DIAGNOSTIC,FINAL_DIAGNOSTIC,0.118927051403456,
TOP100R000779,ecological partial correlation,ecological partial correlation | W-GPE | GPP | Model0:BH_positive_area | N high latitude | surface_relative | top100,Model0:BH_positive_area,43.6108372981094,,,%,product-specific ecology period,persistent vegetated land,partial correlation controlling tp+t2m+ssrd; AR(1) effective n; BH-FDR,as specified in source,2328.0,output_TOP100_revision/results/ecology/Ecology_partial_correlations_summary_FINAL_v3.csv,98330bbb71c6cd927a11bcd961d77a7f8e13ce1c32f673ac97dd858de31d989b,,ecology,sensitivity,DIAGNOSTIC,FINAL_DIAGNOSTIC,43.6108372981094,
TOP100R000780,ecological partial correlation,ecological partial correlation | W-GPE | GPP | Model0:BH_negative_area | N high latitude | surface_relative | top100,Model0:BH_negative_area,5.00353421919524,,,%,product-specific ecology period,persistent vegetated land,partial correlation controlling tp+t2m+ssrd; AR(1) effective n; BH-FDR,as specified in source,2328.0,output_TOP100_revision/results/ecology/Ecology_partial_correlations_summary_FINAL_v3.csv,98330bbb71c6cd927a11bcd961d77a7f8e13ce1c32f673ac97dd858de31d989b,,ecology,sensitivity,DIAGNOSTIC,FINAL_DIAGNOSTIC,5.00353421919524,
TOP100R000781,ecological partial correlation,ecological partial correlation | <z> | GPP | Model0:mean_partial_r | Global | surface_relative | top100,Model0:mean_partial_r,-0.0089379892712554,,,Partial r,product-specific ecology period,persistent vegetated land,partial correlation controlling tp+t2m+ssrd; AR(1) effective n; BH-FDR,as specified in source,17877.0,output_TOP100_revision/results/ecology/Ecology_partial_correlations_summary_FINAL_v3.csv,98330bbb71c6cd927a11bcd961d77a7f8e13ce1c32f673ac97dd858de31d989b,,ecology,sensitivity,DIAGNOSTIC,FINAL_DIAGNOSTIC,-0.0089379892712554,
TOP100R000782,ecological partial correlation,ecological partial correlation | <z> | GPP | Model0:BH_positive_area | Global | surface_relative | top100,Model0:BH_positive_area,9.08073328193823,,,%,product-specific ecology period,persistent vegetated land,partial correlation controlling tp+t2m+ssrd; AR(1) effective n; BH-FDR,as specified in source,17877.0,output_TOP100_revision/results/ecology/Ecology_partial_correlations_summary_FINAL_v3.csv,98330bbb71c6cd927a11bcd961d77a7f8e13ce1c32f673ac97dd858de31d989b,,ecology,sensitivity,DIAGNOSTIC,FINAL_DIAGNOSTIC,9.08073328193823,
TOP100R000783,ecological partial correlation,ecological partial correlation | <z> | GPP | Model0:BH_negative_area | Global | surface_relative | top100,Model0:BH_negative_area,11.1844455685689,,,%,product-specific ecology period,persistent vegetated land,partial correlation controlling tp+t2m+ssrd; AR(1) effective n; BH-FDR,as specified in source,17877.0,output_TOP100_revision/results/ecology/Ecology_partial_correlations_summary_FINAL_v3.csv,98330bbb71c6cd927a11bcd961d77a7f8e13ce1c32f673ac97dd858de31d989b,,ecology,sensitivity,DIAGNOSTIC,FINAL_DIAGNOSTIC,11.1844455685689,
TOP100R000784,ecological partial correlation,ecological partial correlation | <z> | GPP | Model0:mean_partial_r | S high latitude | surface_relative | top100,Model0:mean_partial_r,0.0141892867235955,,,Partial r,product-specific ecology period,persistent vegetated land,partial correlation controlling tp+t2m+ssrd; AR(1) effective n; BH-FDR,as specified in source,22.0,output_TOP100_revision/results/ecology/Ecology_partial_correlations_summary_FINAL_v3.csv,98330bbb71c6cd927a11bcd961d77a7f8e13ce1c32f673ac97dd858de31d989b,,ecology,sensitivity,DIAGNOSTIC,FINAL_DIAGNOSTIC,0.0141892867235955,
TOP100R000785,ecological partial correlation,ecological partial correlation | <z> | GPP | Model0:BH_positive_area | S high latitude | surface_relative | top100,Model0:BH_positive_area,0.0,,,%,product-specific ecology period,persistent vegetated land,partial correlation controlling tp+t2m+ssrd; AR(1) effective n; BH-FDR,as specified in source,22.0,output_TOP100_revision/results/ecology/Ecology_partial_correlations_summary_FINAL_v3.csv,98330bbb71c6cd927a11bcd961d77a7f8e13ce1c32f673ac97dd858de31d989b,,ecology,sensitivity,DIAGNOSTIC,FINAL_DIAGNOSTIC,0,
TOP100R000786,ecological partial correlation,ecological partial correlation | <z> | GPP | Model0:BH_negative_area | S high latitude | surface_relative | top100,Model0:BH_negative_area,0.0,,,%,product-specific ecology period,persistent vegetated land,partial correlation controlling tp+t2m+ssrd; AR(1) effective n; BH-FDR,as specified in source,22.0,output_TOP100_revision/results/ecology/Ecology_partial_correlations_summary_FINAL_v3.csv,98330bbb71c6cd927a11bcd961d77a7f8e13ce1c32f673ac97dd858de31d989b,,ecology,sensitivity,DIAGNOSTIC,FINAL_DIAGNOSTIC,0,
TOP100R000787,ecological partial correlation,ecological partial correlation | <z> | GPP | Model0:mean_partial_r | S temperate | surface_relative | top100,Model0:mean_partial_r,-0.0793384220064986,,,Partial r,product-specific ecology period,persistent vegetated land,partial correlation controlling tp+t2m+ssrd; AR(1) effective n; BH-FDR,as specified in source,1250.0,output_TOP100_revision/results/ecology/Ecology_partial_correlations_summary_FINAL_v3.csv,98330bbb71c6cd927a11bcd961d77a7f8e13ce1c32f673ac97dd858de31d989b,,ecology,sensitivity,DIAGNOSTIC,FINAL_DIAGNOSTIC,-0.0793384220064986,
TOP100R000788,ecological partial correlation,ecological partial correlation | <z> | GPP | Model0:BH_positive_area | S temperate | surface_relative | top100,Model0:BH_positive_area,0.702707731268346,,,%,product-specific ecology period,persistent vegetated land,partial correlation controlling tp+t2m+ssrd; AR(1) effective n; BH-FDR,as specified in source,1250.0,output_TOP100_revision/results/ecology/Ecology_partial_correlations_summary_FINAL_v3.csv,98330bbb71c6cd927a11bcd961d77a7f8e13ce1c32f673ac97dd858de31d989b,,ecology,sensitivity,DIAGNOSTIC,FINAL_DIAGNOSTIC,0.702707731268346,
TOP100R000789,ecological partial correlation,ecological partial correlation | <z> | GPP | Model0:BH_negative_area | S temperate | surface_relative | top100,Model0:BH_negative_area,26.6919125811825,,,%,product-specific ecology period,persistent vegetated land,partial correlation controlling tp+t2m+ssrd; AR(1) effective n; BH-FDR,as specified in source,1250.0,output_TOP100_revision/results/ecology/Ecology_partial_correlations_summary_FINAL_v3.csv,98330bbb71c6cd927a11bcd961d77a7f8e13ce1c32f673ac97dd858de31d989b,,ecology,sensitivity,DIAGNOSTIC,FINAL_DIAGNOSTIC,26.6919125811825,
TOP100R000790,ecological partial correlation,ecological partial correlation | <z> | GPP | Model0:mean_partial_r | Tropics | surface_relative | top100,Model0:mean_partial_r,0.0455601750975134,,,Partial r,product-specific ecology period,persistent vegetated land,partial correlation controlling tp+t2m+ssrd; AR(1) effective n; BH-FDR,as specified in source,5202.0,output_TOP100_revision/results/ecology/Ecology_partial_correlations_summary_FINAL_v3.csv,98330bbb71c6cd927a11bcd961d77a7f8e13ce1c32f673ac97dd858de31d989b,,ecology,sensitivity,DIAGNOSTIC,FINAL_DIAGNOSTIC,0.0455601750975134,
TOP100R000791,ecological partial correlation,ecological partial correlation | <z> | GPP | Model0:BH_positive_area | Tropics | surface_relative | top100,Model0:BH_positive_area,20.2151287333588,,,%,product-specific ecology period,persistent vegetated land,partial correlation controlling tp+t2m+ssrd; AR(1) effective n; BH-FDR,as specified in source,5202.0,output_TOP100_revision/results/ecology/Ecology_partial_correlations_summary_FINAL_v3.csv,98330bbb71c6cd927a11bcd961d77a7f8e13ce1c32f673ac97dd858de31d989b,,ecology,sensitivity,DIAGNOSTIC,FINAL_DIAGNOSTIC,20.2151287333588,
TOP100R000792,ecological partial correlation,ecological partial correlation | <z> | GPP | Model0:BH_negative_area | Tropics | surface_relative | top100,Model0:BH_negative_area,4.75935515943045,,,%,product-specific ecology period,persistent vegetated land,partial correlation controlling tp+t2m+ssrd; AR(1) effective n; BH-FDR,as specified in source,5202.0,output_TOP100_revision/results/ecology/Ecology_partial_correlations_summary_FINAL_v3.csv,98330bbb71c6cd927a11bcd961d77a7f8e13ce1c32f673ac97dd858de31d989b,,ecology,sensitivity,DIAGNOSTIC,FINAL_DIAGNOSTIC,4.75935515943045,
TOP100R000793,ecological partial correlation,ecological partial correlation | <z> | GPP | Model0:mean_partial_r | N temperate | surface_relative | top100,Model0:mean_partial_r,-0.0439185372981849,,,Partial r,product-specific ecology period,persistent vegetated land,partial correlation controlling tp+t2m+ssrd; AR(1) effective n; BH-FDR,as specified in source,9075.0,output_TOP100_revision/results/ecology/Ecology_partial_correlations_summary_FINAL_v3.csv,98330bbb71c6cd927a11bcd961d77a7f8e13ce1c32f673ac97dd858de31d989b,,ecology,sensitivity,DIAGNOSTIC,FINAL_DIAGNOSTIC,-0.0439185372981849,
TOP100R000794,ecological partial correlation,ecological partial correlation | <z> | GPP | Model0:BH_positive_area | N temperate | surface_relative | top100,Model0:BH_positive_area,2.11546745234729,,,%,product-specific ecology period,persistent vegetated land,partial correlation controlling tp+t2m+ssrd; AR(1) effective n; BH-FDR,as specified in source,9075.0,output_TOP100_revision/results/ecology/Ecology_partial_correlations_summary_FINAL_v3.csv,98330bbb71c6cd927a11bcd961d77a7f8e13ce1c32f673ac97dd858de31d989b,,ecology,sensitivity,DIAGNOSTIC,FINAL_DIAGNOSTIC,2.11546745234729,
TOP100R000795,ecological partial correlation,ecological partial correlation | <z> | GPP | Model0:BH_negative_area | N temperate | surface_relative | top100,Model0:BH_negative_area,15.1831905931268,,,%,product-specific ecology period,persistent vegetated land,partial correlation controlling tp+t2m+ssrd; AR(1) effective n; BH-FDR,as specified in source,9075.0,output_TOP100_revision/results/ecology/Ecology_partial_correlations_summary_FINAL_v3.csv,98330bbb71c6cd927a11bcd961d77a7f8e13ce1c32f673ac97dd858de31d989b,,ecology,sensitivity,DIAGNOSTIC,FINAL_DIAGNOSTIC,15.1831905931268,
TOP100R000796,ecological partial correlation,ecological partial correlation | <z> | GPP | Model0:mean_partial_r | N high latitude | surface_relative | top100,Model0:mean_partial_r,-0.0005833107226902,,,Partial r,product-specific ecology period,persistent vegetated land,partial correlation controlling tp+t2m+ssrd; AR(1) effective n; BH-FDR,as specified in source,2328.0,output_TOP100_revision/results/ecology/Ecology_partial_correlations_summary_FINAL_v3.csv,98330bbb71c6cd927a11bcd961d77a7f8e13ce1c32f673ac97dd858de31d989b,,ecology,sensitivity,DIAGNOSTIC,FINAL_DIAGNOSTIC,-0.0005833107226902,
TOP100R000797,ecological partial correlation,ecological partial correlation | <z> | GPP | Model0:BH_positive_area | N high latitude | surface_relative | top100,Model0:BH_positive_area,0.115165045988658,,,%,product-specific ecology period,persistent vegetated land,partial correlation controlling tp+t2m+ssrd; AR(1) effective n; BH-FDR,as specified in source,2328.0,output_TOP100_revision/results/ecology/Ecology_partial_correlations_summary_FINAL_v3.csv,98330bbb71c6cd927a11bcd961d77a7f8e13ce1c32f673ac97dd858de31d989b,,ecology,sensitivity,DIAGNOSTIC,FINAL_DIAGNOSTIC,0.115165045988658,
TOP100R000798,ecological partial correlation,ecological partial correlation | <z> | GPP | Model0:BH_negative_area | N high latitude | surface_relative | top100,Model0:BH_negative_area,0.361094233829667,,,%,product-specific ecology period,persistent vegetated land,partial correlation controlling tp+t2m+ssrd; AR(1) effective n; BH-FDR,as specified in source,2328.0,output_TOP100_revision/results/ecology/Ecology_partial_correlations_summary_FINAL_v3.csv,98330bbb71c6cd927a11bcd961d77a7f8e13ce1c32f673ac97dd858de31d989b,,ecology,sensitivity,DIAGNOSTIC,FINAL_DIAGNOSTIC,0.361094233829667,
TOP100R000799,ecological partial correlation,ecological partial correlation | W-GPE | LAI | Model0:mean_partial_r | Global | surface_relative | top100,Model0:mean_partial_r,0.102190456023081,,,Partial r,product-specific ecology period,persistent vegetated land,partial correlation controlling tp+t2m+ssrd; AR(1) effective n; BH-FDR,as specified in source,5989.0,output_TOP100_revision/results/ecology/Ecology_partial_correlations_summary_FINAL_v3.csv,98330bbb71c6cd927a11bcd961d77a7f8e13ce1c32f673ac97dd858de31d989b,,ecology,sensitivity,DIAGNOSTIC,FINAL_DIAGNOSTIC,0.102190456023081,
TOP100R000800,ecological partial correlation,ecological partial correlation | W-GPE | LAI | Model0:BH_positive_area | Global | surface_relative | top100,Model0:BH_positive_area,22.3482267758025,,,%,product-specific ecology period,persistent vegetated land,partial correlation controlling tp+t2m+ssrd; AR(1) effective n; BH-FDR,as specified in source,5989.0,output_TOP100_revision/results/ecology/Ecology_partial_correlations_summary_FINAL_v3.csv,98330bbb71c6cd927a11bcd961d77a7f8e13ce1c32f673ac97dd858de31d989b,,ecology,sensitivity,DIAGNOSTIC,FINAL_DIAGNOSTIC,22.3482267758025,
TOP100R000801,ecological partial correlation,ecological partial correlation | W-GPE | LAI | Model0:BH_negative_area | Global | surface_relative | top100,Model0:BH_negative_area,0.577819850008801,,,%,product-specific ecology period,persistent vegetated land,partial correlation controlling tp+t2m+ssrd; AR(1) effective n; BH-FDR,as specified in source,5989.0,output_TOP100_revision/results/ecology/Ecology_partial_correlations_summary_FINAL_v3.csv,98330bbb71c6cd927a11bcd961d77a7f8e13ce1c32f673ac97dd858de31d989b,,ecology,sensitivity,DIAGNOSTIC,FINAL_DIAGNOSTIC,0.577819850008801,
TOP100R000802,ecological partial correlation,ecological partial correlation | W-GPE | LAI | Model0:mean_partial_r | S temperate | surface_relative | top100,Model0:mean_partial_r,0.119953768840413,,,Partial r,product-specific ecology period,persistent vegetated land,partial correlation controlling tp+t2m+ssrd; AR(1) effective n; BH-FDR,as specified in source,499.0,output_TOP100_revision/results/ecology/Ecology_partial_correlations_summary_FINAL_v3.csv,98330bbb71c6cd927a11bcd961d77a7f8e13ce1c32f673ac97dd858de31d989b,,ecology,sensitivity,DIAGNOSTIC,FINAL_DIAGNOSTIC,0.119953768840413,
TOP100R000803,ecological partial correlation,ecological partial correlation | W-GPE | LAI | Model0:BH_positive_area | S temperate | surface_relative | top100,Model0:BH_positive_area,33.9496574590146,,,%,product-specific ecology period,persistent vegetated land,partial correlation controlling tp+t2m+ssrd; AR(1) effective n; BH-FDR,as specified in source,499.0,output_TOP100_revision/results/ecology/Ecology_partial_correlations_summary_FINAL_v3.csv,98330bbb71c6cd927a11bcd961d77a7f8e13ce1c32f673ac97dd858de31d989b,,ecology,sensitivity,DIAGNOSTIC,FINAL_DIAGNOSTIC,33.9496574590146,
TOP100R000804,ecological partial correlation,ecological partial correlation | W-GPE | LAI | Model0:BH_negative_area | S temperate | surface_relative | top100,Model0:BH_negative_area,0.0,,,%,product-specific ecology period,persistent vegetated land,partial correlation controlling tp+t2m+ssrd; AR(1) effective n; BH-FDR,as specified in source,499.0,output_TOP100_revision/results/ecology/Ecology_partial_correlations_summary_FINAL_v3.csv,98330bbb71c6cd927a11bcd961d77a7f8e13ce1c32f673ac97dd858de31d989b,,ecology,sensitivity,DIAGNOSTIC,FINAL_DIAGNOSTIC,0,
TOP100R000805,ecological partial correlation,ecological partial correlation | W-GPE | LAI | Model0:mean_partial_r | Tropics | surface_relative | top100,Model0:mean_partial_r,0.142459662629018,,,Partial r,product-specific ecology period,persistent vegetated land,partial correlation controlling tp+t2m+ssrd; AR(1) effective n; BH-FDR,as specified in source,1044.0,output_TOP100_revision/results/ecology/Ecology_partial_correlations_summary_FINAL_v3.csv,98330bbb71c6cd927a11bcd961d77a7f8e13ce1c32f673ac97dd858de31d989b,,ecology,sensitivity,DIAGNOSTIC,FINAL_DIAGNOSTIC,0.142459662629018,
TOP100R000806,ecological partial correlation,ecological partial correlation | W-GPE | LAI | Model0:BH_positive_area | Tropics | surface_relative | top100,Model0:BH_positive_area,26.3952046831727,,,%,product-specific ecology period,persistent vegetated land,partial correlation controlling tp+t2m+ssrd; AR(1) effective n; BH-FDR,as specified in source,1044.0,output_TOP100_revision/results/ecology/Ecology_partial_correlations_summary_FINAL_v3.csv,98330bbb71c6cd927a11bcd961d77a7f8e13ce1c32f673ac97dd858de31d989b,,ecology,sensitivity,DIAGNOSTIC,FINAL_DIAGNOSTIC,26.3952046831727,
TOP100R000807,ecological partial correlation,ecological partial correlation | W-GPE | LAI | Model0:BH_negative_area | Tropics | surface_relative | top100,Model0:BH_negative_area,0.656363676723925,,,%,product-specific ecology period,persistent vegetated land,partial correlation controlling tp+t2m+ssrd; AR(1) effective n; BH-FDR,as specified in source,1044.0,output_TOP100_revision/results/ecology/Ecology_partial_correlations_summary_FINAL_v3.csv,98330bbb71c6cd927a11bcd961d77a7f8e13ce1c32f673ac97dd858de31d989b,,ecology,sensitivity,DIAGNOSTIC,FINAL_DIAGNOSTIC,0.656363676723925,
TOP100R000808,ecological partial correlation,ecological partial correlation | W-GPE | LAI | Model0:mean_partial_r | N temperate | surface_relative | top100,Model0:mean_partial_r,0.0777059215739505,,,Partial r,product-specific ecology period,persistent vegetated land,partial correlation controlling tp+t2m+ssrd; AR(1) effective n; BH-FDR,as specified in source,3915.0,output_TOP100_revision/results/ecology/Ecology_partial_correlations_summary_FINAL_v3.csv,98330bbb71c6cd927a11bcd961d77a7f8e13ce1c32f673ac97dd858de31d989b,,ecology,sensitivity,DIAGNOSTIC,FINAL_DIAGNOSTIC,0.0777059215739505,
TOP100R000809,ecological partial correlation,ecological partial correlation | W-GPE | LAI | Model0:BH_positive_area | N temperate | surface_relative | top100,Model0:BH_positive_area,16.3592976713515,,,%,product-specific ecology period,persistent vegetated land,partial correlation controlling tp+t2m+ssrd; AR(1) effective n; BH-FDR,as specified in source,3915.0,output_TOP100_revision/results/ecology/Ecology_partial_correlations_summary_FINAL_v3.csv,98330bbb71c6cd927a11bcd961d77a7f8e13ce1c32f673ac97dd858de31d989b,,ecology,sensitivity,DIAGNOSTIC,FINAL_DIAGNOSTIC,16.3592976713515,
TOP100R000810,ecological partial correlation,ecological partial correlation | W-GPE | LAI | Model0:BH_negative_area | N temperate | surface_relative | top100,Model0:BH_negative_area,0.59898808448612,,,%,product-specific ecology period,persistent vegetated land,partial correlation controlling tp+t2m+ssrd; AR(1) effective n; BH-FDR,as specified in source,3915.0,output_TOP100_revision/results/ecology/Ecology_partial_correlations_summary_FINAL_v3.csv,98330bbb71c6cd927a11bcd961d77a7f8e13ce1c32f673ac97dd858de31d989b,,ecology,sensitivity,DIAGNOSTIC,FINAL_DIAGNOSTIC,0.59898808448612,
TOP100R000811,ecological partial correlation,ecological partial correlation | W-GPE | LAI | Model0:mean_partial_r | N high latitude | surface_relative | top100,Model0:mean_partial_r,0.156035289449267,,,Partial r,product-specific ecology period,persistent vegetated land,partial correlation controlling tp+t2m+ssrd; AR(1) effective n; BH-FDR,as specified in source,531.0,output_TOP100_revision/results/ecology/Ecology_partial_correlations_summary_FINAL_v3.csv,98330bbb71c6cd927a11bcd961d77a7f8e13ce1c32f673ac97dd858de31d989b,,ecology,sensitivity,DIAGNOSTIC,FINAL_DIAGNOSTIC,0.156035289449267,
TOP100R000812,ecological partial correlation,ecological partial correlation | W-GPE | LAI | Model0:BH_positive_area | N high latitude | surface_relative | top100,Model0:BH_positive_area,50.0381940254443,,,%,product-specific ecology period,persistent vegetated land,partial correlation controlling tp+t2m+ssrd; AR(1) effective n; BH-FDR,as specified in source,531.0,output_TOP100_revision/results/ecology/Ecology_partial_correlations_summary_FINAL_v3.csv,98330bbb71c6cd927a11bcd961d77a7f8e13ce1c32f673ac97dd858de31d989b,,ecology,sensitivity,DIAGNOSTIC,FINAL_DIAGNOSTIC,50.0381940254443,
TOP100R000813,ecological partial correlation,ecological partial correlation | W-GPE | LAI | Model0:BH_negative_area | N high latitude | surface_relative | top100,Model0:BH_negative_area,1.21692115681693,,,%,product-specific ecology period,persistent vegetated land,partial correlation controlling tp+t2m+ssrd; AR(1) effective n; BH-FDR,as specified in source,531.0,output_TOP100_revision/results/ecology/Ecology_partial_correlations_summary_FINAL_v3.csv,98330bbb71c6cd927a11bcd961d77a7f8e13ce1c32f673ac97dd858de31d989b,,ecology,sensitivity,DIAGNOSTIC,FINAL_DIAGNOSTIC,1.21692115681693,
TOP100R000814,ecological partial correlation,ecological partial correlation | <z> | LAI | Model0:mean_partial_r | Global | surface_relative | top100,Model0:mean_partial_r,-0.0363725019234933,,,Partial r,product-specific ecology period,persistent vegetated land,partial correlation controlling tp+t2m+ssrd; AR(1) effective n; BH-FDR,as specified in source,5989.0,output_TOP100_revision/results/ecology/Ecology_partial_correlations_summary_FINAL_v3.csv,98330bbb71c6cd927a11bcd961d77a7f8e13ce1c32f673ac97dd858de31d989b,,ecology,sensitivity,DIAGNOSTIC,FINAL_DIAGNOSTIC,-0.0363725019234933,
TOP100R000815,ecological partial correlation,ecological partial correlation | <z> | LAI | Model0:BH_positive_area | Global | surface_relative | top100,Model0:BH_positive_area,1.59005009576687,,,%,product-specific ecology period,persistent vegetated land,partial correlation controlling tp+t2m+ssrd; AR(1) effective n; BH-FDR,as specified in source,5989.0,output_TOP100_revision/results/ecology/Ecology_partial_correlations_summary_FINAL_v3.csv,98330bbb71c6cd927a11bcd961d77a7f8e13ce1c32f673ac97dd858de31d989b,,ecology,sensitivity,DIAGNOSTIC,FINAL_DIAGNOSTIC,1.59005009576687,
TOP100R000816,ecological partial correlation,ecological partial correlation | <z> | LAI | Model0:BH_negative_area | Global | surface_relative | top100,Model0:BH_negative_area,6.97764248732231,,,%,product-specific ecology period,persistent vegetated land,partial correlation controlling tp+t2m+ssrd; AR(1) effective n; BH-FDR,as specified in source,5989.0,output_TOP100_revision/results/ecology/Ecology_partial_correlations_summary_FINAL_v3.csv,98330bbb71c6cd927a11bcd961d77a7f8e13ce1c32f673ac97dd858de31d989b,,ecology,sensitivity,DIAGNOSTIC,FINAL_DIAGNOSTIC,6.97764248732231,
TOP100R000817,ecological partial correlation,ecological partial correlation | <z> | LAI | Model0:mean_partial_r | S temperate | surface_relative | top100,Model0:mean_partial_r,-0.149954581162895,,,Partial r,product-specific ecology period,persistent vegetated land,partial correlation controlling tp+t2m+ssrd; AR(1) effective n; BH-FDR,as specified in source,499.0,output_TOP100_revision/results/ecology/Ecology_partial_correlations_summary_FINAL_v3.csv,98330bbb71c6cd927a11bcd961d77a7f8e13ce1c32f673ac97dd858de31d989b,,ecology,sensitivity,DIAGNOSTIC,FINAL_DIAGNOSTIC,-0.149954581162895,
TOP100R000818,ecological partial correlation,ecological partial correlation | <z> | LAI | Model0:BH_positive_area | S temperate | surface_relative | top100,Model0:BH_positive_area,0.0,,,%,product-specific ecology period,persistent vegetated land,partial correlation controlling tp+t2m+ssrd; AR(1) effective n; BH-FDR,as specified in source,499.0,output_TOP100_revision/results/ecology/Ecology_partial_correlations_summary_FINAL_v3.csv,98330bbb71c6cd927a11bcd961d77a7f8e13ce1c32f673ac97dd858de31d989b,,ecology,sensitivity,DIAGNOSTIC,FINAL_DIAGNOSTIC,0,
TOP100R000819,ecological partial correlation,ecological partial correlation | <z> | LAI | Model0:BH_negative_area | S temperate | surface_relative | top100,Model0:BH_negative_area,32.9471029889844,,,%,product-specific ecology period,persistent vegetated land,partial correlation controlling tp+t2m+ssrd; AR(1) effective n; BH-FDR,as specified in source,499.0,output_TOP100_revision/results/ecology/Ecology_partial_correlations_summary_FINAL_v3.csv,98330bbb71c6cd927a11bcd961d77a7f8e13ce1c32f673ac97dd858de31d989b,,ecology,sensitivity,DIAGNOSTIC,FINAL_DIAGNOSTIC,32.9471029889844,
TOP100R000820,ecological partial correlation,ecological partial correlation | <z> | LAI | Model0:mean_partial_r | Tropics | surface_relative | top100,Model0:mean_partial_r,-0.0490021451264126,,,Partial r,product-specific ecology period,persistent vegetated land,partial correlation controlling tp+t2m+ssrd; AR(1) effective n; BH-FDR,as specified in source,1044.0,output_TOP100_revision/results/ecology/Ecology_partial_correlations_summary_FINAL_v3.csv,98330bbb71c6cd927a11bcd961d77a7f8e13ce1c32f673ac97dd858de31d989b,,ecology,sensitivity,DIAGNOSTIC,FINAL_DIAGNOSTIC,-0.0490021451264126,
TOP100R000821,ecological partial correlation,ecological partial correlation | <z> | LAI | Model0:BH_positive_area | Tropics | surface_relative | top100,Model0:BH_positive_area,5.05308249491183,,,%,product-specific ecology period,persistent vegetated land,partial correlation controlling tp+t2m+ssrd; AR(1) effective n; BH-FDR,as specified in source,1044.0,output_TOP100_revision/results/ecology/Ecology_partial_correlations_summary_FINAL_v3.csv,98330bbb71c6cd927a11bcd961d77a7f8e13ce1c32f673ac97dd858de31d989b,,ecology,sensitivity,DIAGNOSTIC,FINAL_DIAGNOSTIC,5.05308249491183,
TOP100R000822,ecological partial correlation,ecological partial correlation | <z> | LAI | Model0:BH_negative_area | Tropics | surface_relative | top100,Model0:BH_negative_area,8.89323860925184,,,%,product-specific ecology period,persistent vegetated land,partial correlation controlling tp+t2m+ssrd; AR(1) effective n; BH-FDR,as specified in source,1044.0,output_TOP100_revision/results/ecology/Ecology_partial_correlations_summary_FINAL_v3.csv,98330bbb71c6cd927a11bcd961d77a7f8e13ce1c32f673ac97dd858de31d989b,,ecology,sensitivity,DIAGNOSTIC,FINAL_DIAGNOSTIC,8.89323860925184,
TOP100R000823,ecological partial correlation,ecological partial correlation | <z> | LAI | Model0:mean_partial_r | N temperate | surface_relative | top100,Model0:mean_partial_r,-0.0161230938047263,,,Partial r,product-specific ecology period,persistent vegetated land,partial correlation controlling tp+t2m+ssrd; AR(1) effective n; BH-FDR,as specified in source,3915.0,output_TOP100_revision/results/ecology/Ecology_partial_correlations_summary_FINAL_v3.csv,98330bbb71c6cd927a11bcd961d77a7f8e13ce1c32f673ac97dd858de31d989b,,ecology,sensitivity,DIAGNOSTIC,FINAL_DIAGNOSTIC,-0.0161230938047263,
TOP100R000824,ecological partial correlation,ecological partial correlation | <z> | LAI | Model0:BH_positive_area | N temperate | surface_relative | top100,Model0:BH_positive_area,0.52238507815395,,,%,product-specific ecology period,persistent vegetated land,partial correlation controlling tp+t2m+ssrd; AR(1) effective n; BH-FDR,as specified in source,3915.0,output_TOP100_revision/results/ecology/Ecology_partial_correlations_summary_FINAL_v3.csv,98330bbb71c6cd927a11bcd961d77a7f8e13ce1c32f673ac97dd858de31d989b,,ecology,sensitivity,DIAGNOSTIC,FINAL_DIAGNOSTIC,0.52238507815395,
TOP100R000825,ecological partial correlation,ecological partial correlation | <z> | LAI | Model0:BH_negative_area | N temperate | surface_relative | top100,Model0:BH_negative_area,2.01336951586909,,,%,product-specific ecology period,persistent vegetated land,partial correlation controlling tp+t2m+ssrd; AR(1) effective n; BH-FDR,as specified in source,3915.0,output_TOP100_revision/results/ecology/Ecology_partial_correlations_summary_FINAL_v3.csv,98330bbb71c6cd927a11bcd961d77a7f8e13ce1c32f673ac97dd858de31d989b,,ecology,sensitivity,DIAGNOSTIC,FINAL_DIAGNOSTIC,2.01336951586909,
TOP100R000826,ecological partial correlation,ecological partial correlation | <z> | LAI | Model0:mean_partial_r | N high latitude | surface_relative | top100,Model0:mean_partial_r,0.0356440201288992,,,Partial r,product-specific ecology period,persistent vegetated land,partial correlation controlling tp+t2m+ssrd; AR(1) effective n; BH-FDR,as specified in source,531.0,output_TOP100_revision/results/ecology/Ecology_partial_correlations_summary_FINAL_v3.csv,98330bbb71c6cd927a11bcd961d77a7f8e13ce1c32f673ac97dd858de31d989b,,ecology,sensitivity,DIAGNOSTIC,FINAL_DIAGNOSTIC,0.0356440201288992,
TOP100R000827,ecological partial correlation,ecological partial correlation | <z> | LAI | Model0:BH_positive_area | N high latitude | surface_relative | top100,Model0:BH_positive_area,0.196499712083,,,%,product-specific ecology period,persistent vegetated land,partial correlation controlling tp+t2m+ssrd; AR(1) effective n; BH-FDR,as specified in source,531.0,output_TOP100_revision/results/ecology/Ecology_partial_correlations_summary_FINAL_v3.csv,98330bbb71c6cd927a11bcd961d77a7f8e13ce1c32f673ac97dd858de31d989b,,ecology,sensitivity,DIAGNOSTIC,FINAL_DIAGNOSTIC,0.196499712083,
TOP100R000828,ecological partial correlation,ecological partial correlation | <z> | LAI | Model0:BH_negative_area | N high latitude | surface_relative | top100,Model0:BH_negative_area,0.0,,,%,product-specific ecology period,persistent vegetated land,partial correlation controlling tp+t2m+ssrd; AR(1) effective n; BH-FDR,as specified in source,531.0,output_TOP100_revision/results/ecology/Ecology_partial_correlations_summary_FINAL_v3.csv,98330bbb71c6cd927a11bcd961d77a7f8e13ce1c32f673ac97dd858de31d989b,,ecology,sensitivity,DIAGNOSTIC,FINAL_DIAGNOSTIC,0,
TOP100R000829,ecological partial correlation,ecological partial correlation | W-GPE | GPP | Model1:mean_partial_r | Global | surface_relative | top100,Model1:mean_partial_r,0.162534715586117,,,Partial r,product-specific ecology period,persistent vegetated land,partial correlation controlling tp+t2m+ssrd+rzsm; AR(1) effective n; BH-FDR,as specified in source,17877.0,output_TOP100_revision/results/ecology/Ecology_partial_correlations_summary_FINAL_v3.csv,98330bbb71c6cd927a11bcd961d77a7f8e13ce1c32f673ac97dd858de31d989b,,ecology,sensitivity,DIAGNOSTIC,FINAL_DIAGNOSTIC,0.162534715586117,
TOP100R000830,ecological partial correlation,ecological partial correlation | W-GPE | GPP | Model1:BH_positive_area | Global | surface_relative | top100,Model1:BH_positive_area,47.2691152065578,,,%,product-specific ecology period,persistent vegetated land,partial correlation controlling tp+t2m+ssrd+rzsm; AR(1) effective n; BH-FDR,as specified in source,17877.0,output_TOP100_revision/results/ecology/Ecology_partial_correlations_summary_FINAL_v3.csv,98330bbb71c6cd927a11bcd961d77a7f8e13ce1c32f673ac97dd858de31d989b,,ecology,sensitivity,DIAGNOSTIC,FINAL_DIAGNOSTIC,47.2691152065578,
TOP100R000831,ecological partial correlation,ecological partial correlation | W-GPE | GPP | Model1:BH_negative_area | Global | surface_relative | top100,Model1:BH_negative_area,2.56224855395075,,,%,product-specific ecology period,persistent vegetated land,partial correlation controlling tp+t2m+ssrd+rzsm; AR(1) effective n; BH-FDR,as specified in source,17877.0,output_TOP100_revision/results/ecology/Ecology_partial_correlations_summary_FINAL_v3.csv,98330bbb71c6cd927a11bcd961d77a7f8e13ce1c32f673ac97dd858de31d989b,,ecology,sensitivity,DIAGNOSTIC,FINAL_DIAGNOSTIC,2.56224855395075,
TOP100R000832,ecological partial correlation,ecological partial correlation | W-GPE | GPP | Model1:mean_partial_r | S high latitude | surface_relative | top100,Model1:mean_partial_r,-0.0351957365533232,,,Partial r,product-specific ecology period,persistent vegetated land,partial correlation controlling tp+t2m+ssrd+rzsm; AR(1) effective n; BH-FDR,as specified in source,22.0,output_TOP100_revision/results/ecology/Ecology_partial_correlations_summary_FINAL_v3.csv,98330bbb71c6cd927a11bcd961d77a7f8e13ce1c32f673ac97dd858de31d989b,,ecology,sensitivity,DIAGNOSTIC,FINAL_DIAGNOSTIC,-0.0351957365533232,
TOP100R000833,ecological partial correlation,ecological partial correlation | W-GPE | GPP | Model1:BH_positive_area | S high latitude | surface_relative | top100,Model1:BH_positive_area,0.0,,,%,product-specific ecology period,persistent vegetated land,partial correlation controlling tp+t2m+ssrd+rzsm; AR(1) effective n; BH-FDR,as specified in source,22.0,output_TOP100_revision/results/ecology/Ecology_partial_correlations_summary_FINAL_v3.csv,98330bbb71c6cd927a11bcd961d77a7f8e13ce1c32f673ac97dd858de31d989b,,ecology,sensitivity,DIAGNOSTIC,FINAL_DIAGNOSTIC,0,
TOP100R000834,ecological partial correlation,ecological partial correlation | W-GPE | GPP | Model1:BH_negative_area | S high latitude | surface_relative | top100,Model1:BH_negative_area,3.12287198471536,,,%,product-specific ecology period,persistent vegetated land,partial correlation controlling tp+t2m+ssrd+rzsm; AR(1) effective n; BH-FDR,as specified in source,22.0,output_TOP100_revision/results/ecology/Ecology_partial_correlations_summary_FINAL_v3.csv,98330bbb71c6cd927a11bcd961d77a7f8e13ce1c32f673ac97dd858de31d989b,,ecology,sensitivity,DIAGNOSTIC,FINAL_DIAGNOSTIC,3.12287198471536,
TOP100R000835,ecological partial correlation,ecological partial correlation | W-GPE | GPP | Model1:mean_partial_r | S temperate | surface_relative | top100,Model1:mean_partial_r,0.149818190791903,,,Partial r,product-specific ecology period,persistent vegetated land,partial correlation controlling tp+t2m+ssrd+rzsm; AR(1) effective n; BH-FDR,as specified in source,1250.0,output_TOP100_revision/results/ecology/Ecology_partial_correlations_summary_FINAL_v3.csv,98330bbb71c6cd927a11bcd961d77a7f8e13ce1c32f673ac97dd858de31d989b,,ecology,sensitivity,DIAGNOSTIC,FINAL_DIAGNOSTIC,0.149818190791903,
TOP100R000836,ecological partial correlation,ecological partial correlation | W-GPE | GPP | Model1:BH_positive_area | S temperate | surface_relative | top100,Model1:BH_positive_area,39.9531046862775,,,%,product-specific ecology period,persistent vegetated land,partial correlation controlling tp+t2m+ssrd+rzsm; AR(1) effective n; BH-FDR,as specified in source,1250.0,output_TOP100_revision/results/ecology/Ecology_partial_correlations_summary_FINAL_v3.csv,98330bbb71c6cd927a11bcd961d77a7f8e13ce1c32f673ac97dd858de31d989b,,ecology,sensitivity,DIAGNOSTIC,FINAL_DIAGNOSTIC,39.9531046862775,
TOP100R000837,ecological partial correlation,ecological partial correlation | W-GPE | GPP | Model1:BH_negative_area | S temperate | surface_relative | top100,Model1:BH_negative_area,2.1685925668486,,,%,product-specific ecology period,persistent vegetated land,partial correlation controlling tp+t2m+ssrd+rzsm; AR(1) effective n; BH-FDR,as specified in source,1250.0,output_TOP100_revision/results/ecology/Ecology_partial_correlations_summary_FINAL_v3.csv,98330bbb71c6cd927a11bcd961d77a7f8e13ce1c32f673ac97dd858de31d989b,,ecology,sensitivity,DIAGNOSTIC,FINAL_DIAGNOSTIC,2.1685925668486,
TOP100R000838,ecological partial correlation,ecological partial correlation | W-GPE | GPP | Model1:mean_partial_r | Tropics | surface_relative | top100,Model1:mean_partial_r,0.207204694389106,,,Partial r,product-specific ecology period,persistent vegetated land,partial correlation controlling tp+t2m+ssrd+rzsm; AR(1) effective n; BH-FDR,as specified in source,5202.0,output_TOP100_revision/results/ecology/Ecology_partial_correlations_summary_FINAL_v3.csv,98330bbb71c6cd927a11bcd961d77a7f8e13ce1c32f673ac97dd858de31d989b,,ecology,sensitivity,DIAGNOSTIC,FINAL_DIAGNOSTIC,0.207204694389106,
TOP100R000839,ecological partial correlation,ecological partial correlation | W-GPE | GPP | Model1:BH_positive_area | Tropics | surface_relative | top100,Model1:BH_positive_area,57.5876434286375,,,%,product-specific ecology period,persistent vegetated land,partial correlation controlling tp+t2m+ssrd+rzsm; AR(1) effective n; BH-FDR,as specified in source,5202.0,output_TOP100_revision/results/ecology/Ecology_partial_correlations_summary_FINAL_v3.csv,98330bbb71c6cd927a11bcd961d77a7f8e13ce1c32f673ac97dd858de31d989b,,ecology,sensitivity,DIAGNOSTIC,FINAL_DIAGNOSTIC,57.5876434286375,
TOP100R000840,ecological partial correlation,ecological partial correlation | W-GPE | GPP | Model1:BH_negative_area | Tropics | surface_relative | top100,Model1:BH_negative_area,2.31669220080576,,,%,product-specific ecology period,persistent vegetated land,partial correlation controlling tp+t2m+ssrd+rzsm; AR(1) effective n; BH-FDR,as specified in source,5202.0,output_TOP100_revision/results/ecology/Ecology_partial_correlations_summary_FINAL_v3.csv,98330bbb71c6cd927a11bcd961d77a7f8e13ce1c32f673ac97dd858de31d989b,,ecology,sensitivity,DIAGNOSTIC,FINAL_DIAGNOSTIC,2.31669220080576,
TOP100R000841,ecological partial correlation,ecological partial correlation | W-GPE | GPP | Model1:mean_partial_r | N temperate | surface_relative | top100,Model1:mean_partial_r,0.131880850316696,,,Partial r,product-specific ecology period,persistent vegetated land,partial correlation controlling tp+t2m+ssrd+rzsm; AR(1) effective n; BH-FDR,as specified in source,9075.0,output_TOP100_revision/results/ecology/Ecology_partial_correlations_summary_FINAL_v3.csv,98330bbb71c6cd927a11bcd961d77a7f8e13ce1c32f673ac97dd858de31d989b,,ecology,sensitivity,DIAGNOSTIC,FINAL_DIAGNOSTIC,0.131880850316696,
TOP100R000842,ecological partial correlation,ecological partial correlation | W-GPE | GPP | Model1:BH_positive_area | N temperate | surface_relative | top100,Model1:BH_positive_area,40.2333636717396,,,%,product-specific ecology period,persistent vegetated land,partial correlation controlling tp+t2m+ssrd+rzsm; AR(1) effective n; BH-FDR,as specified in source,9075.0,output_TOP100_revision/results/ecology/Ecology_partial_correlations_summary_FINAL_v3.csv,98330bbb71c6cd927a11bcd961d77a7f8e13ce1c32f673ac97dd858de31d989b,,ecology,sensitivity,DIAGNOSTIC,FINAL_DIAGNOSTIC,40.2333636717396,
TOP100R000843,ecological partial correlation,ecological partial correlation | W-GPE | GPP | Model1:BH_negative_area | N temperate | surface_relative | top100,Model1:BH_negative_area,2.57894115162056,,,%,product-specific ecology period,persistent vegetated land,partial correlation controlling tp+t2m+ssrd+rzsm; AR(1) effective n; BH-FDR,as specified in source,9075.0,output_TOP100_revision/results/ecology/Ecology_partial_correlations_summary_FINAL_v3.csv,98330bbb71c6cd927a11bcd961d77a7f8e13ce1c32f673ac97dd858de31d989b,,ecology,sensitivity,DIAGNOSTIC,FINAL_DIAGNOSTIC,2.57894115162056,
TOP100R000844,ecological partial correlation,ecological partial correlation | W-GPE | GPP | Model1:mean_partial_r | N high latitude | surface_relative | top100,Model1:mean_partial_r,0.119228367648164,,,Partial r,product-specific ecology period,persistent vegetated land,partial correlation controlling tp+t2m+ssrd+rzsm; AR(1) effective n; BH-FDR,as specified in source,2328.0,output_TOP100_revision/results/ecology/Ecology_partial_correlations_summary_FINAL_v3.csv,98330bbb71c6cd927a11bcd961d77a7f8e13ce1c32f673ac97dd858de31d989b,,ecology,sensitivity,DIAGNOSTIC,FINAL_DIAGNOSTIC,0.119228367648164,
TOP100R000845,ecological partial correlation,ecological partial correlation | W-GPE | GPP | Model1:BH_positive_area | N high latitude | surface_relative | top100,Model1:BH_positive_area,43.5444272151719,,,%,product-specific ecology period,persistent vegetated land,partial correlation controlling tp+t2m+ssrd+rzsm; AR(1) effective n; BH-FDR,as specified in source,2328.0,output_TOP100_revision/results/ecology/Ecology_partial_correlations_summary_FINAL_v3.csv,98330bbb71c6cd927a11bcd961d77a7f8e13ce1c32f673ac97dd858de31d989b,,ecology,sensitivity,DIAGNOSTIC,FINAL_DIAGNOSTIC,43.5444272151719,
TOP100R000846,ecological partial correlation,ecological partial correlation | W-GPE | GPP | Model1:BH_negative_area | N high latitude | surface_relative | top100,Model1:BH_negative_area,4.83897834054546,,,%,product-specific ecology period,persistent vegetated land,partial correlation controlling tp+t2m+ssrd+rzsm; AR(1) effective n; BH-FDR,as specified in source,2328.0,output_TOP100_revision/results/ecology/Ecology_partial_correlations_summary_FINAL_v3.csv,98330bbb71c6cd927a11bcd961d77a7f8e13ce1c32f673ac97dd858de31d989b,,ecology,sensitivity,DIAGNOSTIC,FINAL_DIAGNOSTIC,4.83897834054546,
TOP100R000847,ecological partial correlation,ecological partial correlation | <z> | GPP | Model1:mean_partial_r | Global | surface_relative | top100,Model1:mean_partial_r,-0.0088704793703667,,,Partial r,product-specific ecology period,persistent vegetated land,partial correlation controlling tp+t2m+ssrd+rzsm; AR(1) effective n; BH-FDR,as specified in source,17877.0,output_TOP100_revision/results/ecology/Ecology_partial_correlations_summary_FINAL_v3.csv,98330bbb71c6cd927a11bcd961d77a7f8e13ce1c32f673ac97dd858de31d989b,,ecology,sensitivity,DIAGNOSTIC,FINAL_DIAGNOSTIC,-0.0088704793703667,
TOP100R000848,ecological partial correlation,ecological partial correlation | <z> | GPP | Model1:BH_positive_area | Global | surface_relative | top100,Model1:BH_positive_area,9.05188847920872,,,%,product-specific ecology period,persistent vegetated land,partial correlation controlling tp+t2m+ssrd+rzsm; AR(1) effective n; BH-FDR,as specified in source,17877.0,output_TOP100_revision/results/ecology/Ecology_partial_correlations_summary_FINAL_v3.csv,98330bbb71c6cd927a11bcd961d77a7f8e13ce1c32f673ac97dd858de31d989b,,ecology,sensitivity,DIAGNOSTIC,FINAL_DIAGNOSTIC,9.05188847920872,
TOP100R000849,ecological partial correlation,ecological partial correlation | <z> | GPP | Model1:BH_negative_area | Global | surface_relative | top100,Model1:BH_negative_area,11.1476934947665,,,%,product-specific ecology period,persistent vegetated land,partial correlation controlling tp+t2m+ssrd+rzsm; AR(1) effective n; BH-FDR,as specified in source,17877.0,output_TOP100_revision/results/ecology/Ecology_partial_correlations_summary_FINAL_v3.csv,98330bbb71c6cd927a11bcd961d77a7f8e13ce1c32f673ac97dd858de31d989b,,ecology,sensitivity,DIAGNOSTIC,FINAL_DIAGNOSTIC,11.1476934947665,
TOP100R000850,ecological partial correlation,ecological partial correlation | <z> | GPP | Model1:mean_partial_r | S high latitude | surface_relative | top100,Model1:mean_partial_r,0.0141737119620039,,,Partial r,product-specific ecology period,persistent vegetated land,partial correlation controlling tp+t2m+ssrd+rzsm; AR(1) effective n; BH-FDR,as specified in source,22.0,output_TOP100_revision/results/ecology/Ecology_partial_correlations_summary_FINAL_v3.csv,98330bbb71c6cd927a11bcd961d77a7f8e13ce1c32f673ac97dd858de31d989b,,ecology,sensitivity,DIAGNOSTIC,FINAL_DIAGNOSTIC,0.0141737119620039,
TOP100R000851,ecological partial correlation,ecological partial correlation | <z> | GPP | Model1:BH_positive_area | S high latitude | surface_relative | top100,Model1:BH_positive_area,0.0,,,%,product-specific ecology period,persistent vegetated land,partial correlation controlling tp+t2m+ssrd+rzsm; AR(1) effective n; BH-FDR,as specified in source,22.0,output_TOP100_revision/results/ecology/Ecology_partial_correlations_summary_FINAL_v3.csv,98330bbb71c6cd927a11bcd961d77a7f8e13ce1c32f673ac97dd858de31d989b,,ecology,sensitivity,DIAGNOSTIC,FINAL_DIAGNOSTIC,0,
TOP100R000852,ecological partial correlation,ecological partial correlation | <z> | GPP | Model1:BH_negative_area | S high latitude | surface_relative | top100,Model1:BH_negative_area,0.0,,,%,product-specific ecology period,persistent vegetated land,partial correlation controlling tp+t2m+ssrd+rzsm; AR(1) effective n; BH-FDR,as specified in source,22.0,output_TOP100_revision/results/ecology/Ecology_partial_correlations_summary_FINAL_v3.csv,98330bbb71c6cd927a11bcd961d77a7f8e13ce1c32f673ac97dd858de31d989b,,ecology,sensitivity,DIAGNOSTIC,FINAL_DIAGNOSTIC,0,
TOP100R000853,ecological partial correlation,ecological partial correlation | <z> | GPP | Model1:mean_partial_r | S temperate | surface_relative | top100,Model1:mean_partial_r,-0.0800875408392357,,,Partial r,product-specific ecology period,persistent vegetated land,partial correlation controlling tp+t2m+ssrd+rzsm; AR(1) effective n; BH-FDR,as specified in source,1250.0,output_TOP100_revision/results/ecology/Ecology_partial_correlations_summary_FINAL_v3.csv,98330bbb71c6cd927a11bcd961d77a7f8e13ce1c32f673ac97dd858de31d989b,,ecology,sensitivity,DIAGNOSTIC,FINAL_DIAGNOSTIC,-0.0800875408392357,
TOP100R000854,ecological partial correlation,ecological partial correlation | <z> | GPP | Model1:BH_positive_area | S temperate | surface_relative | top100,Model1:BH_positive_area,0.780572939235165,,,%,product-specific ecology period,persistent vegetated land,partial correlation controlling tp+t2m+ssrd+rzsm; AR(1) effective n; BH-FDR,as specified in source,1250.0,output_TOP100_revision/results/ecology/Ecology_partial_correlations_summary_FINAL_v3.csv,98330bbb71c6cd927a11bcd961d77a7f8e13ce1c32f673ac97dd858de31d989b,,ecology,sensitivity,DIAGNOSTIC,FINAL_DIAGNOSTIC,0.780572939235165,
TOP100R000855,ecological partial correlation,ecological partial correlation | <z> | GPP | Model1:BH_negative_area | S temperate | surface_relative | top100,Model1:BH_negative_area,27.1099128987034,,,%,product-specific ecology period,persistent vegetated land,partial correlation controlling tp+t2m+ssrd+rzsm; AR(1) effective n; BH-FDR,as specified in source,1250.0,output_TOP100_revision/results/ecology/Ecology_partial_correlations_summary_FINAL_v3.csv,98330bbb71c6cd927a11bcd961d77a7f8e13ce1c32f673ac97dd858de31d989b,,ecology,sensitivity,DIAGNOSTIC,FINAL_DIAGNOSTIC,27.1099128987034,
TOP100R000856,ecological partial correlation,ecological partial correlation | <z> | GPP | Model1:mean_partial_r | Tropics | surface_relative | top100,Model1:mean_partial_r,0.0456844956707426,,,Partial r,product-specific ecology period,persistent vegetated land,partial correlation controlling tp+t2m+ssrd+rzsm; AR(1) effective n; BH-FDR,as specified in source,5202.0,output_TOP100_revision/results/ecology/Ecology_partial_correlations_summary_FINAL_v3.csv,98330bbb71c6cd927a11bcd961d77a7f8e13ce1c32f673ac97dd858de31d989b,,ecology,sensitivity,DIAGNOSTIC,FINAL_DIAGNOSTIC,0.0456844956707426,
TOP100R000857,ecological partial correlation,ecological partial correlation | <z> | GPP | Model1:BH_positive_area | Tropics | surface_relative | top100,Model1:BH_positive_area,20.1561623028485,,,%,product-specific ecology period,persistent vegetated land,partial correlation controlling tp+t2m+ssrd+rzsm; AR(1) effective n; BH-FDR,as specified in source,5202.0,output_TOP100_revision/results/ecology/Ecology_partial_correlations_summary_FINAL_v3.csv,98330bbb71c6cd927a11bcd961d77a7f8e13ce1c32f673ac97dd858de31d989b,,ecology,sensitivity,DIAGNOSTIC,FINAL_DIAGNOSTIC,20.1561623028485,
TOP100R000858,ecological partial correlation,ecological partial correlation | <z> | GPP | Model1:BH_negative_area | Tropics | surface_relative | top100,Model1:BH_negative_area,4.7604506828376,,,%,product-specific ecology period,persistent vegetated land,partial correlation controlling tp+t2m+ssrd+rzsm; AR(1) effective n; BH-FDR,as specified in source,5202.0,output_TOP100_revision/results/ecology/Ecology_partial_correlations_summary_FINAL_v3.csv,98330bbb71c6cd927a11bcd961d77a7f8e13ce1c32f673ac97dd858de31d989b,,ecology,sensitivity,DIAGNOSTIC,FINAL_DIAGNOSTIC,4.7604506828376,
TOP100R000859,ecological partial correlation,ecological partial correlation | <z> | GPP | Model1:mean_partial_r | N temperate | surface_relative | top100,Model1:mean_partial_r,-0.0437743132194285,,,Partial r,product-specific ecology period,persistent vegetated land,partial correlation controlling tp+t2m+ssrd+rzsm; AR(1) effective n; BH-FDR,as specified in source,9075.0,output_TOP100_revision/results/ecology/Ecology_partial_correlations_summary_FINAL_v3.csv,98330bbb71c6cd927a11bcd961d77a7f8e13ce1c32f673ac97dd858de31d989b,,ecology,sensitivity,DIAGNOSTIC,FINAL_DIAGNOSTIC,-0.0437743132194285,
TOP100R000860,ecological partial correlation,ecological partial correlation | <z> | GPP | Model1:BH_positive_area | N temperate | surface_relative | top100,Model1:BH_positive_area,2.09033662767519,,,%,product-specific ecology period,persistent vegetated land,partial correlation controlling tp+t2m+ssrd+rzsm; AR(1) effective n; BH-FDR,as specified in source,9075.0,output_TOP100_revision/results/ecology/Ecology_partial_correlations_summary_FINAL_v3.csv,98330bbb71c6cd927a11bcd961d77a7f8e13ce1c32f673ac97dd858de31d989b,,ecology,sensitivity,DIAGNOSTIC,FINAL_DIAGNOSTIC,2.09033662767519,
TOP100R000861,ecological partial correlation,ecological partial correlation | <z> | GPP | Model1:BH_negative_area | N temperate | surface_relative | top100,Model1:BH_negative_area,15.0252000368347,,,%,product-specific ecology period,persistent vegetated land,partial correlation controlling tp+t2m+ssrd+rzsm; AR(1) effective n; BH-FDR,as specified in source,9075.0,output_TOP100_revision/results/ecology/Ecology_partial_correlations_summary_FINAL_v3.csv,98330bbb71c6cd927a11bcd961d77a7f8e13ce1c32f673ac97dd858de31d989b,,ecology,sensitivity,DIAGNOSTIC,FINAL_DIAGNOSTIC,15.0252000368347,
TOP100R000862,ecological partial correlation,ecological partial correlation | <z> | GPP | Model1:mean_partial_r | N high latitude | surface_relative | top100,Model1:mean_partial_r,-0.0003667386460439,,,Partial r,product-specific ecology period,persistent vegetated land,partial correlation controlling tp+t2m+ssrd+rzsm; AR(1) effective n; BH-FDR,as specified in source,2328.0,output_TOP100_revision/results/ecology/Ecology_partial_correlations_summary_FINAL_v3.csv,98330bbb71c6cd927a11bcd961d77a7f8e13ce1c32f673ac97dd858de31d989b,,ecology,sensitivity,DIAGNOSTIC,FINAL_DIAGNOSTIC,-0.0003667386460439,
TOP100R000863,ecological partial correlation,ecological partial correlation | <z> | GPP | Model1:BH_positive_area | N high latitude | surface_relative | top100,Model1:BH_positive_area,0.115165045988658,,,%,product-specific ecology period,persistent vegetated land,partial correlation controlling tp+t2m+ssrd+rzsm; AR(1) effective n; BH-FDR,as specified in source,2328.0,output_TOP100_revision/results/ecology/Ecology_partial_correlations_summary_FINAL_v3.csv,98330bbb71c6cd927a11bcd961d77a7f8e13ce1c32f673ac97dd858de31d989b,,ecology,sensitivity,DIAGNOSTIC,FINAL_DIAGNOSTIC,0.115165045988658,
TOP100R000864,ecological partial correlation,ecological partial correlation | <z> | GPP | Model1:BH_negative_area | N high latitude | surface_relative | top100,Model1:BH_negative_area,0.412747377483771,,,%,product-specific ecology period,persistent vegetated land,partial correlation controlling tp+t2m+ssrd+rzsm; AR(1) effective n; BH-FDR,as specified in source,2328.0,output_TOP100_revision/results/ecology/Ecology_partial_correlations_summary_FINAL_v3.csv,98330bbb71c6cd927a11bcd961d77a7f8e13ce1c32f673ac97dd858de31d989b,,ecology,sensitivity,DIAGNOSTIC,FINAL_DIAGNOSTIC,0.412747377483771,
TOP100R000865,ecological partial correlation,ecological partial correlation | W-GPE | LAI | Model1:mean_partial_r | Global | surface_relative | top100,Model1:mean_partial_r,0.101436898928657,,,Partial r,product-specific ecology period,persistent vegetated land,partial correlation controlling tp+t2m+ssrd+rzsm; AR(1) effective n; BH-FDR,as specified in source,5989.0,output_TOP100_revision/results/ecology/Ecology_partial_correlations_summary_FINAL_v3.csv,98330bbb71c6cd927a11bcd961d77a7f8e13ce1c32f673ac97dd858de31d989b,,ecology,sensitivity,DIAGNOSTIC,FINAL_DIAGNOSTIC,0.101436898928657,
TOP100R000866,ecological partial correlation,ecological partial correlation | W-GPE | LAI | Model1:BH_positive_area | Global | surface_relative | top100,Model1:BH_positive_area,22.0023008810605,,,%,product-specific ecology period,persistent vegetated land,partial correlation controlling tp+t2m+ssrd+rzsm; AR(1) effective n; BH-FDR,as specified in source,5989.0,output_TOP100_revision/results/ecology/Ecology_partial_correlations_summary_FINAL_v3.csv,98330bbb71c6cd927a11bcd961d77a7f8e13ce1c32f673ac97dd858de31d989b,,ecology,sensitivity,DIAGNOSTIC,FINAL_DIAGNOSTIC,22.0023008810605,
TOP100R000867,ecological partial correlation,ecological partial correlation | W-GPE | LAI | Model1:BH_negative_area | Global | surface_relative | top100,Model1:BH_negative_area,0.622656184336284,,,%,product-specific ecology period,persistent vegetated land,partial correlation controlling tp+t2m+ssrd+rzsm; AR(1) effective n; BH-FDR,as specified in source,5989.0,output_TOP100_revision/results/ecology/Ecology_partial_correlations_summary_FINAL_v3.csv,98330bbb71c6cd927a11bcd961d77a7f8e13ce1c32f673ac97dd858de31d989b,,ecology,sensitivity,DIAGNOSTIC,FINAL_DIAGNOSTIC,0.622656184336284,
TOP100R000868,ecological partial correlation,ecological partial correlation | W-GPE | LAI | Model1:mean_partial_r | S temperate | surface_relative | top100,Model1:mean_partial_r,0.11874544508158,,,Partial r,product-specific ecology period,persistent vegetated land,partial correlation controlling tp+t2m+ssrd+rzsm; AR(1) effective n; BH-FDR,as specified in source,499.0,output_TOP100_revision/results/ecology/Ecology_partial_correlations_summary_FINAL_v3.csv,98330bbb71c6cd927a11bcd961d77a7f8e13ce1c32f673ac97dd858de31d989b,,ecology,sensitivity,DIAGNOSTIC,FINAL_DIAGNOSTIC,0.11874544508158,
TOP100R000869,ecological partial correlation,ecological partial correlation | W-GPE | LAI | Model1:BH_positive_area | S temperate | surface_relative | top100,Model1:BH_positive_area,33.9442767826265,,,%,product-specific ecology period,persistent vegetated land,partial correlation controlling tp+t2m+ssrd+rzsm; AR(1) effective n; BH-FDR,as specified in source,499.0,output_TOP100_revision/results/ecology/Ecology_partial_correlations_summary_FINAL_v3.csv,98330bbb71c6cd927a11bcd961d77a7f8e13ce1c32f673ac97dd858de31d989b,,ecology,sensitivity,DIAGNOSTIC,FINAL_DIAGNOSTIC,33.9442767826265,
TOP100R000870,ecological partial correlation,ecological partial correlation | W-GPE | LAI | Model1:BH_negative_area | S temperate | surface_relative | top100,Model1:BH_negative_area,0.0,,,%,product-specific ecology period,persistent vegetated land,partial correlation controlling tp+t2m+ssrd+rzsm; AR(1) effective n; BH-FDR,as specified in source,499.0,output_TOP100_revision/results/ecology/Ecology_partial_correlations_summary_FINAL_v3.csv,98330bbb71c6cd927a11bcd961d77a7f8e13ce1c32f673ac97dd858de31d989b,,ecology,sensitivity,DIAGNOSTIC,FINAL_DIAGNOSTIC,0,
TOP100R000871,ecological partial correlation,ecological partial correlation | W-GPE | LAI | Model1:mean_partial_r | Tropics | surface_relative | top100,Model1:mean_partial_r,0.141924150242453,,,Partial r,product-specific ecology period,persistent vegetated land,partial correlation controlling tp+t2m+ssrd+rzsm; AR(1) effective n; BH-FDR,as specified in source,1044.0,output_TOP100_revision/results/ecology/Ecology_partial_correlations_summary_FINAL_v3.csv,98330bbb71c6cd927a11bcd961d77a7f8e13ce1c32f673ac97dd858de31d989b,,ecology,sensitivity,DIAGNOSTIC,FINAL_DIAGNOSTIC,0.141924150242453,
TOP100R000872,ecological partial correlation,ecological partial correlation | W-GPE | LAI | Model1:BH_positive_area | Tropics | surface_relative | top100,Model1:BH_positive_area,26.5765311190505,,,%,product-specific ecology period,persistent vegetated land,partial correlation controlling tp+t2m+ssrd+rzsm; AR(1) effective n; BH-FDR,as specified in source,1044.0,output_TOP100_revision/results/ecology/Ecology_partial_correlations_summary_FINAL_v3.csv,98330bbb71c6cd927a11bcd961d77a7f8e13ce1c32f673ac97dd858de31d989b,,ecology,sensitivity,DIAGNOSTIC,FINAL_DIAGNOSTIC,26.5765311190505,
TOP100R000873,ecological partial correlation,ecological partial correlation | W-GPE | LAI | Model1:BH_negative_area | Tropics | surface_relative | top100,Model1:BH_negative_area,0.750247730289053,,,%,product-specific ecology period,persistent vegetated land,partial correlation controlling tp+t2m+ssrd+rzsm; AR(1) effective n; BH-FDR,as specified in source,1044.0,output_TOP100_revision/results/ecology/Ecology_partial_correlations_summary_FINAL_v3.csv,98330bbb71c6cd927a11bcd961d77a7f8e13ce1c32f673ac97dd858de31d989b,,ecology,sensitivity,DIAGNOSTIC,FINAL_DIAGNOSTIC,0.750247730289053,
TOP100R000874,ecological partial correlation,ecological partial correlation | W-GPE | LAI | Model1:mean_partial_r | N temperate | surface_relative | top100,Model1:mean_partial_r,0.0769599206875143,,,Partial r,product-specific ecology period,persistent vegetated land,partial correlation controlling tp+t2m+ssrd+rzsm; AR(1) effective n; BH-FDR,as specified in source,3915.0,output_TOP100_revision/results/ecology/Ecology_partial_correlations_summary_FINAL_v3.csv,98330bbb71c6cd927a11bcd961d77a7f8e13ce1c32f673ac97dd858de31d989b,,ecology,sensitivity,DIAGNOSTIC,FINAL_DIAGNOSTIC,0.0769599206875143,
TOP100R000875,ecological partial correlation,ecological partial correlation | W-GPE | LAI | Model1:BH_positive_area | N temperate | surface_relative | top100,Model1:BH_positive_area,15.7968462466768,,,%,product-specific ecology period,persistent vegetated land,partial correlation controlling tp+t2m+ssrd+rzsm; AR(1) effective n; BH-FDR,as specified in source,3915.0,output_TOP100_revision/results/ecology/Ecology_partial_correlations_summary_FINAL_v3.csv,98330bbb71c6cd927a11bcd961d77a7f8e13ce1c32f673ac97dd858de31d989b,,ecology,sensitivity,DIAGNOSTIC,FINAL_DIAGNOSTIC,15.7968462466768,
TOP100R000876,ecological partial correlation,ecological partial correlation | W-GPE | LAI | Model1:BH_negative_area | N temperate | surface_relative | top100,Model1:BH_negative_area,0.61787396317217,,,%,product-specific ecology period,persistent vegetated land,partial correlation controlling tp+t2m+ssrd+rzsm; AR(1) effective n; BH-FDR,as specified in source,3915.0,output_TOP100_revision/results/ecology/Ecology_partial_correlations_summary_FINAL_v3.csv,98330bbb71c6cd927a11bcd961d77a7f8e13ce1c32f673ac97dd858de31d989b,,ecology,sensitivity,DIAGNOSTIC,FINAL_DIAGNOSTIC,0.61787396317217,
TOP100R000877,ecological partial correlation,ecological partial correlation | W-GPE | LAI | Model1:mean_partial_r | N high latitude | surface_relative | top100,Model1:mean_partial_r,0.155059565884139,,,Partial r,product-specific ecology period,persistent vegetated land,partial correlation controlling tp+t2m+ssrd+rzsm; AR(1) effective n; BH-FDR,as specified in source,531.0,output_TOP100_revision/results/ecology/Ecology_partial_correlations_summary_FINAL_v3.csv,98330bbb71c6cd927a11bcd961d77a7f8e13ce1c32f673ac97dd858de31d989b,,ecology,sensitivity,DIAGNOSTIC,FINAL_DIAGNOSTIC,0.155059565884139,
TOP100R000878,ecological partial correlation,ecological partial correlation | W-GPE | LAI | Model1:BH_positive_area | N high latitude | surface_relative | top100,Model1:BH_positive_area,48.8244913807105,,,%,product-specific ecology period,persistent vegetated land,partial correlation controlling tp+t2m+ssrd+rzsm; AR(1) effective n; BH-FDR,as specified in source,531.0,output_TOP100_revision/results/ecology/Ecology_partial_correlations_summary_FINAL_v3.csv,98330bbb71c6cd927a11bcd961d77a7f8e13ce1c32f673ac97dd858de31d989b,,ecology,sensitivity,DIAGNOSTIC,FINAL_DIAGNOSTIC,48.8244913807105,
TOP100R000879,ecological partial correlation,ecological partial correlation | W-GPE | LAI | Model1:BH_negative_area | N high latitude | surface_relative | top100,Model1:BH_negative_area,1.43122520390395,,,%,product-specific ecology period,persistent vegetated land,partial correlation controlling tp+t2m+ssrd+rzsm; AR(1) effective n; BH-FDR,as specified in source,531.0,output_TOP100_revision/results/ecology/Ecology_partial_correlations_summary_FINAL_v3.csv,98330bbb71c6cd927a11bcd961d77a7f8e13ce1c32f673ac97dd858de31d989b,,ecology,sensitivity,DIAGNOSTIC,FINAL_DIAGNOSTIC,1.43122520390395,
TOP100R000880,ecological partial correlation,ecological partial correlation | <z> | LAI | Model1:mean_partial_r | Global | surface_relative | top100,Model1:mean_partial_r,-0.037038287788955,,,Partial r,product-specific ecology period,persistent vegetated land,partial correlation controlling tp+t2m+ssrd+rzsm; AR(1) effective n; BH-FDR,as specified in source,5989.0,output_TOP100_revision/results/ecology/Ecology_partial_correlations_summary_FINAL_v3.csv,98330bbb71c6cd927a11bcd961d77a7f8e13ce1c32f673ac97dd858de31d989b,,ecology,sensitivity,DIAGNOSTIC,FINAL_DIAGNOSTIC,-0.037038287788955,
TOP100R000881,ecological partial correlation,ecological partial correlation | <z> | LAI | Model1:BH_positive_area | Global | surface_relative | top100,Model1:BH_positive_area,1.64130463511945,,,%,product-specific ecology period,persistent vegetated land,partial correlation controlling tp+t2m+ssrd+rzsm; AR(1) effective n; BH-FDR,as specified in source,5989.0,output_TOP100_revision/results/ecology/Ecology_partial_correlations_summary_FINAL_v3.csv,98330bbb71c6cd927a11bcd961d77a7f8e13ce1c32f673ac97dd858de31d989b,,ecology,sensitivity,DIAGNOSTIC,FINAL_DIAGNOSTIC,1.64130463511945,
TOP100R000882,ecological partial correlation,ecological partial correlation | <z> | LAI | Model1:BH_negative_area | Global | surface_relative | top100,Model1:BH_negative_area,6.83135021775123,,,%,product-specific ecology period,persistent vegetated land,partial correlation controlling tp+t2m+ssrd+rzsm; AR(1) effective n; BH-FDR,as specified in source,5989.0,output_TOP100_revision/results/ecology/Ecology_partial_correlations_summary_FINAL_v3.csv,98330bbb71c6cd927a11bcd961d77a7f8e13ce1c32f673ac97dd858de31d989b,,ecology,sensitivity,DIAGNOSTIC,FINAL_DIAGNOSTIC,6.83135021775123,
TOP100R000883,ecological partial correlation,ecological partial correlation | <z> | LAI | Model1:mean_partial_r | S temperate | surface_relative | top100,Model1:mean_partial_r,-0.150440738298416,,,Partial r,product-specific ecology period,persistent vegetated land,partial correlation controlling tp+t2m+ssrd+rzsm; AR(1) effective n; BH-FDR,as specified in source,499.0,output_TOP100_revision/results/ecology/Ecology_partial_correlations_summary_FINAL_v3.csv,98330bbb71c6cd927a11bcd961d77a7f8e13ce1c32f673ac97dd858de31d989b,,ecology,sensitivity,DIAGNOSTIC,FINAL_DIAGNOSTIC,-0.150440738298416,
TOP100R000884,ecological partial correlation,ecological partial correlation | <z> | LAI | Model1:BH_positive_area | S temperate | surface_relative | top100,Model1:BH_positive_area,0.0,,,%,product-specific ecology period,persistent vegetated land,partial correlation controlling tp+t2m+ssrd+rzsm; AR(1) effective n; BH-FDR,as specified in source,499.0,output_TOP100_revision/results/ecology/Ecology_partial_correlations_summary_FINAL_v3.csv,98330bbb71c6cd927a11bcd961d77a7f8e13ce1c32f673ac97dd858de31d989b,,ecology,sensitivity,DIAGNOSTIC,FINAL_DIAGNOSTIC,0,
TOP100R000885,ecological partial correlation,ecological partial correlation | <z> | LAI | Model1:BH_negative_area | S temperate | surface_relative | top100,Model1:BH_negative_area,33.5845292331469,,,%,product-specific ecology period,persistent vegetated land,partial correlation controlling tp+t2m+ssrd+rzsm; AR(1) effective n; BH-FDR,as specified in source,499.0,output_TOP100_revision/results/ecology/Ecology_partial_correlations_summary_FINAL_v3.csv,98330bbb71c6cd927a11bcd961d77a7f8e13ce1c32f673ac97dd858de31d989b,,ecology,sensitivity,DIAGNOSTIC,FINAL_DIAGNOSTIC,33.5845292331469,
TOP100R000886,ecological partial correlation,ecological partial correlation | <z> | LAI | Model1:mean_partial_r | Tropics | surface_relative | top100,Model1:mean_partial_r,-0.0507980945327926,,,Partial r,product-specific ecology period,persistent vegetated land,partial correlation controlling tp+t2m+ssrd+rzsm; AR(1) effective n; BH-FDR,as specified in source,1044.0,output_TOP100_revision/results/ecology/Ecology_partial_correlations_summary_FINAL_v3.csv,98330bbb71c6cd927a11bcd961d77a7f8e13ce1c32f673ac97dd858de31d989b,,ecology,sensitivity,DIAGNOSTIC,FINAL_DIAGNOSTIC,-0.0507980945327926,
TOP100R000887,ecological partial correlation,ecological partial correlation | <z> | LAI | Model1:BH_positive_area | Tropics | surface_relative | top100,Model1:BH_positive_area,5.15158528645037,,,%,product-specific ecology period,persistent vegetated land,partial correlation controlling tp+t2m+ssrd+rzsm; AR(1) effective n; BH-FDR,as specified in source,1044.0,output_TOP100_revision/results/ecology/Ecology_partial_correlations_summary_FINAL_v3.csv,98330bbb71c6cd927a11bcd961d77a7f8e13ce1c32f673ac97dd858de31d989b,,ecology,sensitivity,DIAGNOSTIC,FINAL_DIAGNOSTIC,5.15158528645037,
TOP100R000888,ecological partial correlation,ecological partial correlation | <z> | LAI | Model1:BH_negative_area | Tropics | surface_relative | top100,Model1:BH_negative_area,8.33200254373518,,,%,product-specific ecology period,persistent vegetated land,partial correlation controlling tp+t2m+ssrd+rzsm; AR(1) effective n; BH-FDR,as specified in source,1044.0,output_TOP100_revision/results/ecology/Ecology_partial_correlations_summary_FINAL_v3.csv,98330bbb71c6cd927a11bcd961d77a7f8e13ce1c32f673ac97dd858de31d989b,,ecology,sensitivity,DIAGNOSTIC,FINAL_DIAGNOSTIC,8.33200254373518,
TOP100R000889,ecological partial correlation,ecological partial correlation | <z> | LAI | Model1:mean_partial_r | N temperate | surface_relative | top100,Model1:mean_partial_r,-0.0161642037940213,,,Partial r,product-specific ecology period,persistent vegetated land,partial correlation controlling tp+t2m+ssrd+rzsm; AR(1) effective n; BH-FDR,as specified in source,3915.0,output_TOP100_revision/results/ecology/Ecology_partial_correlations_summary_FINAL_v3.csv,98330bbb71c6cd927a11bcd961d77a7f8e13ce1c32f673ac97dd858de31d989b,,ecology,sensitivity,DIAGNOSTIC,FINAL_DIAGNOSTIC,-0.0161642037940213,
TOP100R000890,ecological partial correlation,ecological partial correlation | <z> | LAI | Model1:BH_positive_area | N temperate | surface_relative | top100,Model1:BH_positive_area,0.566959116155384,,,%,product-specific ecology period,persistent vegetated land,partial correlation controlling tp+t2m+ssrd+rzsm; AR(1) effective n; BH-FDR,as specified in source,3915.0,output_TOP100_revision/results/ecology/Ecology_partial_correlations_summary_FINAL_v3.csv,98330bbb71c6cd927a11bcd961d77a7f8e13ce1c32f673ac97dd858de31d989b,,ecology,sensitivity,DIAGNOSTIC,FINAL_DIAGNOSTIC,0.566959116155384,
TOP100R000891,ecological partial correlation,ecological partial correlation | <z> | LAI | Model1:BH_negative_area | N temperate | surface_relative | top100,Model1:BH_negative_area,1.88922278141423,,,%,product-specific ecology period,persistent vegetated land,partial correlation controlling tp+t2m+ssrd+rzsm; AR(1) effective n; BH-FDR,as specified in source,3915.0,output_TOP100_revision/results/ecology/Ecology_partial_correlations_summary_FINAL_v3.csv,98330bbb71c6cd927a11bcd961d77a7f8e13ce1c32f673ac97dd858de31d989b,,ecology,sensitivity,DIAGNOSTIC,FINAL_DIAGNOSTIC,1.88922278141423,
TOP100R000892,ecological partial correlation,ecological partial correlation | <z> | LAI | Model1:mean_partial_r | N high latitude | surface_relative | top100,Model1:mean_partial_r,0.0326997299174858,,,Partial r,product-specific ecology period,persistent vegetated land,partial correlation controlling tp+t2m+ssrd+rzsm; AR(1) effective n; BH-FDR,as specified in source,531.0,output_TOP100_revision/results/ecology/Ecology_partial_correlations_summary_FINAL_v3.csv,98330bbb71c6cd927a11bcd961d77a7f8e13ce1c32f673ac97dd858de31d989b,,ecology,sensitivity,DIAGNOSTIC,FINAL_DIAGNOSTIC,0.0326997299174858,
TOP100R000893,ecological partial correlation,ecological partial correlation | <z> | LAI | Model1:BH_positive_area | N high latitude | surface_relative | top100,Model1:BH_positive_area,0.196499712083,,,%,product-specific ecology period,persistent vegetated land,partial correlation controlling tp+t2m+ssrd+rzsm; AR(1) effective n; BH-FDR,as specified in source,531.0,output_TOP100_revision/results/ecology/Ecology_partial_correlations_summary_FINAL_v3.csv,98330bbb71c6cd927a11bcd961d77a7f8e13ce1c32f673ac97dd858de31d989b,,ecology,sensitivity,DIAGNOSTIC,FINAL_DIAGNOSTIC,0.196499712083,
TOP100R000894,ecological partial correlation,ecological partial correlation | <z> | LAI | Model1:BH_negative_area | N high latitude | surface_relative | top100,Model1:BH_negative_area,0.0,,,%,product-specific ecology period,persistent vegetated land,partial correlation controlling tp+t2m+ssrd+rzsm; AR(1) effective n; BH-FDR,as specified in source,531.0,output_TOP100_revision/results/ecology/Ecology_partial_correlations_summary_FINAL_v3.csv,98330bbb71c6cd927a11bcd961d77a7f8e13ce1c32f673ac97dd858de31d989b,,ecology,sensitivity,DIAGNOSTIC,FINAL_DIAGNOSTIC,0,
TOP100R000895,ecological partial correlation,ecological partial correlation | W-GPE | GPP | Model2:mean_partial_r | Global | surface_relative | top100,Model2:mean_partial_r,0.163078957381149,,,Partial r,product-specific ecology period,persistent vegetated land,partial correlation controlling tp+t2m+ssrd+rzsm+co2; AR(1) effective n; BH-FDR,as specified in source,17877.0,output_TOP100_revision/results/ecology/Ecology_partial_correlations_summary_FINAL_v3.csv,98330bbb71c6cd927a11bcd961d77a7f8e13ce1c32f673ac97dd858de31d989b,,ecology,sensitivity,DIAGNOSTIC,FINAL_DIAGNOSTIC,0.163078957381149,
TOP100R000896,ecological partial correlation,ecological partial correlation | W-GPE | GPP | Model2:BH_positive_area | Global | surface_relative | top100,Model2:BH_positive_area,47.4535669602203,,,%,product-specific ecology period,persistent vegetated land,partial correlation controlling tp+t2m+ssrd+rzsm+co2; AR(1) effective n; BH-FDR,as specified in source,17877.0,output_TOP100_revision/results/ecology/Ecology_partial_correlations_summary_FINAL_v3.csv,98330bbb71c6cd927a11bcd961d77a7f8e13ce1c32f673ac97dd858de31d989b,,ecology,sensitivity,DIAGNOSTIC,FINAL_DIAGNOSTIC,47.4535669602203,
TOP100R000897,ecological partial correlation,ecological partial correlation | W-GPE | GPP | Model2:BH_negative_area | Global | surface_relative | top100,Model2:BH_negative_area,2.60275423343589,,,%,product-specific ecology period,persistent vegetated land,partial correlation controlling tp+t2m+ssrd+rzsm+co2; AR(1) effective n; BH-FDR,as specified in source,17877.0,output_TOP100_revision/results/ecology/Ecology_partial_correlations_summary_FINAL_v3.csv,98330bbb71c6cd927a11bcd961d77a7f8e13ce1c32f673ac97dd858de31d989b,,ecology,sensitivity,DIAGNOSTIC,FINAL_DIAGNOSTIC,2.60275423343589,
TOP100R000898,ecological partial correlation,ecological partial correlation | W-GPE | GPP | Model2:mean_partial_r | S high latitude | surface_relative | top100,Model2:mean_partial_r,-0.0325364993775344,,,Partial r,product-specific ecology period,persistent vegetated land,partial correlation controlling tp+t2m+ssrd+rzsm+co2; AR(1) effective n; BH-FDR,as specified in source,22.0,output_TOP100_revision/results/ecology/Ecology_partial_correlations_summary_FINAL_v3.csv,98330bbb71c6cd927a11bcd961d77a7f8e13ce1c32f673ac97dd858de31d989b,,ecology,sensitivity,DIAGNOSTIC,FINAL_DIAGNOSTIC,-0.0325364993775344,
TOP100R000899,ecological partial correlation,ecological partial correlation | W-GPE | GPP | Model2:BH_positive_area | S high latitude | surface_relative | top100,Model2:BH_positive_area,0.0,,,%,product-specific ecology period,persistent vegetated land,partial correlation controlling tp+t2m+ssrd+rzsm+co2; AR(1) effective n; BH-FDR,as specified in source,22.0,output_TOP100_revision/results/ecology/Ecology_partial_correlations_summary_FINAL_v3.csv,98330bbb71c6cd927a11bcd961d77a7f8e13ce1c32f673ac97dd858de31d989b,,ecology,sensitivity,DIAGNOSTIC,FINAL_DIAGNOSTIC,0,
TOP100R000900,ecological partial correlation,ecological partial correlation | W-GPE | GPP | Model2:BH_negative_area | S high latitude | surface_relative | top100,Model2:BH_negative_area,3.12287198471536,,,%,product-specific ecology period,persistent vegetated land,partial correlation controlling tp+t2m+ssrd+rzsm+co2; AR(1) effective n; BH-FDR,as specified in source,22.0,output_TOP100_revision/results/ecology/Ecology_partial_correlations_summary_FINAL_v3.csv,98330bbb71c6cd927a11bcd961d77a7f8e13ce1c32f673ac97dd858de31d989b,,ecology,sensitivity,DIAGNOSTIC,FINAL_DIAGNOSTIC,3.12287198471536,
TOP100R000901,ecological partial correlation,ecological partial correlation | W-GPE | GPP | Model2:mean_partial_r | S temperate | surface_relative | top100,Model2:mean_partial_r,0.149734514519245,,,Partial r,product-specific ecology period,persistent vegetated land,partial correlation controlling tp+t2m+ssrd+rzsm+co2; AR(1) effective n; BH-FDR,as specified in source,1250.0,output_TOP100_revision/results/ecology/Ecology_partial_correlations_summary_FINAL_v3.csv,98330bbb71c6cd927a11bcd961d77a7f8e13ce1c32f673ac97dd858de31d989b,,ecology,sensitivity,DIAGNOSTIC,FINAL_DIAGNOSTIC,0.149734514519245,
TOP100R000902,ecological partial correlation,ecological partial correlation | W-GPE | GPP | Model2:BH_positive_area | S temperate | surface_relative | top100,Model2:BH_positive_area,39.8747752447896,,,%,product-specific ecology period,persistent vegetated land,partial correlation controlling tp+t2m+ssrd+rzsm+co2; AR(1) effective n; BH-FDR,as specified in source,1250.0,output_TOP100_revision/results/ecology/Ecology_partial_correlations_summary_FINAL_v3.csv,98330bbb71c6cd927a11bcd961d77a7f8e13ce1c32f673ac97dd858de31d989b,,ecology,sensitivity,DIAGNOSTIC,FINAL_DIAGNOSTIC,39.8747752447896,
TOP100R000903,ecological partial correlation,ecological partial correlation | W-GPE | GPP | Model2:BH_negative_area | S temperate | surface_relative | top100,Model2:BH_negative_area,2.02748352447369,,,%,product-specific ecology period,persistent vegetated land,partial correlation controlling tp+t2m+ssrd+rzsm+co2; AR(1) effective n; BH-FDR,as specified in source,1250.0,output_TOP100_revision/results/ecology/Ecology_partial_correlations_summary_FINAL_v3.csv,98330bbb71c6cd927a11bcd961d77a7f8e13ce1c32f673ac97dd858de31d989b,,ecology,sensitivity,DIAGNOSTIC,FINAL_DIAGNOSTIC,2.02748352447369,
TOP100R000904,ecological partial correlation,ecological partial correlation | W-GPE | GPP | Model2:mean_partial_r | Tropics | surface_relative | top100,Model2:mean_partial_r,0.207899066703889,,,Partial r,product-specific ecology period,persistent vegetated land,partial correlation controlling tp+t2m+ssrd+rzsm+co2; AR(1) effective n; BH-FDR,as specified in source,5202.0,output_TOP100_revision/results/ecology/Ecology_partial_correlations_summary_FINAL_v3.csv,98330bbb71c6cd927a11bcd961d77a7f8e13ce1c32f673ac97dd858de31d989b,,ecology,sensitivity,DIAGNOSTIC,FINAL_DIAGNOSTIC,0.207899066703889,
TOP100R000905,ecological partial correlation,ecological partial correlation | W-GPE | GPP | Model2:BH_positive_area | Tropics | surface_relative | top100,Model2:BH_positive_area,57.6479032414509,,,%,product-specific ecology period,persistent vegetated land,partial correlation controlling tp+t2m+ssrd+rzsm+co2; AR(1) effective n; BH-FDR,as specified in source,5202.0,output_TOP100_revision/results/ecology/Ecology_partial_correlations_summary_FINAL_v3.csv,98330bbb71c6cd927a11bcd961d77a7f8e13ce1c32f673ac97dd858de31d989b,,ecology,sensitivity,DIAGNOSTIC,FINAL_DIAGNOSTIC,57.6479032414509,
TOP100R000906,ecological partial correlation,ecological partial correlation | W-GPE | GPP | Model2:BH_negative_area | Tropics | surface_relative | top100,Model2:BH_negative_area,2.31463718650495,,,%,product-specific ecology period,persistent vegetated land,partial correlation controlling tp+t2m+ssrd+rzsm+co2; AR(1) effective n; BH-FDR,as specified in source,5202.0,output_TOP100_revision/results/ecology/Ecology_partial_correlations_summary_FINAL_v3.csv,98330bbb71c6cd927a11bcd961d77a7f8e13ce1c32f673ac97dd858de31d989b,,ecology,sensitivity,DIAGNOSTIC,FINAL_DIAGNOSTIC,2.31463718650495,
TOP100R000907,ecological partial correlation,ecological partial correlation | W-GPE | GPP | Model2:mean_partial_r | N temperate | surface_relative | top100,Model2:mean_partial_r,0.132337574034906,,,Partial r,product-specific ecology period,persistent vegetated land,partial correlation controlling tp+t2m+ssrd+rzsm+co2; AR(1) effective n; BH-FDR,as specified in source,9075.0,output_TOP100_revision/results/ecology/Ecology_partial_correlations_summary_FINAL_v3.csv,98330bbb71c6cd927a11bcd961d77a7f8e13ce1c32f673ac97dd858de31d989b,,ecology,sensitivity,DIAGNOSTIC,FINAL_DIAGNOSTIC,0.132337574034906,
TOP100R000908,ecological partial correlation,ecological partial correlation | W-GPE | GPP | Model2:BH_positive_area | N temperate | surface_relative | top100,Model2:BH_positive_area,40.3749044504322,,,%,product-specific ecology period,persistent vegetated land,partial correlation controlling tp+t2m+ssrd+rzsm+co2; AR(1) effective n; BH-FDR,as specified in source,9075.0,output_TOP100_revision/results/ecology/Ecology_partial_correlations_summary_FINAL_v3.csv,98330bbb71c6cd927a11bcd961d77a7f8e13ce1c32f673ac97dd858de31d989b,,ecology,sensitivity,DIAGNOSTIC,FINAL_DIAGNOSTIC,40.3749044504322,
TOP100R000909,ecological partial correlation,ecological partial correlation | W-GPE | GPP | Model2:BH_negative_area | N temperate | surface_relative | top100,Model2:BH_negative_area,2.68642256611162,,,%,product-specific ecology period,persistent vegetated land,partial correlation controlling tp+t2m+ssrd+rzsm+co2; AR(1) effective n; BH-FDR,as specified in source,9075.0,output_TOP100_revision/results/ecology/Ecology_partial_correlations_summary_FINAL_v3.csv,98330bbb71c6cd927a11bcd961d77a7f8e13ce1c32f673ac97dd858de31d989b,,ecology,sensitivity,DIAGNOSTIC,FINAL_DIAGNOSTIC,2.68642256611162,
TOP100R000910,ecological partial correlation,ecological partial correlation | W-GPE | GPP | Model2:mean_partial_r | N high latitude | surface_relative | top100,Model2:mean_partial_r,0.120369630023091,,,Partial r,product-specific ecology period,persistent vegetated land,partial correlation controlling tp+t2m+ssrd+rzsm+co2; AR(1) effective n; BH-FDR,as specified in source,2328.0,output_TOP100_revision/results/ecology/Ecology_partial_correlations_summary_FINAL_v3.csv,98330bbb71c6cd927a11bcd961d77a7f8e13ce1c32f673ac97dd858de31d989b,,ecology,sensitivity,DIAGNOSTIC,FINAL_DIAGNOSTIC,0.120369630023091,
TOP100R000911,ecological partial correlation,ecological partial correlation | W-GPE | GPP | Model2:BH_positive_area | N high latitude | surface_relative | top100,Model2:BH_positive_area,45.4294802985888,,,%,product-specific ecology period,persistent vegetated land,partial correlation controlling tp+t2m+ssrd+rzsm+co2; AR(1) effective n; BH-FDR,as specified in source,2328.0,output_TOP100_revision/results/ecology/Ecology_partial_correlations_summary_FINAL_v3.csv,98330bbb71c6cd927a11bcd961d77a7f8e13ce1c32f673ac97dd858de31d989b,,ecology,sensitivity,DIAGNOSTIC,FINAL_DIAGNOSTIC,45.4294802985888,
TOP100R000912,ecological partial correlation,ecological partial correlation | W-GPE | GPP | Model2:BH_negative_area | N high latitude | surface_relative | top100,Model2:BH_negative_area,4.88577856200415,,,%,product-specific ecology period,persistent vegetated land,partial correlation controlling tp+t2m+ssrd+rzsm+co2; AR(1) effective n; BH-FDR,as specified in source,2328.0,output_TOP100_revision/results/ecology/Ecology_partial_correlations_summary_FINAL_v3.csv,98330bbb71c6cd927a11bcd961d77a7f8e13ce1c32f673ac97dd858de31d989b,,ecology,sensitivity,DIAGNOSTIC,FINAL_DIAGNOSTIC,4.88577856200415,
TOP100R000913,ecological partial correlation,ecological partial correlation | <z> | GPP | Model2:mean_partial_r | Global | surface_relative | top100,Model2:mean_partial_r,-0.0087111203822784,,,Partial r,product-specific ecology period,persistent vegetated land,partial correlation controlling tp+t2m+ssrd+rzsm+co2; AR(1) effective n; BH-FDR,as specified in source,17877.0,output_TOP100_revision/results/ecology/Ecology_partial_correlations_summary_FINAL_v3.csv,98330bbb71c6cd927a11bcd961d77a7f8e13ce1c32f673ac97dd858de31d989b,,ecology,sensitivity,DIAGNOSTIC,FINAL_DIAGNOSTIC,-0.0087111203822784,
TOP100R000914,ecological partial correlation,ecological partial correlation | <z> | GPP | Model2:BH_positive_area | Global | surface_relative | top100,Model2:BH_positive_area,9.37761094241554,,,%,product-specific ecology period,persistent vegetated land,partial correlation controlling tp+t2m+ssrd+rzsm+co2; AR(1) effective n; BH-FDR,as specified in source,17877.0,output_TOP100_revision/results/ecology/Ecology_partial_correlations_summary_FINAL_v3.csv,98330bbb71c6cd927a11bcd961d77a7f8e13ce1c32f673ac97dd858de31d989b,,ecology,sensitivity,DIAGNOSTIC,FINAL_DIAGNOSTIC,9.37761094241554,
TOP100R000915,ecological partial correlation,ecological partial correlation | <z> | GPP | Model2:BH_negative_area | Global | surface_relative | top100,Model2:BH_negative_area,11.0676932650619,,,%,product-specific ecology period,persistent vegetated land,partial correlation controlling tp+t2m+ssrd+rzsm+co2; AR(1) effective n; BH-FDR,as specified in source,17877.0,output_TOP100_revision/results/ecology/Ecology_partial_correlations_summary_FINAL_v3.csv,98330bbb71c6cd927a11bcd961d77a7f8e13ce1c32f673ac97dd858de31d989b,,ecology,sensitivity,DIAGNOSTIC,FINAL_DIAGNOSTIC,11.0676932650619,
TOP100R000916,ecological partial correlation,ecological partial correlation | <z> | GPP | Model2:mean_partial_r | S high latitude | surface_relative | top100,Model2:mean_partial_r,0.0170952636322425,,,Partial r,product-specific ecology period,persistent vegetated land,partial correlation controlling tp+t2m+ssrd+rzsm+co2; AR(1) effective n; BH-FDR,as specified in source,22.0,output_TOP100_revision/results/ecology/Ecology_partial_correlations_summary_FINAL_v3.csv,98330bbb71c6cd927a11bcd961d77a7f8e13ce1c32f673ac97dd858de31d989b,,ecology,sensitivity,DIAGNOSTIC,FINAL_DIAGNOSTIC,0.0170952636322425,
TOP100R000917,ecological partial correlation,ecological partial correlation | <z> | GPP | Model2:BH_positive_area | S high latitude | surface_relative | top100,Model2:BH_positive_area,0.0,,,%,product-specific ecology period,persistent vegetated land,partial correlation controlling tp+t2m+ssrd+rzsm+co2; AR(1) effective n; BH-FDR,as specified in source,22.0,output_TOP100_revision/results/ecology/Ecology_partial_correlations_summary_FINAL_v3.csv,98330bbb71c6cd927a11bcd961d77a7f8e13ce1c32f673ac97dd858de31d989b,,ecology,sensitivity,DIAGNOSTIC,FINAL_DIAGNOSTIC,0,
TOP100R000918,ecological partial correlation,ecological partial correlation | <z> | GPP | Model2:BH_negative_area | S high latitude | surface_relative | top100,Model2:BH_negative_area,0.0,,,%,product-specific ecology period,persistent vegetated land,partial correlation controlling tp+t2m+ssrd+rzsm+co2; AR(1) effective n; BH-FDR,as specified in source,22.0,output_TOP100_revision/results/ecology/Ecology_partial_correlations_summary_FINAL_v3.csv,98330bbb71c6cd927a11bcd961d77a7f8e13ce1c32f673ac97dd858de31d989b,,ecology,sensitivity,DIAGNOSTIC,FINAL_DIAGNOSTIC,0,
TOP100R000919,ecological partial correlation,ecological partial correlation | <z> | GPP | Model2:mean_partial_r | S temperate | surface_relative | top100,Model2:mean_partial_r,-0.080377759406781,,,Partial r,product-specific ecology period,persistent vegetated land,partial correlation controlling tp+t2m+ssrd+rzsm+co2; AR(1) effective n; BH-FDR,as specified in source,1250.0,output_TOP100_revision/results/ecology/Ecology_partial_correlations_summary_FINAL_v3.csv,98330bbb71c6cd927a11bcd961d77a7f8e13ce1c32f673ac97dd858de31d989b,,ecology,sensitivity,DIAGNOSTIC,FINAL_DIAGNOSTIC,-0.080377759406781,
TOP100R000920,ecological partial correlation,ecological partial correlation | <z> | GPP | Model2:BH_positive_area | S temperate | surface_relative | top100,Model2:BH_positive_area,0.836822451590711,,,%,product-specific ecology period,persistent vegetated land,partial correlation controlling tp+t2m+ssrd+rzsm+co2; AR(1) effective n; BH-FDR,as specified in source,1250.0,output_TOP100_revision/results/ecology/Ecology_partial_correlations_summary_FINAL_v3.csv,98330bbb71c6cd927a11bcd961d77a7f8e13ce1c32f673ac97dd858de31d989b,,ecology,sensitivity,DIAGNOSTIC,FINAL_DIAGNOSTIC,0.836822451590711,
TOP100R000921,ecological partial correlation,ecological partial correlation | <z> | GPP | Model2:BH_negative_area | S temperate | surface_relative | top100,Model2:BH_negative_area,27.6031222833892,,,%,product-specific ecology period,persistent vegetated land,partial correlation controlling tp+t2m+ssrd+rzsm+co2; AR(1) effective n; BH-FDR,as specified in source,1250.0,output_TOP100_revision/results/ecology/Ecology_partial_correlations_summary_FINAL_v3.csv,98330bbb71c6cd927a11bcd961d77a7f8e13ce1c32f673ac97dd858de31d989b,,ecology,sensitivity,DIAGNOSTIC,FINAL_DIAGNOSTIC,27.6031222833892,
TOP100R000922,ecological partial correlation,ecological partial correlation | <z> | GPP | Model2:mean_partial_r | Tropics | surface_relative | top100,Model2:mean_partial_r,0.0460994915153898,,,Partial r,product-specific ecology period,persistent vegetated land,partial correlation controlling tp+t2m+ssrd+rzsm+co2; AR(1) effective n; BH-FDR,as specified in source,5202.0,output_TOP100_revision/results/ecology/Ecology_partial_correlations_summary_FINAL_v3.csv,98330bbb71c6cd927a11bcd961d77a7f8e13ce1c32f673ac97dd858de31d989b,,ecology,sensitivity,DIAGNOSTIC,FINAL_DIAGNOSTIC,0.0460994915153898,
TOP100R000923,ecological partial correlation,ecological partial correlation | <z> | GPP | Model2:BH_positive_area | Tropics | surface_relative | top100,Model2:BH_positive_area,20.8752030787549,,,%,product-specific ecology period,persistent vegetated land,partial correlation controlling tp+t2m+ssrd+rzsm+co2; AR(1) effective n; BH-FDR,as specified in source,5202.0,output_TOP100_revision/results/ecology/Ecology_partial_correlations_summary_FINAL_v3.csv,98330bbb71c6cd927a11bcd961d77a7f8e13ce1c32f673ac97dd858de31d989b,,ecology,sensitivity,DIAGNOSTIC,FINAL_DIAGNOSTIC,20.8752030787549,
TOP100R000924,ecological partial correlation,ecological partial correlation | <z> | GPP | Model2:BH_negative_area | Tropics | surface_relative | top100,Model2:BH_negative_area,4.83434739036545,,,%,product-specific ecology period,persistent vegetated land,partial correlation controlling tp+t2m+ssrd+rzsm+co2; AR(1) effective n; BH-FDR,as specified in source,5202.0,output_TOP100_revision/results/ecology/Ecology_partial_correlations_summary_FINAL_v3.csv,98330bbb71c6cd927a11bcd961d77a7f8e13ce1c32f673ac97dd858de31d989b,,ecology,sensitivity,DIAGNOSTIC,FINAL_DIAGNOSTIC,4.83434739036545,
TOP100R000925,ecological partial correlation,ecological partial correlation | <z> | GPP | Model2:mean_partial_r | N temperate | surface_relative | top100,Model2:mean_partial_r,-0.0438227906470337,,,Partial r,product-specific ecology period,persistent vegetated land,partial correlation controlling tp+t2m+ssrd+rzsm+co2; AR(1) effective n; BH-FDR,as specified in source,9075.0,output_TOP100_revision/results/ecology/Ecology_partial_correlations_summary_FINAL_v3.csv,98330bbb71c6cd927a11bcd961d77a7f8e13ce1c32f673ac97dd858de31d989b,,ecology,sensitivity,DIAGNOSTIC,FINAL_DIAGNOSTIC,-0.0438227906470337,
TOP100R000926,ecological partial correlation,ecological partial correlation | <z> | GPP | Model2:BH_positive_area | N temperate | surface_relative | top100,Model2:BH_positive_area,2.16644467569601,,,%,product-specific ecology period,persistent vegetated land,partial correlation controlling tp+t2m+ssrd+rzsm+co2; AR(1) effective n; BH-FDR,as specified in source,9075.0,output_TOP100_revision/results/ecology/Ecology_partial_correlations_summary_FINAL_v3.csv,98330bbb71c6cd927a11bcd961d77a7f8e13ce1c32f673ac97dd858de31d989b,,ecology,sensitivity,DIAGNOSTIC,FINAL_DIAGNOSTIC,2.16644467569601,
TOP100R000927,ecological partial correlation,ecological partial correlation | <z> | GPP | Model2:BH_negative_area | N temperate | surface_relative | top100,Model2:BH_negative_area,14.7030580336966,,,%,product-specific ecology period,persistent vegetated land,partial correlation controlling tp+t2m+ssrd+rzsm+co2; AR(1) effective n; BH-FDR,as specified in source,9075.0,output_TOP100_revision/results/ecology/Ecology_partial_correlations_summary_FINAL_v3.csv,98330bbb71c6cd927a11bcd961d77a7f8e13ce1c32f673ac97dd858de31d989b,,ecology,sensitivity,DIAGNOSTIC,FINAL_DIAGNOSTIC,14.7030580336966,
TOP100R000928,ecological partial correlation,ecological partial correlation | <z> | GPP | Model2:mean_partial_r | N high latitude | surface_relative | top100,Model2:mean_partial_r,0.0003849422283177,,,Partial r,product-specific ecology period,persistent vegetated land,partial correlation controlling tp+t2m+ssrd+rzsm+co2; AR(1) effective n; BH-FDR,as specified in source,2328.0,output_TOP100_revision/results/ecology/Ecology_partial_correlations_summary_FINAL_v3.csv,98330bbb71c6cd927a11bcd961d77a7f8e13ce1c32f673ac97dd858de31d989b,,ecology,sensitivity,DIAGNOSTIC,FINAL_DIAGNOSTIC,0.0003849422283177,
TOP100R000929,ecological partial correlation,ecological partial correlation | <z> | GPP | Model2:BH_positive_area | N high latitude | surface_relative | top100,Model2:BH_positive_area,0.115165045988658,,,%,product-specific ecology period,persistent vegetated land,partial correlation controlling tp+t2m+ssrd+rzsm+co2; AR(1) effective n; BH-FDR,as specified in source,2328.0,output_TOP100_revision/results/ecology/Ecology_partial_correlations_summary_FINAL_v3.csv,98330bbb71c6cd927a11bcd961d77a7f8e13ce1c32f673ac97dd858de31d989b,,ecology,sensitivity,DIAGNOSTIC,FINAL_DIAGNOSTIC,0.115165045988658,
TOP100R000930,ecological partial correlation,ecological partial correlation | <z> | GPP | Model2:BH_negative_area | N high latitude | surface_relative | top100,Model2:BH_negative_area,0.437090747017068,,,%,product-specific ecology period,persistent vegetated land,partial correlation controlling tp+t2m+ssrd+rzsm+co2; AR(1) effective n; BH-FDR,as specified in source,2328.0,output_TOP100_revision/results/ecology/Ecology_partial_correlations_summary_FINAL_v3.csv,98330bbb71c6cd927a11bcd961d77a7f8e13ce1c32f673ac97dd858de31d989b,,ecology,sensitivity,DIAGNOSTIC,FINAL_DIAGNOSTIC,0.437090747017068,
TOP100R000931,ecological partial correlation,ecological partial correlation | W-GPE | LAI | Model2:mean_partial_r | Global | surface_relative | top100,Model2:mean_partial_r,0.099989545484468,,,Partial r,product-specific ecology period,persistent vegetated land,partial correlation controlling tp+t2m+ssrd+rzsm+co2; AR(1) effective n; BH-FDR,as specified in source,5989.0,output_TOP100_revision/results/ecology/Ecology_partial_correlations_summary_FINAL_v3.csv,98330bbb71c6cd927a11bcd961d77a7f8e13ce1c32f673ac97dd858de31d989b,,ecology,sensitivity,DIAGNOSTIC,FINAL_DIAGNOSTIC,0.099989545484468,
TOP100R000932,ecological partial correlation,ecological partial correlation | W-GPE | LAI | Model2:BH_positive_area | Global | surface_relative | top100,Model2:BH_positive_area,21.8126820365797,,,%,product-specific ecology period,persistent vegetated land,partial correlation controlling tp+t2m+ssrd+rzsm+co2; AR(1) effective n; BH-FDR,as specified in source,5989.0,output_TOP100_revision/results/ecology/Ecology_partial_correlations_summary_FINAL_v3.csv,98330bbb71c6cd927a11bcd961d77a7f8e13ce1c32f673ac97dd858de31d989b,,ecology,sensitivity,DIAGNOSTIC,FINAL_DIAGNOSTIC,21.8126820365797,
TOP100R000933,ecological partial correlation,ecological partial correlation | W-GPE | LAI | Model2:BH_negative_area | Global | surface_relative | top100,Model2:BH_negative_area,0.637337469980565,,,%,product-specific ecology period,persistent vegetated land,partial correlation controlling tp+t2m+ssrd+rzsm+co2; AR(1) effective n; BH-FDR,as specified in source,5989.0,output_TOP100_revision/results/ecology/Ecology_partial_correlations_summary_FINAL_v3.csv,98330bbb71c6cd927a11bcd961d77a7f8e13ce1c32f673ac97dd858de31d989b,,ecology,sensitivity,DIAGNOSTIC,FINAL_DIAGNOSTIC,0.637337469980565,
TOP100R000934,ecological partial correlation,ecological partial correlation | W-GPE | LAI | Model2:mean_partial_r | S temperate | surface_relative | top100,Model2:mean_partial_r,0.118855078368063,,,Partial r,product-specific ecology period,persistent vegetated land,partial correlation controlling tp+t2m+ssrd+rzsm+co2; AR(1) effective n; BH-FDR,as specified in source,499.0,output_TOP100_revision/results/ecology/Ecology_partial_correlations_summary_FINAL_v3.csv,98330bbb71c6cd927a11bcd961d77a7f8e13ce1c32f673ac97dd858de31d989b,,ecology,sensitivity,DIAGNOSTIC,FINAL_DIAGNOSTIC,0.118855078368063,
TOP100R000935,ecological partial correlation,ecological partial correlation | W-GPE | LAI | Model2:BH_positive_area | S temperate | surface_relative | top100,Model2:BH_positive_area,33.7596564502838,,,%,product-specific ecology period,persistent vegetated land,partial correlation controlling tp+t2m+ssrd+rzsm+co2; AR(1) effective n; BH-FDR,as specified in source,499.0,output_TOP100_revision/results/ecology/Ecology_partial_correlations_summary_FINAL_v3.csv,98330bbb71c6cd927a11bcd961d77a7f8e13ce1c32f673ac97dd858de31d989b,,ecology,sensitivity,DIAGNOSTIC,FINAL_DIAGNOSTIC,33.7596564502838,
TOP100R000936,ecological partial correlation,ecological partial correlation | W-GPE | LAI | Model2:BH_negative_area | S temperate | surface_relative | top100,Model2:BH_negative_area,0.0,,,%,product-specific ecology period,persistent vegetated land,partial correlation controlling tp+t2m+ssrd+rzsm+co2; AR(1) effective n; BH-FDR,as specified in source,499.0,output_TOP100_revision/results/ecology/Ecology_partial_correlations_summary_FINAL_v3.csv,98330bbb71c6cd927a11bcd961d77a7f8e13ce1c32f673ac97dd858de31d989b,,ecology,sensitivity,DIAGNOSTIC,FINAL_DIAGNOSTIC,0,
TOP100R000937,ecological partial correlation,ecological partial correlation | W-GPE | LAI | Model2:mean_partial_r | Tropics | surface_relative | top100,Model2:mean_partial_r,0.141572837021563,,,Partial r,product-specific ecology period,persistent vegetated land,partial correlation controlling tp+t2m+ssrd+rzsm+co2; AR(1) effective n; BH-FDR,as specified in source,1044.0,output_TOP100_revision/results/ecology/Ecology_partial_correlations_summary_FINAL_v3.csv,98330bbb71c6cd927a11bcd961d77a7f8e13ce1c32f673ac97dd858de31d989b,,ecology,sensitivity,DIAGNOSTIC,FINAL_DIAGNOSTIC,0.141572837021563,
TOP100R000938,ecological partial correlation,ecological partial correlation | W-GPE | LAI | Model2:BH_positive_area | Tropics | surface_relative | top100,Model2:BH_positive_area,26.8685281251116,,,%,product-specific ecology period,persistent vegetated land,partial correlation controlling tp+t2m+ssrd+rzsm+co2; AR(1) effective n; BH-FDR,as specified in source,1044.0,output_TOP100_revision/results/ecology/Ecology_partial_correlations_summary_FINAL_v3.csv,98330bbb71c6cd927a11bcd961d77a7f8e13ce1c32f673ac97dd858de31d989b,,ecology,sensitivity,DIAGNOSTIC,FINAL_DIAGNOSTIC,26.8685281251116,
TOP100R000939,ecological partial correlation,ecological partial correlation | W-GPE | LAI | Model2:BH_negative_area | Tropics | surface_relative | top100,Model2:BH_negative_area,0.750247730289053,,,%,product-specific ecology period,persistent vegetated land,partial correlation controlling tp+t2m+ssrd+rzsm+co2; AR(1) effective n; BH-FDR,as specified in source,1044.0,output_TOP100_revision/results/ecology/Ecology_partial_correlations_summary_FINAL_v3.csv,98330bbb71c6cd927a11bcd961d77a7f8e13ce1c32f673ac97dd858de31d989b,,ecology,sensitivity,DIAGNOSTIC,FINAL_DIAGNOSTIC,0.750247730289053,
TOP100R000940,ecological partial correlation,ecological partial correlation | W-GPE | LAI | Model2:mean_partial_r | N temperate | surface_relative | top100,Model2:mean_partial_r,0.0745929440510932,,,Partial r,product-specific ecology period,persistent vegetated land,partial correlation controlling tp+t2m+ssrd+rzsm+co2; AR(1) effective n; BH-FDR,as specified in source,3915.0,output_TOP100_revision/results/ecology/Ecology_partial_correlations_summary_FINAL_v3.csv,98330bbb71c6cd927a11bcd961d77a7f8e13ce1c32f673ac97dd858de31d989b,,ecology,sensitivity,DIAGNOSTIC,FINAL_DIAGNOSTIC,0.0745929440510932,
TOP100R000941,ecological partial correlation,ecological partial correlation | W-GPE | LAI | Model2:BH_positive_area | N temperate | surface_relative | top100,Model2:BH_positive_area,15.3554155940163,,,%,product-specific ecology period,persistent vegetated land,partial correlation controlling tp+t2m+ssrd+rzsm+co2; AR(1) effective n; BH-FDR,as specified in source,3915.0,output_TOP100_revision/results/ecology/Ecology_partial_correlations_summary_FINAL_v3.csv,98330bbb71c6cd927a11bcd961d77a7f8e13ce1c32f673ac97dd858de31d989b,,ecology,sensitivity,DIAGNOSTIC,FINAL_DIAGNOSTIC,15.3554155940163,
TOP100R000942,ecological partial correlation,ecological partial correlation | W-GPE | LAI | Model2:BH_negative_area | N temperate | surface_relative | top100,Model2:BH_negative_area,0.65524903213333,,,%,product-specific ecology period,persistent vegetated land,partial correlation controlling tp+t2m+ssrd+rzsm+co2; AR(1) effective n; BH-FDR,as specified in source,3915.0,output_TOP100_revision/results/ecology/Ecology_partial_correlations_summary_FINAL_v3.csv,98330bbb71c6cd927a11bcd961d77a7f8e13ce1c32f673ac97dd858de31d989b,,ecology,sensitivity,DIAGNOSTIC,FINAL_DIAGNOSTIC,0.65524903213333,
TOP100R000943,ecological partial correlation,ecological partial correlation | W-GPE | LAI | Model2:mean_partial_r | N high latitude | surface_relative | top100,Model2:mean_partial_r,0.155826323227082,,,Partial r,product-specific ecology period,persistent vegetated land,partial correlation controlling tp+t2m+ssrd+rzsm+co2; AR(1) effective n; BH-FDR,as specified in source,531.0,output_TOP100_revision/results/ecology/Ecology_partial_correlations_summary_FINAL_v3.csv,98330bbb71c6cd927a11bcd961d77a7f8e13ce1c32f673ac97dd858de31d989b,,ecology,sensitivity,DIAGNOSTIC,FINAL_DIAGNOSTIC,0.155826323227082,
TOP100R000944,ecological partial correlation,ecological partial correlation | W-GPE | LAI | Model2:BH_positive_area | N high latitude | surface_relative | top100,Model2:BH_positive_area,49.2348429909944,,,%,product-specific ecology period,persistent vegetated land,partial correlation controlling tp+t2m+ssrd+rzsm+co2; AR(1) effective n; BH-FDR,as specified in source,531.0,output_TOP100_revision/results/ecology/Ecology_partial_correlations_summary_FINAL_v3.csv,98330bbb71c6cd927a11bcd961d77a7f8e13ce1c32f673ac97dd858de31d989b,,ecology,sensitivity,DIAGNOSTIC,FINAL_DIAGNOSTIC,49.2348429909944,
TOP100R000945,ecological partial correlation,ecological partial correlation | W-GPE | LAI | Model2:BH_negative_area | N high latitude | surface_relative | top100,Model2:BH_negative_area,1.27000172437457,,,%,product-specific ecology period,persistent vegetated land,partial correlation controlling tp+t2m+ssrd+rzsm+co2; AR(1) effective n; BH-FDR,as specified in source,531.0,output_TOP100_revision/results/ecology/Ecology_partial_correlations_summary_FINAL_v3.csv,98330bbb71c6cd927a11bcd961d77a7f8e13ce1c32f673ac97dd858de31d989b,,ecology,sensitivity,DIAGNOSTIC,FINAL_DIAGNOSTIC,1.27000172437457,
TOP100R000946,ecological partial correlation,ecological partial correlation | <z> | LAI | Model2:mean_partial_r | Global | surface_relative | top100,Model2:mean_partial_r,-0.0369983892965207,,,Partial r,product-specific ecology period,persistent vegetated land,partial correlation controlling tp+t2m+ssrd+rzsm+co2; AR(1) effective n; BH-FDR,as specified in source,5989.0,output_TOP100_revision/results/ecology/Ecology_partial_correlations_summary_FINAL_v3.csv,98330bbb71c6cd927a11bcd961d77a7f8e13ce1c32f673ac97dd858de31d989b,,ecology,sensitivity,DIAGNOSTIC,FINAL_DIAGNOSTIC,-0.0369983892965207,
TOP100R000947,ecological partial correlation,ecological partial correlation | <z> | LAI | Model2:BH_positive_area | Global | surface_relative | top100,Model2:BH_positive_area,1.67311111027795,,,%,product-specific ecology period,persistent vegetated land,partial correlation controlling tp+t2m+ssrd+rzsm+co2; AR(1) effective n; BH-FDR,as specified in source,5989.0,output_TOP100_revision/results/ecology/Ecology_partial_correlations_summary_FINAL_v3.csv,98330bbb71c6cd927a11bcd961d77a7f8e13ce1c32f673ac97dd858de31d989b,,ecology,sensitivity,DIAGNOSTIC,FINAL_DIAGNOSTIC,1.67311111027795,
TOP100R000948,ecological partial correlation,ecological partial correlation | <z> | LAI | Model2:BH_negative_area | Global | surface_relative | top100,Model2:BH_negative_area,7.36062071722768,,,%,product-specific ecology period,persistent vegetated land,partial correlation controlling tp+t2m+ssrd+rzsm+co2; AR(1) effective n; BH-FDR,as specified in source,5989.0,output_TOP100_revision/results/ecology/Ecology_partial_correlations_summary_FINAL_v3.csv,98330bbb71c6cd927a11bcd961d77a7f8e13ce1c32f673ac97dd858de31d989b,,ecology,sensitivity,DIAGNOSTIC,FINAL_DIAGNOSTIC,7.36062071722768,
TOP100R000949,ecological partial correlation,ecological partial correlation | <z> | LAI | Model2:mean_partial_r | S temperate | surface_relative | top100,Model2:mean_partial_r,-0.151136558381197,,,Partial r,product-specific ecology period,persistent vegetated land,partial correlation controlling tp+t2m+ssrd+rzsm+co2; AR(1) effective n; BH-FDR,as specified in source,499.0,output_TOP100_revision/results/ecology/Ecology_partial_correlations_summary_FINAL_v3.csv,98330bbb71c6cd927a11bcd961d77a7f8e13ce1c32f673ac97dd858de31d989b,,ecology,sensitivity,DIAGNOSTIC,FINAL_DIAGNOSTIC,-0.151136558381197,
TOP100R000950,ecological partial correlation,ecological partial correlation | <z> | LAI | Model2:BH_positive_area | S temperate | surface_relative | top100,Model2:BH_positive_area,0.184620332342705,,,%,product-specific ecology period,persistent vegetated land,partial correlation controlling tp+t2m+ssrd+rzsm+co2; AR(1) effective n; BH-FDR,as specified in source,499.0,output_TOP100_revision/results/ecology/Ecology_partial_correlations_summary_FINAL_v3.csv,98330bbb71c6cd927a11bcd961d77a7f8e13ce1c32f673ac97dd858de31d989b,,ecology,sensitivity,DIAGNOSTIC,FINAL_DIAGNOSTIC,0.184620332342705,
TOP100R000951,ecological partial correlation,ecological partial correlation | <z> | LAI | Model2:BH_negative_area | S temperate | surface_relative | top100,Model2:BH_negative_area,36.0785612639998,,,%,product-specific ecology period,persistent vegetated land,partial correlation controlling tp+t2m+ssrd+rzsm+co2; AR(1) effective n; BH-FDR,as specified in source,499.0,output_TOP100_revision/results/ecology/Ecology_partial_correlations_summary_FINAL_v3.csv,98330bbb71c6cd927a11bcd961d77a7f8e13ce1c32f673ac97dd858de31d989b,,ecology,sensitivity,DIAGNOSTIC,FINAL_DIAGNOSTIC,36.0785612639998,
TOP100R000952,ecological partial correlation,ecological partial correlation | <z> | LAI | Model2:mean_partial_r | Tropics | surface_relative | top100,Model2:mean_partial_r,-0.050882980854187,,,Partial r,product-specific ecology period,persistent vegetated land,partial correlation controlling tp+t2m+ssrd+rzsm+co2; AR(1) effective n; BH-FDR,as specified in source,1044.0,output_TOP100_revision/results/ecology/Ecology_partial_correlations_summary_FINAL_v3.csv,98330bbb71c6cd927a11bcd961d77a7f8e13ce1c32f673ac97dd858de31d989b,,ecology,sensitivity,DIAGNOSTIC,FINAL_DIAGNOSTIC,-0.050882980854187,
TOP100R000953,ecological partial correlation,ecological partial correlation | <z> | LAI | Model2:BH_positive_area | Tropics | surface_relative | top100,Model2:BH_positive_area,5.14556523236116,,,%,product-specific ecology period,persistent vegetated land,partial correlation controlling tp+t2m+ssrd+rzsm+co2; AR(1) effective n; BH-FDR,as specified in source,1044.0,output_TOP100_revision/results/ecology/Ecology_partial_correlations_summary_FINAL_v3.csv,98330bbb71c6cd927a11bcd961d77a7f8e13ce1c32f673ac97dd858de31d989b,,ecology,sensitivity,DIAGNOSTIC,FINAL_DIAGNOSTIC,5.14556523236116,
TOP100R000954,ecological partial correlation,ecological partial correlation | <z> | LAI | Model2:BH_negative_area | Tropics | surface_relative | top100,Model2:BH_negative_area,8.98555504028301,,,%,product-specific ecology period,persistent vegetated land,partial correlation controlling tp+t2m+ssrd+rzsm+co2; AR(1) effective n; BH-FDR,as specified in source,1044.0,output_TOP100_revision/results/ecology/Ecology_partial_correlations_summary_FINAL_v3.csv,98330bbb71c6cd927a11bcd961d77a7f8e13ce1c32f673ac97dd858de31d989b,,ecology,sensitivity,DIAGNOSTIC,FINAL_DIAGNOSTIC,8.98555504028301,
TOP100R000955,ecological partial correlation,ecological partial correlation | <z> | LAI | Model2:mean_partial_r | N temperate | surface_relative | top100,Model2:mean_partial_r,-0.015897001609158,,,Partial r,product-specific ecology period,persistent vegetated land,partial correlation controlling tp+t2m+ssrd+rzsm+co2; AR(1) effective n; BH-FDR,as specified in source,3915.0,output_TOP100_revision/results/ecology/Ecology_partial_correlations_summary_FINAL_v3.csv,98330bbb71c6cd927a11bcd961d77a7f8e13ce1c32f673ac97dd858de31d989b,,ecology,sensitivity,DIAGNOSTIC,FINAL_DIAGNOSTIC,-0.015897001609158,
TOP100R000956,ecological partial correlation,ecological partial correlation | <z> | LAI | Model2:BH_positive_area | N temperate | surface_relative | top100,Model2:BH_positive_area,0.589598760637304,,,%,product-specific ecology period,persistent vegetated land,partial correlation controlling tp+t2m+ssrd+rzsm+co2; AR(1) effective n; BH-FDR,as specified in source,3915.0,output_TOP100_revision/results/ecology/Ecology_partial_correlations_summary_FINAL_v3.csv,98330bbb71c6cd927a11bcd961d77a7f8e13ce1c32f673ac97dd858de31d989b,,ecology,sensitivity,DIAGNOSTIC,FINAL_DIAGNOSTIC,0.589598760637304,
TOP100R000957,ecological partial correlation,ecological partial correlation | <z> | LAI | Model2:BH_negative_area | N temperate | surface_relative | top100,Model2:BH_negative_area,2.05175492249158,,,%,product-specific ecology period,persistent vegetated land,partial correlation controlling tp+t2m+ssrd+rzsm+co2; AR(1) effective n; BH-FDR,as specified in source,3915.0,output_TOP100_revision/results/ecology/Ecology_partial_correlations_summary_FINAL_v3.csv,98330bbb71c6cd927a11bcd961d77a7f8e13ce1c32f673ac97dd858de31d989b,,ecology,sensitivity,DIAGNOSTIC,FINAL_DIAGNOSTIC,2.05175492249158,
TOP100R000958,ecological partial correlation,ecological partial correlation | <z> | LAI | Model2:mean_partial_r | N high latitude | surface_relative | top100,Model2:mean_partial_r,0.0322141550000166,,,Partial r,product-specific ecology period,persistent vegetated land,partial correlation controlling tp+t2m+ssrd+rzsm+co2; AR(1) effective n; BH-FDR,as specified in source,531.0,output_TOP100_revision/results/ecology/Ecology_partial_correlations_summary_FINAL_v3.csv,98330bbb71c6cd927a11bcd961d77a7f8e13ce1c32f673ac97dd858de31d989b,,ecology,sensitivity,DIAGNOSTIC,FINAL_DIAGNOSTIC,0.0322141550000166,
TOP100R000959,ecological partial correlation,ecological partial correlation | <z> | LAI | Model2:BH_positive_area | N high latitude | surface_relative | top100,Model2:BH_positive_area,0.196499712083,,,%,product-specific ecology period,persistent vegetated land,partial correlation controlling tp+t2m+ssrd+rzsm+co2; AR(1) effective n; BH-FDR,as specified in source,531.0,output_TOP100_revision/results/ecology/Ecology_partial_correlations_summary_FINAL_v3.csv,98330bbb71c6cd927a11bcd961d77a7f8e13ce1c32f673ac97dd858de31d989b,,ecology,sensitivity,DIAGNOSTIC,FINAL_DIAGNOSTIC,0.196499712083,
TOP100R000960,ecological partial correlation,ecological partial correlation | <z> | LAI | Model2:BH_negative_area | N high latitude | surface_relative | top100,Model2:BH_negative_area,0.0,,,%,product-specific ecology period,persistent vegetated land,partial correlation controlling tp+t2m+ssrd+rzsm+co2; AR(1) effective n; BH-FDR,as specified in source,531.0,output_TOP100_revision/results/ecology/Ecology_partial_correlations_summary_FINAL_v3.csv,98330bbb71c6cd927a11bcd961d77a7f8e13ce1c32f673ac97dd858de31d989b,,ecology,sensitivity,DIAGNOSTIC,FINAL_DIAGNOSTIC,0,
TOP100R000961,ecological partial correlation,ecological partial correlation | W-GPE | GPP | Model3:mean_partial_r | Global | surface_relative | top100,Model3:mean_partial_r,0.162762846160527,,,Partial r,product-specific ecology period,persistent vegetated land,partial correlation controlling tp+t2m+ssrd+rzsm+co2+vpd; AR(1) effective n; BH-FDR,as specified in source,17877.0,output_TOP100_revision/results/ecology/Ecology_partial_correlations_summary_FINAL_v3.csv,98330bbb71c6cd927a11bcd961d77a7f8e13ce1c32f673ac97dd858de31d989b,,ecology,sensitivity,DIAGNOSTIC,FINAL_DIAGNOSTIC,0.162762846160527,
TOP100R000962,ecological partial correlation,ecological partial correlation | W-GPE | GPP | Model3:BH_positive_area | Global | surface_relative | top100,Model3:BH_positive_area,47.4766612335856,,,%,product-specific ecology period,persistent vegetated land,partial correlation controlling tp+t2m+ssrd+rzsm+co2+vpd; AR(1) effective n; BH-FDR,as specified in source,17877.0,output_TOP100_revision/results/ecology/Ecology_partial_correlations_summary_FINAL_v3.csv,98330bbb71c6cd927a11bcd961d77a7f8e13ce1c32f673ac97dd858de31d989b,,ecology,sensitivity,DIAGNOSTIC,FINAL_DIAGNOSTIC,47.4766612335856,
TOP100R000963,ecological partial correlation,ecological partial correlation | W-GPE | GPP | Model3:BH_negative_area | Global | surface_relative | top100,Model3:BH_negative_area,2.61375999653443,,,%,product-specific ecology period,persistent vegetated land,partial correlation controlling tp+t2m+ssrd+rzsm+co2+vpd; AR(1) effective n; BH-FDR,as specified in source,17877.0,output_TOP100_revision/results/ecology/Ecology_partial_correlations_summary_FINAL_v3.csv,98330bbb71c6cd927a11bcd961d77a7f8e13ce1c32f673ac97dd858de31d989b,,ecology,sensitivity,DIAGNOSTIC,FINAL_DIAGNOSTIC,2.61375999653443,
TOP100R000964,ecological partial correlation,ecological partial correlation | W-GPE | GPP | Model3:mean_partial_r | S high latitude | surface_relative | top100,Model3:mean_partial_r,-0.0248354218349856,,,Partial r,product-specific ecology period,persistent vegetated land,partial correlation controlling tp+t2m+ssrd+rzsm+co2+vpd; AR(1) effective n; BH-FDR,as specified in source,22.0,output_TOP100_revision/results/ecology/Ecology_partial_correlations_summary_FINAL_v3.csv,98330bbb71c6cd927a11bcd961d77a7f8e13ce1c32f673ac97dd858de31d989b,,ecology,sensitivity,DIAGNOSTIC,FINAL_DIAGNOSTIC,-0.0248354218349856,
TOP100R000965,ecological partial correlation,ecological partial correlation | W-GPE | GPP | Model3:BH_positive_area | S high latitude | surface_relative | top100,Model3:BH_positive_area,0.0,,,%,product-specific ecology period,persistent vegetated land,partial correlation controlling tp+t2m+ssrd+rzsm+co2+vpd; AR(1) effective n; BH-FDR,as specified in source,22.0,output_TOP100_revision/results/ecology/Ecology_partial_correlations_summary_FINAL_v3.csv,98330bbb71c6cd927a11bcd961d77a7f8e13ce1c32f673ac97dd858de31d989b,,ecology,sensitivity,DIAGNOSTIC,FINAL_DIAGNOSTIC,0,
TOP100R000966,ecological partial correlation,ecological partial correlation | W-GPE | GPP | Model3:BH_negative_area | S high latitude | surface_relative | top100,Model3:BH_negative_area,3.12287198471536,,,%,product-specific ecology period,persistent vegetated land,partial correlation controlling tp+t2m+ssrd+rzsm+co2+vpd; AR(1) effective n; BH-FDR,as specified in source,22.0,output_TOP100_revision/results/ecology/Ecology_partial_correlations_summary_FINAL_v3.csv,98330bbb71c6cd927a11bcd961d77a7f8e13ce1c32f673ac97dd858de31d989b,,ecology,sensitivity,DIAGNOSTIC,FINAL_DIAGNOSTIC,3.12287198471536,
TOP100R000967,ecological partial correlation,ecological partial correlation | W-GPE | GPP | Model3:mean_partial_r | S temperate | surface_relative | top100,Model3:mean_partial_r,0.149671825620088,,,Partial r,product-specific ecology period,persistent vegetated land,partial correlation controlling tp+t2m+ssrd+rzsm+co2+vpd; AR(1) effective n; BH-FDR,as specified in source,1250.0,output_TOP100_revision/results/ecology/Ecology_partial_correlations_summary_FINAL_v3.csv,98330bbb71c6cd927a11bcd961d77a7f8e13ce1c32f673ac97dd858de31d989b,,ecology,sensitivity,DIAGNOSTIC,FINAL_DIAGNOSTIC,0.149671825620088,
TOP100R000968,ecological partial correlation,ecological partial correlation | W-GPE | GPP | Model3:BH_positive_area | S temperate | surface_relative | top100,Model3:BH_positive_area,39.9546038314595,,,%,product-specific ecology period,persistent vegetated land,partial correlation controlling tp+t2m+ssrd+rzsm+co2+vpd; AR(1) effective n; BH-FDR,as specified in source,1250.0,output_TOP100_revision/results/ecology/Ecology_partial_correlations_summary_FINAL_v3.csv,98330bbb71c6cd927a11bcd961d77a7f8e13ce1c32f673ac97dd858de31d989b,,ecology,sensitivity,DIAGNOSTIC,FINAL_DIAGNOSTIC,39.9546038314595,
TOP100R000969,ecological partial correlation,ecological partial correlation | W-GPE | GPP | Model3:BH_negative_area | S temperate | surface_relative | top100,Model3:BH_negative_area,2.04887865030278,,,%,product-specific ecology period,persistent vegetated land,partial correlation controlling tp+t2m+ssrd+rzsm+co2+vpd; AR(1) effective n; BH-FDR,as specified in source,1250.0,output_TOP100_revision/results/ecology/Ecology_partial_correlations_summary_FINAL_v3.csv,98330bbb71c6cd927a11bcd961d77a7f8e13ce1c32f673ac97dd858de31d989b,,ecology,sensitivity,DIAGNOSTIC,FINAL_DIAGNOSTIC,2.04887865030278,
TOP100R000970,ecological partial correlation,ecological partial correlation | W-GPE | GPP | Model3:mean_partial_r | Tropics | surface_relative | top100,Model3:mean_partial_r,0.207219347128373,,,Partial r,product-specific ecology period,persistent vegetated land,partial correlation controlling tp+t2m+ssrd+rzsm+co2+vpd; AR(1) effective n; BH-FDR,as specified in source,5202.0,output_TOP100_revision/results/ecology/Ecology_partial_correlations_summary_FINAL_v3.csv,98330bbb71c6cd927a11bcd961d77a7f8e13ce1c32f673ac97dd858de31d989b,,ecology,sensitivity,DIAGNOSTIC,FINAL_DIAGNOSTIC,0.207219347128373,
TOP100R000971,ecological partial correlation,ecological partial correlation | W-GPE | GPP | Model3:BH_positive_area | Tropics | surface_relative | top100,Model3:BH_positive_area,57.5551134653255,,,%,product-specific ecology period,persistent vegetated land,partial correlation controlling tp+t2m+ssrd+rzsm+co2+vpd; AR(1) effective n; BH-FDR,as specified in source,5202.0,output_TOP100_revision/results/ecology/Ecology_partial_correlations_summary_FINAL_v3.csv,98330bbb71c6cd927a11bcd961d77a7f8e13ce1c32f673ac97dd858de31d989b,,ecology,sensitivity,DIAGNOSTIC,FINAL_DIAGNOSTIC,57.5551134653255,
TOP100R000972,ecological partial correlation,ecological partial correlation | W-GPE | GPP | Model3:BH_negative_area | Tropics | surface_relative | top100,Model3:BH_negative_area,2.33513219626317,,,%,product-specific ecology period,persistent vegetated land,partial correlation controlling tp+t2m+ssrd+rzsm+co2+vpd; AR(1) effective n; BH-FDR,as specified in source,5202.0,output_TOP100_revision/results/ecology/Ecology_partial_correlations_summary_FINAL_v3.csv,98330bbb71c6cd927a11bcd961d77a7f8e13ce1c32f673ac97dd858de31d989b,,ecology,sensitivity,DIAGNOSTIC,FINAL_DIAGNOSTIC,2.33513219626317,
TOP100R000973,ecological partial correlation,ecological partial correlation | W-GPE | GPP | Model3:mean_partial_r | N temperate | surface_relative | top100,Model3:mean_partial_r,0.132202065109706,,,Partial r,product-specific ecology period,persistent vegetated land,partial correlation controlling tp+t2m+ssrd+rzsm+co2+vpd; AR(1) effective n; BH-FDR,as specified in source,9075.0,output_TOP100_revision/results/ecology/Ecology_partial_correlations_summary_FINAL_v3.csv,98330bbb71c6cd927a11bcd961d77a7f8e13ce1c32f673ac97dd858de31d989b,,ecology,sensitivity,DIAGNOSTIC,FINAL_DIAGNOSTIC,0.132202065109706,
TOP100R000974,ecological partial correlation,ecological partial correlation | W-GPE | GPP | Model3:BH_positive_area | N temperate | surface_relative | top100,Model3:BH_positive_area,40.4435116692107,,,%,product-specific ecology period,persistent vegetated land,partial correlation controlling tp+t2m+ssrd+rzsm+co2+vpd; AR(1) effective n; BH-FDR,as specified in source,9075.0,output_TOP100_revision/results/ecology/Ecology_partial_correlations_summary_FINAL_v3.csv,98330bbb71c6cd927a11bcd961d77a7f8e13ce1c32f673ac97dd858de31d989b,,ecology,sensitivity,DIAGNOSTIC,FINAL_DIAGNOSTIC,40.4435116692107,
TOP100R000975,ecological partial correlation,ecological partial correlation | W-GPE | GPP | Model3:BH_negative_area | N temperate | surface_relative | top100,Model3:BH_negative_area,2.67649538577014,,,%,product-specific ecology period,persistent vegetated land,partial correlation controlling tp+t2m+ssrd+rzsm+co2+vpd; AR(1) effective n; BH-FDR,as specified in source,9075.0,output_TOP100_revision/results/ecology/Ecology_partial_correlations_summary_FINAL_v3.csv,98330bbb71c6cd927a11bcd961d77a7f8e13ce1c32f673ac97dd858de31d989b,,ecology,sensitivity,DIAGNOSTIC,FINAL_DIAGNOSTIC,2.67649538577014,
TOP100R000976,ecological partial correlation,ecological partial correlation | W-GPE | GPP | Model3:mean_partial_r | N high latitude | surface_relative | top100,Model3:mean_partial_r,0.120752705927681,,,Partial r,product-specific ecology period,persistent vegetated land,partial correlation controlling tp+t2m+ssrd+rzsm+co2+vpd; AR(1) effective n; BH-FDR,as specified in source,2328.0,output_TOP100_revision/results/ecology/Ecology_partial_correlations_summary_FINAL_v3.csv,98330bbb71c6cd927a11bcd961d77a7f8e13ce1c32f673ac97dd858de31d989b,,ecology,sensitivity,DIAGNOSTIC,FINAL_DIAGNOSTIC,0.120752705927681,
TOP100R000977,ecological partial correlation,ecological partial correlation | W-GPE | GPP | Model3:BH_positive_area | N high latitude | surface_relative | top100,Model3:BH_positive_area,45.8292401714895,,,%,product-specific ecology period,persistent vegetated land,partial correlation controlling tp+t2m+ssrd+rzsm+co2+vpd; AR(1) effective n; BH-FDR,as specified in source,2328.0,output_TOP100_revision/results/ecology/Ecology_partial_correlations_summary_FINAL_v3.csv,98330bbb71c6cd927a11bcd961d77a7f8e13ce1c32f673ac97dd858de31d989b,,ecology,sensitivity,DIAGNOSTIC,FINAL_DIAGNOSTIC,45.8292401714895,
TOP100R000978,ecological partial correlation,ecological partial correlation | W-GPE | GPP | Model3:BH_negative_area | N high latitude | surface_relative | top100,Model3:BH_negative_area,4.99389130620339,,,%,product-specific ecology period,persistent vegetated land,partial correlation controlling tp+t2m+ssrd+rzsm+co2+vpd; AR(1) effective n; BH-FDR,as specified in source,2328.0,output_TOP100_revision/results/ecology/Ecology_partial_correlations_summary_FINAL_v3.csv,98330bbb71c6cd927a11bcd961d77a7f8e13ce1c32f673ac97dd858de31d989b,,ecology,sensitivity,DIAGNOSTIC,FINAL_DIAGNOSTIC,4.99389130620339,
TOP100R000979,ecological partial correlation,ecological partial correlation | <z> | GPP | Model3:mean_partial_r | Global | surface_relative | top100,Model3:mean_partial_r,-0.0088447674838457,,,Partial r,product-specific ecology period,persistent vegetated land,partial correlation controlling tp+t2m+ssrd+rzsm+co2+vpd; AR(1) effective n; BH-FDR,as specified in source,17877.0,output_TOP100_revision/results/ecology/Ecology_partial_correlations_summary_FINAL_v3.csv,98330bbb71c6cd927a11bcd961d77a7f8e13ce1c32f673ac97dd858de31d989b,,ecology,sensitivity,DIAGNOSTIC,FINAL_DIAGNOSTIC,-0.0088447674838457,
TOP100R000980,ecological partial correlation,ecological partial correlation | <z> | GPP | Model3:BH_positive_area | Global | surface_relative | top100,Model3:BH_positive_area,9.39022766129718,,,%,product-specific ecology period,persistent vegetated land,partial correlation controlling tp+t2m+ssrd+rzsm+co2+vpd; AR(1) effective n; BH-FDR,as specified in source,17877.0,output_TOP100_revision/results/ecology/Ecology_partial_correlations_summary_FINAL_v3.csv,98330bbb71c6cd927a11bcd961d77a7f8e13ce1c32f673ac97dd858de31d989b,,ecology,sensitivity,DIAGNOSTIC,FINAL_DIAGNOSTIC,9.39022766129718,
TOP100R000981,ecological partial correlation,ecological partial correlation | <z> | GPP | Model3:BH_negative_area | Global | surface_relative | top100,Model3:BH_negative_area,11.1237313013008,,,%,product-specific ecology period,persistent vegetated land,partial correlation controlling tp+t2m+ssrd+rzsm+co2+vpd; AR(1) effective n; BH-FDR,as specified in source,17877.0,output_TOP100_revision/results/ecology/Ecology_partial_correlations_summary_FINAL_v3.csv,98330bbb71c6cd927a11bcd961d77a7f8e13ce1c32f673ac97dd858de31d989b,,ecology,sensitivity,DIAGNOSTIC,FINAL_DIAGNOSTIC,11.1237313013008,
TOP100R000982,ecological partial correlation,ecological partial correlation | <z> | GPP | Model3:mean_partial_r | S high latitude | surface_relative | top100,Model3:mean_partial_r,0.0196250809067921,,,Partial r,product-specific ecology period,persistent vegetated land,partial correlation controlling tp+t2m+ssrd+rzsm+co2+vpd; AR(1) effective n; BH-FDR,as specified in source,22.0,output_TOP100_revision/results/ecology/Ecology_partial_correlations_summary_FINAL_v3.csv,98330bbb71c6cd927a11bcd961d77a7f8e13ce1c32f673ac97dd858de31d989b,,ecology,sensitivity,DIAGNOSTIC,FINAL_DIAGNOSTIC,0.0196250809067921,
TOP100R000983,ecological partial correlation,ecological partial correlation | <z> | GPP | Model3:BH_positive_area | S high latitude | surface_relative | top100,Model3:BH_positive_area,0.0,,,%,product-specific ecology period,persistent vegetated land,partial correlation controlling tp+t2m+ssrd+rzsm+co2+vpd; AR(1) effective n; BH-FDR,as specified in source,22.0,output_TOP100_revision/results/ecology/Ecology_partial_correlations_summary_FINAL_v3.csv,98330bbb71c6cd927a11bcd961d77a7f8e13ce1c32f673ac97dd858de31d989b,,ecology,sensitivity,DIAGNOSTIC,FINAL_DIAGNOSTIC,0,
TOP100R000984,ecological partial correlation,ecological partial correlation | <z> | GPP | Model3:BH_negative_area | S high latitude | surface_relative | top100,Model3:BH_negative_area,0.0,,,%,product-specific ecology period,persistent vegetated land,partial correlation controlling tp+t2m+ssrd+rzsm+co2+vpd; AR(1) effective n; BH-FDR,as specified in source,22.0,output_TOP100_revision/results/ecology/Ecology_partial_correlations_summary_FINAL_v3.csv,98330bbb71c6cd927a11bcd961d77a7f8e13ce1c32f673ac97dd858de31d989b,,ecology,sensitivity,DIAGNOSTIC,FINAL_DIAGNOSTIC,0,
TOP100R000985,ecological partial correlation,ecological partial correlation | <z> | GPP | Model3:mean_partial_r | S temperate | surface_relative | top100,Model3:mean_partial_r,-0.0796524146183088,,,Partial r,product-specific ecology period,persistent vegetated land,partial correlation controlling tp+t2m+ssrd+rzsm+co2+vpd; AR(1) effective n; BH-FDR,as specified in source,1250.0,output_TOP100_revision/results/ecology/Ecology_partial_correlations_summary_FINAL_v3.csv,98330bbb71c6cd927a11bcd961d77a7f8e13ce1c32f673ac97dd858de31d989b,,ecology,sensitivity,DIAGNOSTIC,FINAL_DIAGNOSTIC,-0.0796524146183088,
TOP100R000986,ecological partial correlation,ecological partial correlation | <z> | GPP | Model3:BH_positive_area | S temperate | surface_relative | top100,Model3:BH_positive_area,0.780572939235165,,,%,product-specific ecology period,persistent vegetated land,partial correlation controlling tp+t2m+ssrd+rzsm+co2+vpd; AR(1) effective n; BH-FDR,as specified in source,1250.0,output_TOP100_revision/results/ecology/Ecology_partial_correlations_summary_FINAL_v3.csv,98330bbb71c6cd927a11bcd961d77a7f8e13ce1c32f673ac97dd858de31d989b,,ecology,sensitivity,DIAGNOSTIC,FINAL_DIAGNOSTIC,0.780572939235165,
TOP100R000987,ecological partial correlation,ecological partial correlation | <z> | GPP | Model3:BH_negative_area | S temperate | surface_relative | top100,Model3:BH_negative_area,27.3701575045299,,,%,product-specific ecology period,persistent vegetated land,partial correlation controlling tp+t2m+ssrd+rzsm+co2+vpd; AR(1) effective n; BH-FDR,as specified in source,1250.0,output_TOP100_revision/results/ecology/Ecology_partial_correlations_summary_FINAL_v3.csv,98330bbb71c6cd927a11bcd961d77a7f8e13ce1c32f673ac97dd858de31d989b,,ecology,sensitivity,DIAGNOSTIC,FINAL_DIAGNOSTIC,27.3701575045299,
TOP100R000988,ecological partial correlation,ecological partial correlation | <z> | GPP | Model3:mean_partial_r | Tropics | surface_relative | top100,Model3:mean_partial_r,0.0456012902913836,,,Partial r,product-specific ecology period,persistent vegetated land,partial correlation controlling tp+t2m+ssrd+rzsm+co2+vpd; AR(1) effective n; BH-FDR,as specified in source,5202.0,output_TOP100_revision/results/ecology/Ecology_partial_correlations_summary_FINAL_v3.csv,98330bbb71c6cd927a11bcd961d77a7f8e13ce1c32f673ac97dd858de31d989b,,ecology,sensitivity,DIAGNOSTIC,FINAL_DIAGNOSTIC,0.0456012902913836,
TOP100R000989,ecological partial correlation,ecological partial correlation | <z> | GPP | Model3:BH_positive_area | Tropics | surface_relative | top100,Model3:BH_positive_area,20.8190808127639,,,%,product-specific ecology period,persistent vegetated land,partial correlation controlling tp+t2m+ssrd+rzsm+co2+vpd; AR(1) effective n; BH-FDR,as specified in source,5202.0,output_TOP100_revision/results/ecology/Ecology_partial_correlations_summary_FINAL_v3.csv,98330bbb71c6cd927a11bcd961d77a7f8e13ce1c32f673ac97dd858de31d989b,,ecology,sensitivity,DIAGNOSTIC,FINAL_DIAGNOSTIC,20.8190808127639,
TOP100R000990,ecological partial correlation,ecological partial correlation | <z> | GPP | Model3:BH_negative_area | Tropics | surface_relative | top100,Model3:BH_negative_area,4.83544864949008,,,%,product-specific ecology period,persistent vegetated land,partial correlation controlling tp+t2m+ssrd+rzsm+co2+vpd; AR(1) effective n; BH-FDR,as specified in source,5202.0,output_TOP100_revision/results/ecology/Ecology_partial_correlations_summary_FINAL_v3.csv,98330bbb71c6cd927a11bcd961d77a7f8e13ce1c32f673ac97dd858de31d989b,,ecology,sensitivity,DIAGNOSTIC,FINAL_DIAGNOSTIC,4.83544864949008,
TOP100R000991,ecological partial correlation,ecological partial correlation | <z> | GPP | Model3:mean_partial_r | N temperate | surface_relative | top100,Model3:mean_partial_r,-0.0439312140004085,,,Partial r,product-specific ecology period,persistent vegetated land,partial correlation controlling tp+t2m+ssrd+rzsm+co2+vpd; AR(1) effective n; BH-FDR,as specified in source,9075.0,output_TOP100_revision/results/ecology/Ecology_partial_correlations_summary_FINAL_v3.csv,98330bbb71c6cd927a11bcd961d77a7f8e13ce1c32f673ac97dd858de31d989b,,ecology,sensitivity,DIAGNOSTIC,FINAL_DIAGNOSTIC,-0.0439312140004085,
TOP100R000992,ecological partial correlation,ecological partial correlation | <z> | GPP | Model3:BH_positive_area | N temperate | surface_relative | top100,Model3:BH_positive_area,2.24890024096328,,,%,product-specific ecology period,persistent vegetated land,partial correlation controlling tp+t2m+ssrd+rzsm+co2+vpd; AR(1) effective n; BH-FDR,as specified in source,9075.0,output_TOP100_revision/results/ecology/Ecology_partial_correlations_summary_FINAL_v3.csv,98330bbb71c6cd927a11bcd961d77a7f8e13ce1c32f673ac97dd858de31d989b,,ecology,sensitivity,DIAGNOSTIC,FINAL_DIAGNOSTIC,2.24890024096328,
TOP100R000993,ecological partial correlation,ecological partial correlation | <z> | GPP | Model3:BH_negative_area | N temperate | surface_relative | top100,Model3:BH_negative_area,14.8982669970448,,,%,product-specific ecology period,persistent vegetated land,partial correlation controlling tp+t2m+ssrd+rzsm+co2+vpd; AR(1) effective n; BH-FDR,as specified in source,9075.0,output_TOP100_revision/results/ecology/Ecology_partial_correlations_summary_FINAL_v3.csv,98330bbb71c6cd927a11bcd961d77a7f8e13ce1c32f673ac97dd858de31d989b,,ecology,sensitivity,DIAGNOSTIC,FINAL_DIAGNOSTIC,14.8982669970448,
TOP100R000994,ecological partial correlation,ecological partial correlation | <z> | GPP | Model3:mean_partial_r | N high latitude | surface_relative | top100,Model3:mean_partial_r,0.001421327436063,,,Partial r,product-specific ecology period,persistent vegetated land,partial correlation controlling tp+t2m+ssrd+rzsm+co2+vpd; AR(1) effective n; BH-FDR,as specified in source,2328.0,output_TOP100_revision/results/ecology/Ecology_partial_correlations_summary_FINAL_v3.csv,98330bbb71c6cd927a11bcd961d77a7f8e13ce1c32f673ac97dd858de31d989b,,ecology,sensitivity,DIAGNOSTIC,FINAL_DIAGNOSTIC,0.001421327436063,
TOP100R000995,ecological partial correlation,ecological partial correlation | <z> | GPP | Model3:BH_positive_area | N high latitude | surface_relative | top100,Model3:BH_positive_area,0.131861729656007,,,%,product-specific ecology period,persistent vegetated land,partial correlation controlling tp+t2m+ssrd+rzsm+co2+vpd; AR(1) effective n; BH-FDR,as specified in source,2328.0,output_TOP100_revision/results/ecology/Ecology_partial_correlations_summary_FINAL_v3.csv,98330bbb71c6cd927a11bcd961d77a7f8e13ce1c32f673ac97dd858de31d989b,,ecology,sensitivity,DIAGNOSTIC,FINAL_DIAGNOSTIC,0.131861729656007,
TOP100R000996,ecological partial correlation,ecological partial correlation | <z> | GPP | Model3:BH_negative_area | N high latitude | surface_relative | top100,Model3:BH_negative_area,0.122365428201413,,,%,product-specific ecology period,persistent vegetated land,partial correlation controlling tp+t2m+ssrd+rzsm+co2+vpd; AR(1) effective n; BH-FDR,as specified in source,2328.0,output_TOP100_revision/results/ecology/Ecology_partial_correlations_summary_FINAL_v3.csv,98330bbb71c6cd927a11bcd961d77a7f8e13ce1c32f673ac97dd858de31d989b,,ecology,sensitivity,DIAGNOSTIC,FINAL_DIAGNOSTIC,0.122365428201413,
TOP100R000997,ecological partial correlation,ecological partial correlation | W-GPE | LAI | Model3:mean_partial_r | Global | surface_relative | top100,Model3:mean_partial_r,0.101295502300542,,,Partial r,product-specific ecology period,persistent vegetated land,partial correlation controlling tp+t2m+ssrd+rzsm+co2+vpd; AR(1) effective n; BH-FDR,as specified in source,5989.0,output_TOP100_revision/results/ecology/Ecology_partial_correlations_summary_FINAL_v3.csv,98330bbb71c6cd927a11bcd961d77a7f8e13ce1c32f673ac97dd858de31d989b,,ecology,sensitivity,DIAGNOSTIC,FINAL_DIAGNOSTIC,0.101295502300542,
TOP100R000998,ecological partial correlation,ecological partial correlation | W-GPE | LAI | Model3:BH_positive_area | Global | surface_relative | top100,Model3:BH_positive_area,22.1522876415981,,,%,product-specific ecology period,persistent vegetated land,partial correlation controlling tp+t2m+ssrd+rzsm+co2+vpd; AR(1) effective n; BH-FDR,as specified in source,5989.0,output_TOP100_revision/results/ecology/Ecology_partial_correlations_summary_FINAL_v3.csv,98330bbb71c6cd927a11bcd961d77a7f8e13ce1c32f673ac97dd858de31d989b,,ecology,sensitivity,DIAGNOSTIC,FINAL_DIAGNOSTIC,22.1522876415981,
TOP100R000999,ecological partial correlation,ecological partial correlation | W-GPE | LAI | Model3:BH_negative_area | Global | surface_relative | top100,Model3:BH_negative_area,0.743881511757984,,,%,product-specific ecology period,persistent vegetated land,partial correlation controlling tp+t2m+ssrd+rzsm+co2+vpd; AR(1) effective n; BH-FDR,as specified in source,5989.0,output_TOP100_revision/results/ecology/Ecology_partial_correlations_summary_FINAL_v3.csv,98330bbb71c6cd927a11bcd961d77a7f8e13ce1c32f673ac97dd858de31d989b,,ecology,sensitivity,DIAGNOSTIC,FINAL_DIAGNOSTIC,0.743881511757984,
TOP100R001000,ecological partial correlation,ecological partial correlation | W-GPE | LAI | Model3:mean_partial_r | S temperate | surface_relative | top100,Model3:mean_partial_r,0.119866017380843,,,Partial r,product-specific ecology period,persistent vegetated land,partial correlation controlling tp+t2m+ssrd+rzsm+co2+vpd; AR(1) effective n; BH-FDR,as specified in source,499.0,output_TOP100_revision/results/ecology/Ecology_partial_correlations_summary_FINAL_v3.csv,98330bbb71c6cd927a11bcd961d77a7f8e13ce1c32f673ac97dd858de31d989b,,ecology,sensitivity,DIAGNOSTIC,FINAL_DIAGNOSTIC,0.119866017380843,
TOP100R001001,ecological partial correlation,ecological partial correlation | W-GPE | LAI | Model3:BH_positive_area | S temperate | surface_relative | top100,Model3:BH_positive_area,33.9734432203374,,,%,product-specific ecology period,persistent vegetated land,partial correlation controlling tp+t2m+ssrd+rzsm+co2+vpd; AR(1) effective n; BH-FDR,as specified in source,499.0,output_TOP100_revision/results/ecology/Ecology_partial_correlations_summary_FINAL_v3.csv,98330bbb71c6cd927a11bcd961d77a7f8e13ce1c32f673ac97dd858de31d989b,,ecology,sensitivity,DIAGNOSTIC,FINAL_DIAGNOSTIC,33.9734432203374,
TOP100R001002,ecological partial correlation,ecological partial correlation | W-GPE | LAI | Model3:BH_negative_area | S temperate | surface_relative | top100,Model3:BH_negative_area,0.0,,,%,product-specific ecology period,persistent vegetated land,partial correlation controlling tp+t2m+ssrd+rzsm+co2+vpd; AR(1) effective n; BH-FDR,as specified in source,499.0,output_TOP100_revision/results/ecology/Ecology_partial_correlations_summary_FINAL_v3.csv,98330bbb71c6cd927a11bcd961d77a7f8e13ce1c32f673ac97dd858de31d989b,,ecology,sensitivity,DIAGNOSTIC,FINAL_DIAGNOSTIC,0,
TOP100R001003,ecological partial correlation,ecological partial correlation | W-GPE | LAI | Model3:mean_partial_r | Tropics | surface_relative | top100,Model3:mean_partial_r,0.145963198913201,,,Partial r,product-specific ecology period,persistent vegetated land,partial correlation controlling tp+t2m+ssrd+rzsm+co2+vpd; AR(1) effective n; BH-FDR,as specified in source,1044.0,output_TOP100_revision/results/ecology/Ecology_partial_correlations_summary_FINAL_v3.csv,98330bbb71c6cd927a11bcd961d77a7f8e13ce1c32f673ac97dd858de31d989b,,ecology,sensitivity,DIAGNOSTIC,FINAL_DIAGNOSTIC,0.145963198913201,
TOP100R001004,ecological partial correlation,ecological partial correlation | W-GPE | LAI | Model3:BH_positive_area | Tropics | surface_relative | top100,Model3:BH_positive_area,27.9520434872877,,,%,product-specific ecology period,persistent vegetated land,partial correlation controlling tp+t2m+ssrd+rzsm+co2+vpd; AR(1) effective n; BH-FDR,as specified in source,1044.0,output_TOP100_revision/results/ecology/Ecology_partial_correlations_summary_FINAL_v3.csv,98330bbb71c6cd927a11bcd961d77a7f8e13ce1c32f673ac97dd858de31d989b,,ecology,sensitivity,DIAGNOSTIC,FINAL_DIAGNOSTIC,27.9520434872877,
TOP100R001005,ecological partial correlation,ecological partial correlation | W-GPE | LAI | Model3:BH_negative_area | Tropics | surface_relative | top100,Model3:BH_negative_area,0.841583957221159,,,%,product-specific ecology period,persistent vegetated land,partial correlation controlling tp+t2m+ssrd+rzsm+co2+vpd; AR(1) effective n; BH-FDR,as specified in source,1044.0,output_TOP100_revision/results/ecology/Ecology_partial_correlations_summary_FINAL_v3.csv,98330bbb71c6cd927a11bcd961d77a7f8e13ce1c32f673ac97dd858de31d989b,,ecology,sensitivity,DIAGNOSTIC,FINAL_DIAGNOSTIC,0.841583957221159,
TOP100R001006,ecological partial correlation,ecological partial correlation | W-GPE | LAI | Model3:mean_partial_r | N temperate | surface_relative | top100,Model3:mean_partial_r,0.0749819870654602,,,Partial r,product-specific ecology period,persistent vegetated land,partial correlation controlling tp+t2m+ssrd+rzsm+co2+vpd; AR(1) effective n; BH-FDR,as specified in source,3915.0,output_TOP100_revision/results/ecology/Ecology_partial_correlations_summary_FINAL_v3.csv,98330bbb71c6cd927a11bcd961d77a7f8e13ce1c32f673ac97dd858de31d989b,,ecology,sensitivity,DIAGNOSTIC,FINAL_DIAGNOSTIC,0.0749819870654602,
TOP100R001007,ecological partial correlation,ecological partial correlation | W-GPE | LAI | Model3:BH_positive_area | N temperate | surface_relative | top100,Model3:BH_positive_area,15.5127272844824,,,%,product-specific ecology period,persistent vegetated land,partial correlation controlling tp+t2m+ssrd+rzsm+co2+vpd; AR(1) effective n; BH-FDR,as specified in source,3915.0,output_TOP100_revision/results/ecology/Ecology_partial_correlations_summary_FINAL_v3.csv,98330bbb71c6cd927a11bcd961d77a7f8e13ce1c32f673ac97dd858de31d989b,,ecology,sensitivity,DIAGNOSTIC,FINAL_DIAGNOSTIC,15.5127272844824,
TOP100R001008,ecological partial correlation,ecological partial correlation | W-GPE | LAI | Model3:BH_negative_area | N temperate | surface_relative | top100,Model3:BH_negative_area,0.739661417083372,,,%,product-specific ecology period,persistent vegetated land,partial correlation controlling tp+t2m+ssrd+rzsm+co2+vpd; AR(1) effective n; BH-FDR,as specified in source,3915.0,output_TOP100_revision/results/ecology/Ecology_partial_correlations_summary_FINAL_v3.csv,98330bbb71c6cd927a11bcd961d77a7f8e13ce1c32f673ac97dd858de31d989b,,ecology,sensitivity,DIAGNOSTIC,FINAL_DIAGNOSTIC,0.739661417083372,
TOP100R001009,ecological partial correlation,ecological partial correlation | W-GPE | LAI | Model3:mean_partial_r | N high latitude | surface_relative | top100,Model3:mean_partial_r,0.152875064472297,,,Partial r,product-specific ecology period,persistent vegetated land,partial correlation controlling tp+t2m+ssrd+rzsm+co2+vpd; AR(1) effective n; BH-FDR,as specified in source,531.0,output_TOP100_revision/results/ecology/Ecology_partial_correlations_summary_FINAL_v3.csv,98330bbb71c6cd927a11bcd961d77a7f8e13ce1c32f673ac97dd858de31d989b,,ecology,sensitivity,DIAGNOSTIC,FINAL_DIAGNOSTIC,0.152875064472297,
TOP100R001010,ecological partial correlation,ecological partial correlation | W-GPE | LAI | Model3:BH_positive_area | N high latitude | surface_relative | top100,Model3:BH_positive_area,48.1792677376434,,,%,product-specific ecology period,persistent vegetated land,partial correlation controlling tp+t2m+ssrd+rzsm+co2+vpd; AR(1) effective n; BH-FDR,as specified in source,531.0,output_TOP100_revision/results/ecology/Ecology_partial_correlations_summary_FINAL_v3.csv,98330bbb71c6cd927a11bcd961d77a7f8e13ce1c32f673ac97dd858de31d989b,,ecology,sensitivity,DIAGNOSTIC,FINAL_DIAGNOSTIC,48.1792677376434,
TOP100R001011,ecological partial correlation,ecological partial correlation | W-GPE | LAI | Model3:BH_negative_area | N high latitude | surface_relative | top100,Model3:BH_negative_area,1.98549458916975,,,%,product-specific ecology period,persistent vegetated land,partial correlation controlling tp+t2m+ssrd+rzsm+co2+vpd; AR(1) effective n; BH-FDR,as specified in source,531.0,output_TOP100_revision/results/ecology/Ecology_partial_correlations_summary_FINAL_v3.csv,98330bbb71c6cd927a11bcd961d77a7f8e13ce1c32f673ac97dd858de31d989b,,ecology,sensitivity,DIAGNOSTIC,FINAL_DIAGNOSTIC,1.98549458916975,
TOP100R001012,ecological partial correlation,ecological partial correlation | <z> | LAI | Model3:mean_partial_r | Global | surface_relative | top100,Model3:mean_partial_r,-0.0364015425258034,,,Partial r,product-specific ecology period,persistent vegetated land,partial correlation controlling tp+t2m+ssrd+rzsm+co2+vpd; AR(1) effective n; BH-FDR,as specified in source,5989.0,output_TOP100_revision/results/ecology/Ecology_partial_correlations_summary_FINAL_v3.csv,98330bbb71c6cd927a11bcd961d77a7f8e13ce1c32f673ac97dd858de31d989b,,ecology,sensitivity,DIAGNOSTIC,FINAL_DIAGNOSTIC,-0.0364015425258034,
TOP100R001013,ecological partial correlation,ecological partial correlation | <z> | LAI | Model3:BH_positive_area | Global | surface_relative | top100,Model3:BH_positive_area,1.82055647154547,,,%,product-specific ecology period,persistent vegetated land,partial correlation controlling tp+t2m+ssrd+rzsm+co2+vpd; AR(1) effective n; BH-FDR,as specified in source,5989.0,output_TOP100_revision/results/ecology/Ecology_partial_correlations_summary_FINAL_v3.csv,98330bbb71c6cd927a11bcd961d77a7f8e13ce1c32f673ac97dd858de31d989b,,ecology,sensitivity,DIAGNOSTIC,FINAL_DIAGNOSTIC,1.82055647154547,
TOP100R001014,ecological partial correlation,ecological partial correlation | <z> | LAI | Model3:BH_negative_area | Global | surface_relative | top100,Model3:BH_negative_area,7.33086835048897,,,%,product-specific ecology period,persistent vegetated land,partial correlation controlling tp+t2m+ssrd+rzsm+co2+vpd; AR(1) effective n; BH-FDR,as specified in source,5989.0,output_TOP100_revision/results/ecology/Ecology_partial_correlations_summary_FINAL_v3.csv,98330bbb71c6cd927a11bcd961d77a7f8e13ce1c32f673ac97dd858de31d989b,,ecology,sensitivity,DIAGNOSTIC,FINAL_DIAGNOSTIC,7.33086835048897,
TOP100R001015,ecological partial correlation,ecological partial correlation | <z> | LAI | Model3:mean_partial_r | S temperate | surface_relative | top100,Model3:mean_partial_r,-0.14965633245394,,,Partial r,product-specific ecology period,persistent vegetated land,partial correlation controlling tp+t2m+ssrd+rzsm+co2+vpd; AR(1) effective n; BH-FDR,as specified in source,499.0,output_TOP100_revision/results/ecology/Ecology_partial_correlations_summary_FINAL_v3.csv,98330bbb71c6cd927a11bcd961d77a7f8e13ce1c32f673ac97dd858de31d989b,,ecology,sensitivity,DIAGNOSTIC,FINAL_DIAGNOSTIC,-0.14965633245394,
TOP100R001016,ecological partial correlation,ecological partial correlation | <z> | LAI | Model3:BH_positive_area | S temperate | surface_relative | top100,Model3:BH_positive_area,0.184620332342705,,,%,product-specific ecology period,persistent vegetated land,partial correlation controlling tp+t2m+ssrd+rzsm+co2+vpd; AR(1) effective n; BH-FDR,as specified in source,499.0,output_TOP100_revision/results/ecology/Ecology_partial_correlations_summary_FINAL_v3.csv,98330bbb71c6cd927a11bcd961d77a7f8e13ce1c32f673ac97dd858de31d989b,,ecology,sensitivity,DIAGNOSTIC,FINAL_DIAGNOSTIC,0.184620332342705,
TOP100R001017,ecological partial correlation,ecological partial correlation | <z> | LAI | Model3:BH_negative_area | S temperate | surface_relative | top100,Model3:BH_negative_area,35.463191286119,,,%,product-specific ecology period,persistent vegetated land,partial correlation controlling tp+t2m+ssrd+rzsm+co2+vpd; AR(1) effective n; BH-FDR,as specified in source,499.0,output_TOP100_revision/results/ecology/Ecology_partial_correlations_summary_FINAL_v3.csv,98330bbb71c6cd927a11bcd961d77a7f8e13ce1c32f673ac97dd858de31d989b,,ecology,sensitivity,DIAGNOSTIC,FINAL_DIAGNOSTIC,35.463191286119,
TOP100R001018,ecological partial correlation,ecological partial correlation | <z> | LAI | Model3:mean_partial_r | Tropics | surface_relative | top100,Model3:mean_partial_r,-0.0479657498970611,,,Partial r,product-specific ecology period,persistent vegetated land,partial correlation controlling tp+t2m+ssrd+rzsm+co2+vpd; AR(1) effective n; BH-FDR,as specified in source,1044.0,output_TOP100_revision/results/ecology/Ecology_partial_correlations_summary_FINAL_v3.csv,98330bbb71c6cd927a11bcd961d77a7f8e13ce1c32f673ac97dd858de31d989b,,ecology,sensitivity,DIAGNOSTIC,FINAL_DIAGNOSTIC,-0.0479657498970611,
TOP100R001019,ecological partial correlation,ecological partial correlation | <z> | LAI | Model3:BH_positive_area | Tropics | surface_relative | top100,Model3:BH_positive_area,5.83009455998371,,,%,product-specific ecology period,persistent vegetated land,partial correlation controlling tp+t2m+ssrd+rzsm+co2+vpd; AR(1) effective n; BH-FDR,as specified in source,1044.0,output_TOP100_revision/results/ecology/Ecology_partial_correlations_summary_FINAL_v3.csv,98330bbb71c6cd927a11bcd961d77a7f8e13ce1c32f673ac97dd858de31d989b,,ecology,sensitivity,DIAGNOSTIC,FINAL_DIAGNOSTIC,5.83009455998371,
TOP100R001020,ecological partial correlation,ecological partial correlation | <z> | LAI | Model3:BH_negative_area | Tropics | surface_relative | top100,Model3:BH_negative_area,9.16842473092929,,,%,product-specific ecology period,persistent vegetated land,partial correlation controlling tp+t2m+ssrd+rzsm+co2+vpd; AR(1) effective n; BH-FDR,as specified in source,1044.0,output_TOP100_revision/results/ecology/Ecology_partial_correlations_summary_FINAL_v3.csv,98330bbb71c6cd927a11bcd961d77a7f8e13ce1c32f673ac97dd858de31d989b,,ecology,sensitivity,DIAGNOSTIC,FINAL_DIAGNOSTIC,9.16842473092929,
TOP100R001021,ecological partial correlation,ecological partial correlation | <z> | LAI | Model3:mean_partial_r | N temperate | surface_relative | top100,Model3:mean_partial_r,-0.016267767698804,,,Partial r,product-specific ecology period,persistent vegetated land,partial correlation controlling tp+t2m+ssrd+rzsm+co2+vpd; AR(1) effective n; BH-FDR,as specified in source,3915.0,output_TOP100_revision/results/ecology/Ecology_partial_correlations_summary_FINAL_v3.csv,98330bbb71c6cd927a11bcd961d77a7f8e13ce1c32f673ac97dd858de31d989b,,ecology,sensitivity,DIAGNOSTIC,FINAL_DIAGNOSTIC,-0.016267767698804,
TOP100R001022,ecological partial correlation,ecological partial correlation | <z> | LAI | Model3:BH_positive_area | N temperate | surface_relative | top100,Model3:BH_positive_area,0.548107584307082,,,%,product-specific ecology period,persistent vegetated land,partial correlation controlling tp+t2m+ssrd+rzsm+co2+vpd; AR(1) effective n; BH-FDR,as specified in source,3915.0,output_TOP100_revision/results/ecology/Ecology_partial_correlations_summary_FINAL_v3.csv,98330bbb71c6cd927a11bcd961d77a7f8e13ce1c32f673ac97dd858de31d989b,,ecology,sensitivity,DIAGNOSTIC,FINAL_DIAGNOSTIC,0.548107584307082,
TOP100R001023,ecological partial correlation,ecological partial correlation | <z> | LAI | Model3:BH_negative_area | N temperate | surface_relative | top100,Model3:BH_negative_area,2.03574746875525,,,%,product-specific ecology period,persistent vegetated land,partial correlation controlling tp+t2m+ssrd+rzsm+co2+vpd; AR(1) effective n; BH-FDR,as specified in source,3915.0,output_TOP100_revision/results/ecology/Ecology_partial_correlations_summary_FINAL_v3.csv,98330bbb71c6cd927a11bcd961d77a7f8e13ce1c32f673ac97dd858de31d989b,,ecology,sensitivity,DIAGNOSTIC,FINAL_DIAGNOSTIC,2.03574746875525,
TOP100R001024,ecological partial correlation,ecological partial correlation | <z> | LAI | Model3:mean_partial_r | N high latitude | surface_relative | top100,Model3:mean_partial_r,0.0305968080912019,,,Partial r,product-specific ecology period,persistent vegetated land,partial correlation controlling tp+t2m+ssrd+rzsm+co2+vpd; AR(1) effective n; BH-FDR,as specified in source,531.0,output_TOP100_revision/results/ecology/Ecology_partial_correlations_summary_FINAL_v3.csv,98330bbb71c6cd927a11bcd961d77a7f8e13ce1c32f673ac97dd858de31d989b,,ecology,sensitivity,DIAGNOSTIC,FINAL_DIAGNOSTIC,0.0305968080912019,
TOP100R001025,ecological partial correlation,ecological partial correlation | <z> | LAI | Model3:BH_positive_area | N high latitude | surface_relative | top100,Model3:BH_positive_area,0.196499712083,,,%,product-specific ecology period,persistent vegetated land,partial correlation controlling tp+t2m+ssrd+rzsm+co2+vpd; AR(1) effective n; BH-FDR,as specified in source,531.0,output_TOP100_revision/results/ecology/Ecology_partial_correlations_summary_FINAL_v3.csv,98330bbb71c6cd927a11bcd961d77a7f8e13ce1c32f673ac97dd858de31d989b,,ecology,sensitivity,DIAGNOSTIC,FINAL_DIAGNOSTIC,0.196499712083,
TOP100R001026,ecological partial correlation,ecological partial correlation | <z> | LAI | Model3:BH_negative_area | N high latitude | surface_relative | top100,Model3:BH_negative_area,0.0,,,%,product-specific ecology period,persistent vegetated land,partial correlation controlling tp+t2m+ssrd+rzsm+co2+vpd; AR(1) effective n; BH-FDR,as specified in source,531.0,output_TOP100_revision/results/ecology/Ecology_partial_correlations_summary_FINAL_v3.csv,98330bbb71c6cd927a11bcd961d77a7f8e13ce1c32f673ac97dd858de31d989b,,ecology,sensitivity,DIAGNOSTIC,FINAL_DIAGNOSTIC,0,
TOP100R000340,surface endpoint method comparison,surface endpoint method comparison |  |  | trend | Global | absolute | top100,trend,670.569732230316,,,J m-2 yr-1,1979-2024,all valid grid cells,P1_surface_anchored,as specified in source,65160.0,output_TOP100_revision/results/surface_truncation/SURFACE_METHOD_COMPARISON.csv,cc2084cc835cc6603ddf12a49396132f45fa0de7cb0c5a86ca00f9fcad5f7476,,surface_truncation,sensitivity,DIAGNOSTIC,FINAL_DIAGNOSTIC,670.569732230316,
TOP100R000341,surface endpoint method comparison,surface endpoint method comparison |  |  | trend | S high latitude | absolute | top100,trend,-5.90212802458417,,,J m-2 yr-1,1979-2024,all valid grid cells,P1_surface_anchored,as specified in source,8640.0,output_TOP100_revision/results/surface_truncation/SURFACE_METHOD_COMPARISON.csv,cc2084cc835cc6603ddf12a49396132f45fa0de7cb0c5a86ca00f9fcad5f7476,,surface_truncation,sensitivity,DIAGNOSTIC,FINAL_DIAGNOSTIC,-5.90212802458417,
TOP100R000342,surface endpoint method comparison,surface endpoint method comparison |  |  | trend | S temperate | absolute | top100,trend,289.719256383426,,,J m-2 yr-1,1979-2024,all valid grid cells,P1_surface_anchored,as specified in source,15480.0,output_TOP100_revision/results/surface_truncation/SURFACE_METHOD_COMPARISON.csv,cc2084cc835cc6603ddf12a49396132f45fa0de7cb0c5a86ca00f9fcad5f7476,,surface_truncation,sensitivity,DIAGNOSTIC,FINAL_DIAGNOSTIC,289.719256383426,
TOP100R000343,surface endpoint method comparison,surface endpoint method comparison |  |  | trend | Tropics | absolute | top100,trend,1034.8892083123,,,J m-2 yr-1,1979-2024,all valid grid cells,P1_surface_anchored,as specified in source,16920.0,output_TOP100_revision/results/surface_truncation/SURFACE_METHOD_COMPARISON.csv,cc2084cc835cc6603ddf12a49396132f45fa0de7cb0c5a86ca00f9fcad5f7476,,surface_truncation,sensitivity,DIAGNOSTIC,FINAL_DIAGNOSTIC,1034.8892083123,
TOP100R000344,surface endpoint method comparison,surface endpoint method comparison |  |  | trend | N temperate | absolute | top100,trend,648.95392189117,,,J m-2 yr-1,1979-2024,all valid grid cells,P1_surface_anchored,as specified in source,15480.0,output_TOP100_revision/results/surface_truncation/SURFACE_METHOD_COMPARISON.csv,cc2084cc835cc6603ddf12a49396132f45fa0de7cb0c5a86ca00f9fcad5f7476,,surface_truncation,sensitivity,DIAGNOSTIC,FINAL_DIAGNOSTIC,648.95392189117,
TOP100R000345,surface endpoint method comparison,surface endpoint method comparison |  |  | trend | N high latitude | absolute | top100,trend,358.626984042665,,,J m-2 yr-1,1979-2024,all valid grid cells,P1_surface_anchored,as specified in source,8640.0,output_TOP100_revision/results/surface_truncation/SURFACE_METHOD_COMPARISON.csv,cc2084cc835cc6603ddf12a49396132f45fa0de7cb0c5a86ca00f9fcad5f7476,,surface_truncation,sensitivity,DIAGNOSTIC,FINAL_DIAGNOSTIC,358.626984042665,
TOP100R000358,surface endpoint method comparison,surface endpoint method comparison |  |  | trend | Global | absolute | top100,trend,671.920407448986,,,J m-2 yr-1,1979-2024,all valid grid cells,P2_one_sided,as specified in source,65160.0,output_TOP100_revision/results/surface_truncation/SURFACE_METHOD_COMPARISON.csv,cc2084cc835cc6603ddf12a49396132f45fa0de7cb0c5a86ca00f9fcad5f7476,,surface_truncation,sensitivity,DIAGNOSTIC,FINAL_DIAGNOSTIC,671.920407448986,
TOP100R000359,surface endpoint method comparison,surface endpoint method comparison |  |  | trend | S high latitude | absolute | top100,trend,-6.63384000610669,,,J m-2 yr-1,1979-2024,all valid grid cells,P2_one_sided,as specified in source,8640.0,output_TOP100_revision/results/surface_truncation/SURFACE_METHOD_COMPARISON.csv,cc2084cc835cc6603ddf12a49396132f45fa0de7cb0c5a86ca00f9fcad5f7476,,surface_truncation,sensitivity,DIAGNOSTIC,FINAL_DIAGNOSTIC,-6.63384000610669,
TOP100R000360,surface endpoint method comparison,surface endpoint method comparison |  |  | trend | S temperate | absolute | top100,trend,292.037266275627,,,J m-2 yr-1,1979-2024,all valid grid cells,P2_one_sided,as specified in source,15480.0,output_TOP100_revision/results/surface_truncation/SURFACE_METHOD_COMPARISON.csv,cc2084cc835cc6603ddf12a49396132f45fa0de7cb0c5a86ca00f9fcad5f7476,,surface_truncation,sensitivity,DIAGNOSTIC,FINAL_DIAGNOSTIC,292.037266275627,
TOP100R000361,surface endpoint method comparison,surface endpoint method comparison |  |  | trend | Tropics | absolute | top100,trend,1035.09413687525,,,J m-2 yr-1,1979-2024,all valid grid cells,P2_one_sided,as specified in source,16920.0,output_TOP100_revision/results/surface_truncation/SURFACE_METHOD_COMPARISON.csv,cc2084cc835cc6603ddf12a49396132f45fa0de7cb0c5a86ca00f9fcad5f7476,,surface_truncation,sensitivity,DIAGNOSTIC,FINAL_DIAGNOSTIC,1035.09413687525,
TOP100R000362,surface endpoint method comparison,surface endpoint method comparison |  |  | trend | N temperate | absolute | top100,trend,651.38797576696,,,J m-2 yr-1,1979-2024,all valid grid cells,P2_one_sided,as specified in source,15480.0,output_TOP100_revision/results/surface_truncation/SURFACE_METHOD_COMPARISON.csv,cc2084cc835cc6603ddf12a49396132f45fa0de7cb0c5a86ca00f9fcad5f7476,,surface_truncation,sensitivity,DIAGNOSTIC,FINAL_DIAGNOSTIC,651.38797576696,
TOP100R000363,surface endpoint method comparison,surface endpoint method comparison |  |  | trend | N high latitude | absolute | top100,trend,360.260611752833,,,J m-2 yr-1,1979-2024,all valid grid cells,P2_one_sided,as specified in source,8640.0,output_TOP100_revision/results/surface_truncation/SURFACE_METHOD_COMPARISON.csv,cc2084cc835cc6603ddf12a49396132f45fa0de7cb0c5a86ca00f9fcad5f7476,,surface_truncation,sensitivity,DIAGNOSTIC,FINAL_DIAGNOSTIC,360.260611752833,
TOP100R000073,TOP100/TOP200/TOP300 boundary comparison,TOP100/TOP200/TOP300 boundary comparison |  |  | climatological_mean | Global | absolute geopotential height | top300,climatological_mean,474588.570122665,,,J m-2,1979-01 to 2024-12,common all-valid TOP100/TOP200/TOP300 grid,calendar-month climatology removed; grid-cell OLS first; area mean second,as specified in source,65160.0,output_TOP100_revision/results/top_boundary/TOP_BOUNDARY_GLOBAL_RESULTS.csv,1d26892f980affd182cd8c8688b91bf63b9b603d40d7da5547df2a3dcb1d6975,,top_boundary,sensitivity,DIAGNOSTIC,FINAL_DIAGNOSTIC,474588.570122665,TOP200 is convergence sensitivity; TOP300 is truncation sensitivity
TOP100R000074,TOP100/TOP200/TOP300 boundary comparison,TOP100/TOP200/TOP300 boundary comparison |  |  | trend_deseasonalized | Global | absolute geopotential height | top300,trend_deseasonalized,644.792142590137,,,J m-2 yr-1,1979-01 to 2024-12,common all-valid TOP100/TOP200/TOP300 grid,calendar-month climatology removed; grid-cell OLS first; area mean second,as specified in source,65160.0,output_TOP100_revision/results/top_boundary/TOP_BOUNDARY_GLOBAL_RESULTS.csv,1d26892f980affd182cd8c8688b91bf63b9b603d40d7da5547df2a3dcb1d6975,,top_boundary,sensitivity,DIAGNOSTIC,FINAL_DIAGNOSTIC,644.792142590137,TOP200 is convergence sensitivity; TOP300 is truncation sensitivity
TOP100R000075,TOP100/TOP200/TOP300 boundary comparison,TOP100/TOP200/TOP300 boundary comparison |  |  | trend_raw | Global | absolute geopotential height | top300,trend_raw,649.194070246504,,,J m-2 yr-1,1979-01 to 2024-12,common all-valid TOP100/TOP200/TOP300 grid,calendar-month climatology removed; grid-cell OLS first; area mean second,as specified in source,65160.0,output_TOP100_revision/results/top_boundary/TOP_BOUNDARY_GLOBAL_RESULTS.csv,1d26892f980affd182cd8c8688b91bf63b9b603d40d7da5547df2a3dcb1d6975,,top_boundary,sensitivity,DIAGNOSTIC,FINAL_DIAGNOSTIC,649.194070246504,TOP200 is convergence sensitivity; TOP300 is truncation sensitivity
TOP100R000082,TOP100/TOP200/TOP300 boundary comparison,TOP100/TOP200/TOP300 boundary comparison |  |  | climatological_mean | Global | absolute geopotential height | top200,climatological_mean,483599.19246695,,,J m-2,1979-01 to 2024-12,common all-valid TOP100/TOP200/TOP300 grid,calendar-month climatology removed; grid-cell OLS first; area mean second,as specified in source,65160.0,output_TOP100_revision/results/top_boundary/TOP_BOUNDARY_GLOBAL_RESULTS.csv,1d26892f980affd182cd8c8688b91bf63b9b603d40d7da5547df2a3dcb1d6975,,top_boundary,sensitivity,DIAGNOSTIC,FINAL_DIAGNOSTIC,483599.19246695,TOP200 is convergence sensitivity; TOP300 is truncation sensitivity
TOP100R000083,TOP100/TOP200/TOP300 boundary comparison,TOP100/TOP200/TOP300 boundary comparison |  |  | trend_deseasonalized | Global | absolute geopotential height | top200,trend_deseasonalized,669.027486574438,,,J m-2 yr-1,1979-01 to 2024-12,common all-valid TOP100/TOP200/TOP300 grid,calendar-month climatology removed; grid-cell OLS first; area mean second,as specified in source,65160.0,output_TOP100_revision/results/top_boundary/TOP_BOUNDARY_GLOBAL_RESULTS.csv,1d26892f980affd182cd8c8688b91bf63b9b603d40d7da5547df2a3dcb1d6975,,top_boundary,sensitivity,DIAGNOSTIC,FINAL_DIAGNOSTIC,669.027486574438,TOP200 is convergence sensitivity; TOP300 is truncation sensitivity
TOP100R000084,TOP100/TOP200/TOP300 boundary comparison,TOP100/TOP200/TOP300 boundary comparison |  |  | trend_raw | Global | absolute geopotential height | top200,trend_raw,673.501322390596,,,J m-2 yr-1,1979-01 to 2024-12,common all-valid TOP100/TOP200/TOP300 grid,calendar-month climatology removed; grid-cell OLS first; area mean second,as specified in source,65160.0,output_TOP100_revision/results/top_boundary/TOP_BOUNDARY_GLOBAL_RESULTS.csv,1d26892f980affd182cd8c8688b91bf63b9b603d40d7da5547df2a3dcb1d6975,,top_boundary,sensitivity,DIAGNOSTIC,FINAL_DIAGNOSTIC,673.501322390596,TOP200 is convergence sensitivity; TOP300 is truncation sensitivity
TOP100R000475,ONI-standard El Nino minus La Nina exact decomposition,ONI-standard El Nino minus La Nina exact decomposition | ONI | ENSO phase | IWV_channel | Global | absolute | top100,IWV_channel,9065.59745236828,3418.5091864242,14220.0067137654,J m-2,1979-2024,all valid grid cells,Oct-Mar ONI-standard event-window composite; exact grid-month decomposition,as specified in source,,<PROJECT_ROOT>\CANONICAL_WGPE_TOP100_v2\03_SOURCE_DATA\REGISTERED_SOURCES\ENSO_ONIstandard_absolute_channel_decomposition__8ff06b73cb.csv,8ff06b73cbf3d8d75808b4613438d1b313c7cf51637942250a5c77077813663c,,ENSO,main_core,MAIN,FINAL_MAIN,9065.59745236828,percent contribution=77.325748071024; unstable=FALSE
TOP100R000476,ONI-standard El Nino minus La Nina exact decomposition,ONI-standard El Nino minus La Nina exact decomposition | ONI | ENSO phase | actual | Global | absolute | top100,actual,11723.9052689687,3933.04825304531,19244.5344359887,J m-2,1979-2024,all valid grid cells,Oct-Mar ONI-standard event-window composite; exact grid-month decomposition,as specified in source,,<PROJECT_ROOT>\CANONICAL_WGPE_TOP100_v2\03_SOURCE_DATA\REGISTERED_SOURCES\ENSO_ONIstandard_absolute_channel_decomposition__8ff06b73cb.csv,8ff06b73cbf3d8d75808b4613438d1b313c7cf51637942250a5c77077813663c,,ENSO,main_core,MAIN,FINAL_MAIN,11723.9052689687,percent contribution=100; unstable=FALSE
TOP100R000477,ONI-standard El Nino minus La Nina exact decomposition,ONI-standard El Nino minus La Nina exact decomposition | ONI | ENSO phase | interaction_channel | Global | absolute | top100,interaction_channel,577.042907215633,85.3183186796576,1309.59777415265,J m-2,1979-2024,all valid grid cells,Oct-Mar ONI-standard event-window composite; exact grid-month decomposition,as specified in source,,<PROJECT_ROOT>\CANONICAL_WGPE_TOP100_v2\03_SOURCE_DATA\REGISTERED_SOURCES\ENSO_ONIstandard_absolute_channel_decomposition__8ff06b73cb.csv,8ff06b73cbf3d8d75808b4613438d1b313c7cf51637942250a5c77077813663c,,ENSO,main_core,MAIN,FINAL_MAIN,577.042907215633,percent contribution=4.92193423588104; unstable=FALSE
TOP100R000478,ONI-standard El Nino minus La Nina exact decomposition,ONI-standard El Nino minus La Nina exact decomposition | ONI | ENSO phase | z_channel | Global | absolute | top100,z_channel,2081.26490938483,-606.493554365148,4449.59152998395,J m-2,1979-2024,all valid grid cells,Oct-Mar ONI-standard event-window composite; exact grid-month decomposition,as specified in source,,<PROJECT_ROOT>\CANONICAL_WGPE_TOP100_v2\03_SOURCE_DATA\REGISTERED_SOURCES\ENSO_ONIstandard_absolute_channel_decomposition__8ff06b73cb.csv,8ff06b73cbf3d8d75808b4613438d1b313c7cf51637942250a5c77077813663c,,ENSO,main_core,MAIN,FINAL_MAIN,2081.26490938483,percent contribution=17.7523176930949; unstable=FALSE
TOP100R000479,ONI-standard El Nino minus La Nina exact decomposition,ONI-standard El Nino minus La Nina exact decomposition | ONI | ENSO phase | IWV_channel | N high latitude | absolute | top100,IWV_channel,-77.8579012506934,-2448.14649874756,2006.5660752784,J m-2,1979-2024,all valid grid cells,Oct-Mar ONI-standard event-window composite; exact grid-month decomposition,as specified in source,,<PROJECT_ROOT>\CANONICAL_WGPE_TOP100_v2\03_SOURCE_DATA\REGISTERED_SOURCES\ENSO_ONIstandard_absolute_channel_decomposition__8ff06b73cb.csv,8ff06b73cbf3d8d75808b4613438d1b313c7cf51637942250a5c77077813663c,,ENSO,main_core,MAIN,FINAL_MAIN,-77.8579012506934,percent contribution=-113.776945568495; unstable=FALSE
TOP100R000480,ONI-standard El Nino minus La Nina exact decomposition,ONI-standard El Nino minus La Nina exact decomposition | ONI | ENSO phase | actual | N high latitude | absolute | top100,actual,68.4302965435314,-2439.47560636965,2415.14024106617,J m-2,1979-2024,all valid grid cells,Oct-Mar ONI-standard event-window composite; exact grid-month decomposition,as specified in source,,<PROJECT_ROOT>\CANONICAL_WGPE_TOP100_v2\03_SOURCE_DATA\REGISTERED_SOURCES\ENSO_ONIstandard_absolute_channel_decomposition__8ff06b73cb.csv,8ff06b73cbf3d8d75808b4613438d1b313c7cf51637942250a5c77077813663c,,ENSO,main_core,MAIN,FINAL_MAIN,68.4302965435314,percent contribution=100; unstable=FALSE
TOP100R000481,ONI-standard El Nino minus La Nina exact decomposition,ONI-standard El Nino minus La Nina exact decomposition | ONI | ENSO phase | interaction_channel | N high latitude | absolute | top100,interaction_channel,28.4988968175536,-61.7302567736663,97.3259075579279,J m-2,1979-2024,all valid grid cells,Oct-Mar ONI-standard event-window composite; exact grid-month decomposition,as specified in source,,<PROJECT_ROOT>\CANONICAL_WGPE_TOP100_v2\03_SOURCE_DATA\REGISTERED_SOURCES\ENSO_ONIstandard_absolute_channel_decomposition__8ff06b73cb.csv,8ff06b73cbf3d8d75808b4613438d1b313c7cf51637942250a5c77077813663c,,ENSO,main_core,MAIN,FINAL_MAIN,28.4988968175536,percent contribution=41.6466072150136; unstable=FALSE
TOP100R000482,ONI-standard El Nino minus La Nina exact decomposition,ONI-standard El Nino minus La Nina exact decomposition | ONI | ENSO phase | z_channel | N high latitude | absolute | top100,z_channel,117.789300976671,-479.502025299854,781.29823728393,J m-2,1979-2024,all valid grid cells,Oct-Mar ONI-standard event-window composite; exact grid-month decomposition,as specified in source,,<PROJECT_ROOT>\CANONICAL_WGPE_TOP100_v2\03_SOURCE_DATA\REGISTERED_SOURCES\ENSO_ONIstandard_absolute_channel_decomposition__8ff06b73cb.csv,8ff06b73cbf3d8d75808b4613438d1b313c7cf51637942250a5c77077813663c,,ENSO,main_core,MAIN,FINAL_MAIN,117.789300976671,percent contribution=172.130338353481; unstable=FALSE
TOP100R000483,ONI-standard El Nino minus La Nina exact decomposition,ONI-standard El Nino minus La Nina exact decomposition | ONI | ENSO phase | IWV_channel | N temperate | absolute | top100,IWV_channel,5256.68890276274,1191.43705750359,9091.91429491345,J m-2,1979-2024,all valid grid cells,Oct-Mar ONI-standard event-window composite; exact grid-month decomposition,as specified in source,,<PROJECT_ROOT>\CANONICAL_WGPE_TOP100_v2\03_SOURCE_DATA\REGISTERED_SOURCES\ENSO_ONIstandard_absolute_channel_decomposition__8ff06b73cb.csv,8ff06b73cbf3d8d75808b4613438d1b313c7cf51637942250a5c77077813663c,,ENSO,main_core,MAIN,FINAL_MAIN,5256.68890276274,percent contribution=103.069580314092; unstable=FALSE
TOP100R000484,ONI-standard El Nino minus La Nina exact decomposition,ONI-standard El Nino minus La Nina exact decomposition | ONI | ENSO phase | actual | N temperate | absolute | top100,actual,5100.13612818021,161.027784269023,9673.40218852406,J m-2,1979-2024,all valid grid cells,Oct-Mar ONI-standard event-window composite; exact grid-month decomposition,as specified in source,,<PROJECT_ROOT>\CANONICAL_WGPE_TOP100_v2\03_SOURCE_DATA\REGISTERED_SOURCES\ENSO_ONIstandard_absolute_channel_decomposition__8ff06b73cb.csv,8ff06b73cbf3d8d75808b4613438d1b313c7cf51637942250a5c77077813663c,,ENSO,main_core,MAIN,FINAL_MAIN,5100.13612818021,percent contribution=100; unstable=FALSE
TOP100R000485,ONI-standard El Nino minus La Nina exact decomposition,ONI-standard El Nino minus La Nina exact decomposition | ONI | ENSO phase | interaction_channel | N temperate | absolute | top100,interaction_channel,-58.9791925973277,-153.779563528391,35.6692049927825,J m-2,1979-2024,all valid grid cells,Oct-Mar ONI-standard event-window composite; exact grid-month decomposition,as specified in source,,<PROJECT_ROOT>\CANONICAL_WGPE_TOP100_v2\03_SOURCE_DATA\REGISTERED_SOURCES\ENSO_ONIstandard_absolute_channel_decomposition__8ff06b73cb.csv,8ff06b73cbf3d8d75808b4613438d1b313c7cf51637942250a5c77077813663c,,ENSO,main_core,MAIN,FINAL_MAIN,-58.9791925973277,percent contribution=-1.15642388977512; unstable=FALSE
TOP100R000486,ONI-standard El Nino minus La Nina exact decomposition,ONI-standard El Nino minus La Nina exact decomposition | ONI | ENSO phase | z_channel | N temperate | absolute | top100,z_channel,-97.573581985197,-1521.56972075547,1309.77398993289,J m-2,1979-2024,all valid grid cells,Oct-Mar ONI-standard event-window composite; exact grid-month decomposition,as specified in source,,<PROJECT_ROOT>\CANONICAL_WGPE_TOP100_v2\03_SOURCE_DATA\REGISTERED_SOURCES\ENSO_ONIstandard_absolute_channel_decomposition__8ff06b73cb.csv,8ff06b73cbf3d8d75808b4613438d1b313c7cf51637942250a5c77077813663c,,ENSO,main_core,MAIN,FINAL_MAIN,-97.573581985197,percent contribution=-1.9131564243171; unstable=FALSE
TOP100R000487,ONI-standard El Nino minus La Nina exact decomposition,ONI-standard El Nino minus La Nina exact decomposition | ONI | ENSO phase | IWV_channel | S high latitude | absolute | top100,IWV_channel,2760.68535902696,916.002483063444,4864.13110428189,J m-2,1979-2024,all valid grid cells,Oct-Mar ONI-standard event-window composite; exact grid-month decomposition,as specified in source,,<PROJECT_ROOT>\CANONICAL_WGPE_TOP100_v2\03_SOURCE_DATA\REGISTERED_SOURCES\ENSO_ONIstandard_absolute_channel_decomposition__8ff06b73cb.csv,8ff06b73cbf3d8d75808b4613438d1b313c7cf51637942250a5c77077813663c,,ENSO,main_core,MAIN,FINAL_MAIN,2760.68535902696,percent contribution=79.0570102793909; unstable=FALSE
TOP100R000488,ONI-standard El Nino minus La Nina exact decomposition,ONI-standard El Nino minus La Nina exact decomposition | ONI | ENSO phase | actual | S high latitude | absolute | top100,actual,3492.01841717841,1294.32466996694,6055.39091720773,J m-2,1979-2024,all valid grid cells,Oct-Mar ONI-standard event-window composite; exact grid-month decomposition,as specified in source,,<PROJECT_ROOT>\CANONICAL_WGPE_TOP100_v2\03_SOURCE_DATA\REGISTERED_SOURCES\ENSO_ONIstandard_absolute_channel_decomposition__8ff06b73cb.csv,8ff06b73cbf3d8d75808b4613438d1b313c7cf51637942250a5c77077813663c,,ENSO,main_core,MAIN,FINAL_MAIN,3492.01841717841,percent contribution=100; unstable=FALSE
TOP100R000489,ONI-standard El Nino minus La Nina exact decomposition,ONI-standard El Nino minus La Nina exact decomposition | ONI | ENSO phase | interaction_channel | S high latitude | absolute | top100,interaction_channel,20.0243068156103,-9.21647553292591,55.4773968044,J m-2,1979-2024,all valid grid cells,Oct-Mar ONI-standard event-window composite; exact grid-month decomposition,as specified in source,,<PROJECT_ROOT>\CANONICAL_WGPE_TOP100_v2\03_SOURCE_DATA\REGISTERED_SOURCES\ENSO_ONIstandard_absolute_channel_decomposition__8ff06b73cb.csv,8ff06b73cbf3d8d75808b4613438d1b313c7cf51637942250a5c77077813663c,,ENSO,main_core,MAIN,FINAL_MAIN,20.0243068156103,percent contribution=0.573430733271738; unstable=FALSE
TOP100R000490,ONI-standard El Nino minus La Nina exact decomposition,ONI-standard El Nino minus La Nina exact decomposition | ONI | ENSO phase | z_channel | S high latitude | absolute | top100,z_channel,711.308751335842,226.347888254401,1243.88137428502,J m-2,1979-2024,all valid grid cells,Oct-Mar ONI-standard event-window composite; exact grid-month decomposition,as specified in source,,<PROJECT_ROOT>\CANONICAL_WGPE_TOP100_v2\03_SOURCE_DATA\REGISTERED_SOURCES\ENSO_ONIstandard_absolute_channel_decomposition__8ff06b73cb.csv,8ff06b73cbf3d8d75808b4613438d1b313c7cf51637942250a5c77077813663c,,ENSO,main_core,MAIN,FINAL_MAIN,711.308751335842,percent contribution=20.3695589873374; unstable=FALSE
TOP100R000491,ONI-standard El Nino minus La Nina exact decomposition,ONI-standard El Nino minus La Nina exact decomposition | ONI | ENSO phase | IWV_channel | S temperate | absolute | top100,IWV_channel,-583.414471138148,-5190.84085282601,3862.19804547713,J m-2,1979-2024,all valid grid cells,Oct-Mar ONI-standard event-window composite; exact grid-month decomposition,as specified in source,,<PROJECT_ROOT>\CANONICAL_WGPE_TOP100_v2\03_SOURCE_DATA\REGISTERED_SOURCES\ENSO_ONIstandard_absolute_channel_decomposition__8ff06b73cb.csv,8ff06b73cbf3d8d75808b4613438d1b313c7cf51637942250a5c77077813663c,,ENSO,main_core,MAIN,FINAL_MAIN,-583.414471138148,percent contribution=-43.02896078798; unstable=FALSE
TOP100R000492,ONI-standard El Nino minus La Nina exact decomposition,ONI-standard El Nino minus La Nina exact decomposition | ONI | ENSO phase | actual | S temperate | absolute | top100,actual,1355.86465592988,-5118.03042000439,7350.3525476971,J m-2,1979-2024,all valid grid cells,Oct-Mar ONI-standard event-window composite; exact grid-month decomposition,as specified in source,,<PROJECT_ROOT>\CANONICAL_WGPE_TOP100_v2\03_SOURCE_DATA\REGISTERED_SOURCES\ENSO_ONIstandard_absolute_channel_decomposition__8ff06b73cb.csv,8ff06b73cbf3d8d75808b4613438d1b313c7cf51637942250a5c77077813663c,,ENSO,main_core,MAIN,FINAL_MAIN,1355.86465592988,percent contribution=100; unstable=FALSE
TOP100R000493,ONI-standard El Nino minus La Nina exact decomposition,ONI-standard El Nino minus La Nina exact decomposition | ONI | ENSO phase | interaction_channel | S temperate | absolute | top100,interaction_channel,46.6482022453438,-108.89316574857,231.906278635495,J m-2,1979-2024,all valid grid cells,Oct-Mar ONI-standard event-window composite; exact grid-month decomposition,as specified in source,,<PROJECT_ROOT>\CANONICAL_WGPE_TOP100_v2\03_SOURCE_DATA\REGISTERED_SOURCES\ENSO_ONIstandard_absolute_channel_decomposition__8ff06b73cb.csv,8ff06b73cbf3d8d75808b4613438d1b313c7cf51637942250a5c77077813663c,,ENSO,main_core,MAIN,FINAL_MAIN,46.6482022453438,percent contribution=3.44047630722784; unstable=FALSE
TOP100R000494,ONI-standard El Nino minus La Nina exact decomposition,ONI-standard El Nino minus La Nina exact decomposition | ONI | ENSO phase | z_channel | S temperate | absolute | top100,z_channel,1892.63092482269,-390.965638044118,4009.79911681008,J m-2,1979-2024,all valid grid cells,Oct-Mar ONI-standard event-window composite; exact grid-month decomposition,as specified in source,,<PROJECT_ROOT>\CANONICAL_WGPE_TOP100_v2\03_SOURCE_DATA\REGISTERED_SOURCES\ENSO_ONIstandard_absolute_channel_decomposition__8ff06b73cb.csv,8ff06b73cbf3d8d75808b4613438d1b313c7cf51637942250a5c77077813663c,,ENSO,main_core,MAIN,FINAL_MAIN,1892.63092482269,percent contribution=139.588484480752; unstable=FALSE
TOP100R000495,ONI-standard El Nino minus La Nina exact decomposition,ONI-standard El Nino minus La Nina exact decomposition | ONI | ENSO phase | IWV_channel | Tropics | absolute | top100,IWV_channel,19418.0812017306,8884.00211262997,30101.4105427072,J m-2,1979-2024,all valid grid cells,Oct-Mar ONI-standard event-window composite; exact grid-month decomposition,as specified in source,,<PROJECT_ROOT>\CANONICAL_WGPE_TOP100_v2\03_SOURCE_DATA\REGISTERED_SOURCES\ENSO_ONIstandard_absolute_channel_decomposition__8ff06b73cb.csv,8ff06b73cbf3d8d75808b4613438d1b313c7cf51637942250a5c77077813663c,,ENSO,main_core,MAIN,FINAL_MAIN,19418.0812017306,percent contribution=78.1896809750023; unstable=FALSE
TOP100R000496,ONI-standard El Nino minus La Nina exact decomposition,ONI-standard El Nino minus La Nina exact decomposition | ONI | ENSO phase | actual | Tropics | absolute | top100,actual,24834.5829776933,8763.05258996864,42103.624641187,J m-2,1979-2024,all valid grid cells,Oct-Mar ONI-standard event-window composite; exact grid-month decomposition,as specified in source,,<PROJECT_ROOT>\CANONICAL_WGPE_TOP100_v2\03_SOURCE_DATA\REGISTERED_SOURCES\ENSO_ONIstandard_absolute_channel_decomposition__8ff06b73cb.csv,8ff06b73cbf3d8d75808b4613438d1b313c7cf51637942250a5c77077813663c,,ENSO,main_core,MAIN,FINAL_MAIN,24834.5829776933,percent contribution=100; unstable=FALSE
TOP100R000497,ONI-standard El Nino minus La Nina exact decomposition,ONI-standard El Nino minus La Nina exact decomposition | ONI | ENSO phase | interaction_channel | Tropics | absolute | top100,interaction_channel,1450.04789380361,277.601519448947,3261.44930148195,J m-2,1979-2024,all valid grid cells,Oct-Mar ONI-standard event-window composite; exact grid-month decomposition,as specified in source,,<PROJECT_ROOT>\CANONICAL_WGPE_TOP100_v2\03_SOURCE_DATA\REGISTERED_SOURCES\ENSO_ONIstandard_absolute_channel_decomposition__8ff06b73cb.csv,8ff06b73cbf3d8d75808b4613438d1b313c7cf51637942250a5c77077813663c,,ENSO,main_core,MAIN,FINAL_MAIN,1450.04789380361,percent contribution=5.83882521847076; unstable=FALSE
TOP100R000498,ONI-standard El Nino minus La Nina exact decomposition,ONI-standard El Nino minus La Nina exact decomposition | ONI | ENSO phase | z_channel | Tropics | absolute | top100,z_channel,3966.45388215908,-1939.76244310501,10218.6864526024,J m-2,1979-2024,all valid grid cells,Oct-Mar ONI-standard event-window composite; exact grid-month decomposition,as specified in source,,<PROJECT_ROOT>\CANONICAL_WGPE_TOP100_v2\03_SOURCE_DATA\REGISTERED_SOURCES\ENSO_ONIstandard_absolute_channel_decomposition__8ff06b73cb.csv,8ff06b73cbf3d8d75808b4613438d1b313c7cf51637942250a5c77077813663c,,ENSO,main_core,MAIN,FINAL_MAIN,3966.45388215908,percent contribution=15.9714938065269; unstable=FALSE
TOP100R000369,cross-reanalysis TOP100 trend validation,cross-reanalysis TOP100 trend validation |  |  | trend | Global | absolute | top100,trend,697.772275905547,549.36677647917,846.177775287469,J m-2 yr-1,1982-2023,all valid grid cells,native-grid vertical integration followed by harmonization to common 1-degree grid,as specified in source,65160.0,<PROJECT_ROOT>\CANONICAL_WGPE_TOP100_v2\03_SOURCE_DATA\REGISTERED_SOURCES\JRA55_TOP100_GLOBAL_TRENDS__467ad57dab.csv,467ad57dabc6a028c5c95ba29fdbe2e8048e225038b96887c0c2fca85d7ae455,,JRA55,extended_data,MAIN,FINAL_MAIN,697.772275905547,
FINAL_ECO_01,What controlled ecological association is present?,W-GPE GPP Model3 persistent_vegetated_domain,global_mean_partial_r,0.0782896864708896,0.064236820969335,0.0933504240693539,Partial r,product-specific,persistent_vegetated_domain,partial correlation Model3,cos(latitude),12009.0,<PROJECT_ROOT>\CANONICAL_WGPE_TOP100_v2\03_SOURCE_DATA\PROVENANCE_INPUTS\TARGETED_RECONCILIATION_v2.1.3\ECOLOGY_FIELD_SIGNIFICANCE_EXACT.csv,17b2f009658aa092c93187b1712a1a24ed5a1c0b3577c209c78e1d13db7c8faf,Figure 3 a,Results,main_core,MAIN,FINAL_MAIN,0.0782896864708896,positive p_field=0.0033557046979865; negative p_field=0.0033557046979865; spatial-block p <0.001 | Historical ecology record: model/domain retained; not the September five-control primary analysis.
FINAL_ECO_02,What controlled ecological association is present?,<z> GPP Model3 persistent_vegetated_domain,global_mean_partial_r,0.0004330965173359,-0.010472034524023,0.0117935587326235,Partial r,product-specific,persistent_vegetated_domain,partial correlation Model3,cos(latitude),12009.0,<PROJECT_ROOT>\CANONICAL_WGPE_TOP100_v2\03_SOURCE_DATA\PROVENANCE_INPUTS\TARGETED_RECONCILIATION_v2.1.3\ECOLOGY_FIELD_SIGNIFICANCE_EXACT.csv,17b2f009658aa092c93187b1712a1a24ed5a1c0b3577c209c78e1d13db7c8faf,Figure 3 b,Results,main_core,MAIN,FINAL_MAIN,0.0004330965173359,positive p_field=0.0067114093959731; negative p_field=0.0033557046979865; spatial-block p 0.906 | Historical ecology record: model/domain retained; not the September five-control primary analysis.
FINAL_ECO_03,What controlled ecological association is present?,W-GPE LAI Model3 persistent_vegetated_domain,global_mean_partial_r,0.0201723469709629,0.009348818626356,0.029429710984291,Partial r,product-specific,persistent_vegetated_domain,partial correlation Model3,cos(latitude),8300.0,<PROJECT_ROOT>\CANONICAL_WGPE_TOP100_v2\03_SOURCE_DATA\PROVENANCE_INPUTS\TARGETED_RECONCILIATION_v2.1.3\ECOLOGY_FIELD_SIGNIFICANCE_EXACT.csv,17b2f009658aa092c93187b1712a1a24ed5a1c0b3577c209c78e1d13db7c8faf,Figure 3 c,Results,main_core,MAIN,FINAL_MAIN,0.0201723469709629,positive p_field=0.0039682539682539; negative p_field=0.0039682539682539; spatial-block p <0.001 | Historical ecology record: model/domain retained; not the September five-control primary analysis.
FINAL_ECO_04,What controlled ecological association is present?,<z> LAI Model3 persistent_vegetated_domain,global_mean_partial_r,0.0041275987073162,-0.0046216715467359,0.0126335562827737,Partial r,product-specific,persistent_vegetated_domain,partial correlation Model3,cos(latitude),8300.0,<PROJECT_ROOT>\CANONICAL_WGPE_TOP100_v2\03_SOURCE_DATA\PROVENANCE_INPUTS\TARGETED_RECONCILIATION_v2.1.3\ECOLOGY_FIELD_SIGNIFICANCE_EXACT.csv,17b2f009658aa092c93187b1712a1a24ed5a1c0b3577c209c78e1d13db7c8faf,Figure 3 d,Results,main_core,MAIN,FINAL_MAIN,0.0041275987073162,positive p_field=1; negative p_field=1; spatial-block p 0.378 | Historical ecology record: model/domain retained; not the September five-control primary analysis.
FINAL_F1E_01,Which pressure layers contribute to the global zbar trend?,Exact centered-product contribution of 1000-850 hPa,exact_layer_total,-0.0234878779750893,-0.0402862212251266,-0.0057433878785201,m yr^-1,1979-2024,Global; local-surface truncated to 100 hPa,grid-cell monthly exact decomposition then OLS,cos(latitude),65160.0,<PROJECT_ROOT>\CANONICAL_WGPE_TOP100_v2\03_SOURCE_DATA\PROVENANCE_INPUTS\TARGETED_RECONCILIATION_v2.1.3\FIG1_LAYER_EXACT_CONTRIBUTIONS_MAIN5.csv,45d25d6e056aed73fcce52d1e8f2daf4d2f62e244e5acf6b4d7365c8b890fe7f,Figure 1e,Results,main_core,MAIN,FINAL_MAIN,-0.0234878779750893,
FINAL_F1E_02,Which pressure layers contribute to the global zbar trend?,Exact centered-product contribution of 850-700 hPa,exact_layer_total,-0.0067436678553429,-0.0322840784981479,0.0176564696633568,m yr^-1,1979-2024,Global; local-surface truncated to 100 hPa,grid-cell monthly exact decomposition then OLS,cos(latitude),65160.0,<PROJECT_ROOT>\CANONICAL_WGPE_TOP100_v2\03_SOURCE_DATA\PROVENANCE_INPUTS\TARGETED_RECONCILIATION_v2.1.3\FIG1_LAYER_EXACT_CONTRIBUTIONS_MAIN5.csv,45d25d6e056aed73fcce52d1e8f2daf4d2f62e244e5acf6b4d7365c8b890fe7f,Figure 1e,Results,main_core,MAIN,FINAL_MAIN,-0.00674366785534293,
FINAL_F1E_03,Which pressure layers contribute to the global zbar trend?,Exact centered-product contribution of 700-500 hPa,exact_layer_total,0.406955948445269,0.349515473222916,0.459838093545118,m yr^-1,1979-2024,Global; local-surface truncated to 100 hPa,grid-cell monthly exact decomposition then OLS,cos(latitude),65160.0,<PROJECT_ROOT>\CANONICAL_WGPE_TOP100_v2\03_SOURCE_DATA\PROVENANCE_INPUTS\TARGETED_RECONCILIATION_v2.1.3\FIG1_LAYER_EXACT_CONTRIBUTIONS_MAIN5.csv,45d25d6e056aed73fcce52d1e8f2daf4d2f62e244e5acf6b4d7365c8b890fe7f,Figure 1e,Results,main_core,MAIN,FINAL_MAIN,0.406955948445269,
FINAL_F1E_04,Which pressure layers contribute to the global zbar trend?,Exact centered-product contribution of 500-300 hPa,exact_layer_total,0.40258999683276,0.364591662134739,0.441445708885482,m yr^-1,1979-2024,Global; local-surface truncated to 100 hPa,grid-cell monthly exact decomposition then OLS,cos(latitude),65160.0,<PROJECT_ROOT>\CANONICAL_WGPE_TOP100_v2\03_SOURCE_DATA\PROVENANCE_INPUTS\TARGETED_RECONCILIATION_v2.1.3\FIG1_LAYER_EXACT_CONTRIBUTIONS_MAIN5.csv,45d25d6e056aed73fcce52d1e8f2daf4d2f62e244e5acf6b4d7365c8b890fe7f,Figure 1e,Results,main_core,MAIN,FINAL_MAIN,0.40258999683276,
FINAL_F1E_05,Which pressure layers contribute to the global zbar trend?,Exact centered-product contribution of 300-100 hPa,exact_layer_total,0.0401636006866831,0.0333137000703793,0.0468847526388072,m yr^-1,1979-2024,Global; local-surface truncated to 100 hPa,grid-cell monthly exact decomposition then OLS,cos(latitude),65160.0,<PROJECT_ROOT>\CANONICAL_WGPE_TOP100_v2\03_SOURCE_DATA\PROVENANCE_INPUTS\TARGETED_RECONCILIATION_v2.1.3\FIG1_LAYER_EXACT_CONTRIBUTIONS_MAIN5.csv,45d25d6e056aed73fcce52d1e8f2daf4d2f62e244e5acf6b4d7365c8b890fe7f,Figure 1e,Results,main_core,MAIN,FINAL_MAIN,0.0401636006866831,
FINAL_F1F_01,What exact terms compose the global zbar trend?,Between-layer mass redistribution,mass_redistribution,0.583624823206947,0.507471176489924,0.658172937343229,m yr^-1,1979-2024,Global; local-surface truncated to 100 hPa,monthly centered exact product decomposition,cos(latitude),65160.0,<PROJECT_ROOT>\CANONICAL_WGPE_TOP100_v2\03_SOURCE_DATA\PROVENANCE_INPUTS\TARGETED_RECONCILIATION_v2.1.3\FIG1_EXACT_DECOMPOSITION_GLOBAL.csv,e9881b9465cf3e05be0ab327291c913a32671a24587eba9a47f0a19f5fa0639a,Figure 1f,Results,main_core,MAIN,FINAL_MAIN,0.583624823206947,share=71.219096%
FINAL_F1F_02,What exact terms compose the global zbar trend?,Within-layer mean-height change,height_coordinate,0.233286769455129,0.220002227545451,0.245917910858444,m yr^-1,1979-2024,Global; local-surface truncated to 100 hPa,monthly centered exact product decomposition,cos(latitude),65160.0,<PROJECT_ROOT>\CANONICAL_WGPE_TOP100_v2\03_SOURCE_DATA\PROVENANCE_INPUTS\TARGETED_RECONCILIATION_v2.1.3\FIG1_EXACT_DECOMPOSITION_GLOBAL.csv,e9881b9465cf3e05be0ab327291c913a32671a24587eba9a47f0a19f5fa0639a,Figure 1f,Results,main_core,MAIN,FINAL_MAIN,0.233286769455129,share=28.467728%
FINAL_F1F_03,What exact terms compose the global zbar trend?,Higher-order interaction,higher_order_interaction,0.0025664074722047,0.0011089381710033,0.004127028482355,m yr^-1,1979-2024,Global; local-surface truncated to 100 hPa,monthly centered exact product decomposition,cos(latitude),65160.0,<PROJECT_ROOT>\CANONICAL_WGPE_TOP100_v2\03_SOURCE_DATA\PROVENANCE_INPUTS\TARGETED_RECONCILIATION_v2.1.3\FIG1_EXACT_DECOMPOSITION_GLOBAL.csv,e9881b9465cf3e05be0ab327291c913a32671a24587eba9a47f0a19f5fa0639a,Figure 1f,Results,main_core,MAIN,FINAL_MAIN,0.00256640747220472,share=0.313176%
FINAL_F1F_04,What exact terms compose the global zbar trend?,Actual zbar trend,actual_zbar_trend,0.819478000134281,0.740247073273499,0.89595651920926,m yr^-1,1979-2024,Global; local-surface truncated to 100 hPa,monthly centered exact product decomposition,cos(latitude),65160.0,<PROJECT_ROOT>\CANONICAL_WGPE_TOP100_v2\03_SOURCE_DATA\PROVENANCE_INPUTS\TARGETED_RECONCILIATION_v2.1.3\FIG1_EXACT_DECOMPOSITION_GLOBAL.csv,e9881b9465cf3e05be0ab327291c913a32671a24587eba9a47f0a19f5fa0639a,Figure 1f,Results,main_core,MAIN,FINAL_MAIN,0.819478000134281,share=100%
FINAL_F3CV_01,Does the lag-3 ecology model improve blocked-CV performance?,GPP partial_R2 lag 1-3,partial_R2,0.0385343386631048,0.0322067502830751,0.0456509844130742,Delta R2,product-specific,persistent_vegetated,blocked CV; controls precipitation+T2m+SSRD+RZSM+CO2+VPD,cos(latitude),11960.0,<PROJECT_ROOT>\CANONICAL_WGPE_TOP100_v2\03_SOURCE_DATA\PROVENANCE_INPUTS\TARGETED_RECONCILIATION_v2.1.3\TEMPORAL_PRECEDENCE_EFFECT_SIZE_v2.1.3.csv,669a29ea0b920676dd6f26e7a4ebcce32ddca912988682438c5e208e8f37efdf,Figure 3f caption,Results,main_companion_descriptive,MAIN,FINAL_MAIN,0.0385343386631048,positive_area=100%
FINAL_F3CV_02,Does the lag-3 ecology model improve blocked-CV performance?,GPP delta_cv_R2 lag 1-3,delta_cv_R2,0.0068504419085714,0.0024842126604828,0.0111117053879899,Delta R2,product-specific,persistent_vegetated,blocked CV; controls precipitation+T2m+SSRD+RZSM+CO2+VPD,cos(latitude),11959.0,<PROJECT_ROOT>\CANONICAL_WGPE_TOP100_v2\03_SOURCE_DATA\PROVENANCE_INPUTS\TARGETED_RECONCILIATION_v2.1.3\TEMPORAL_PRECEDENCE_EFFECT_SIZE_v2.1.3.csv,669a29ea0b920676dd6f26e7a4ebcce32ddca912988682438c5e208e8f37efdf,Figure 3f caption,Results,main_companion_descriptive,MAIN,FINAL_MAIN,0.0068504419085714,positive_area=42.1930136135542%
FINAL_F3CV_03,Does the lag-3 ecology model improve blocked-CV performance?,GPP delta_RMSE_improvement lag 1-3,delta_RMSE_improvement,0.0049479810658903,0.0021686789626468,0.0077582894086512,standardized RMSE,product-specific,persistent_vegetated,blocked CV; controls precipitation+T2m+SSRD+RZSM+CO2+VPD,cos(latitude),11959.0,<PROJECT_ROOT>\CANONICAL_WGPE_TOP100_v2\03_SOURCE_DATA\PROVENANCE_INPUTS\TARGETED_RECONCILIATION_v2.1.3\TEMPORAL_PRECEDENCE_EFFECT_SIZE_v2.1.3.csv,669a29ea0b920676dd6f26e7a4ebcce32ddca912988682438c5e208e8f37efdf,Figure 3f caption,Results,main_companion_descriptive,MAIN,FINAL_MAIN,0.0049479810658903,positive_area=42.1930136135542%
FINAL_F3CV_04,Does the lag-3 ecology model improve blocked-CV performance?,LAI partial_R2 lag 1-3,partial_R2,0.0660797358041092,0.05569242484528,0.0788812309920764,Delta R2,product-specific,persistent_vegetated,blocked CV; controls precipitation+T2m+SSRD+RZSM+CO2+VPD,cos(latitude),3628.0,<PROJECT_ROOT>\CANONICAL_WGPE_TOP100_v2\03_SOURCE_DATA\PROVENANCE_INPUTS\TARGETED_RECONCILIATION_v2.1.3\TEMPORAL_PRECEDENCE_EFFECT_SIZE_v2.1.3.csv,669a29ea0b920676dd6f26e7a4ebcce32ddca912988682438c5e208e8f37efdf,Figure 3f caption,Results,main_companion_descriptive,MAIN,FINAL_MAIN,0.0660797358041092,positive_area=100%
FINAL_F3CV_05,Does the lag-3 ecology model improve blocked-CV performance?,LAI delta_cv_R2 lag 1-3,delta_cv_R2,-0.0741238835783696,-0.0942250152322793,-0.0552442867658095,Delta R2,product-specific,persistent_vegetated,blocked CV; controls precipitation+T2m+SSRD+RZSM+CO2+VPD,cos(latitude),3628.0,<PROJECT_ROOT>\CANONICAL_WGPE_TOP100_v2\03_SOURCE_DATA\PROVENANCE_INPUTS\TARGETED_RECONCILIATION_v2.1.3\TEMPORAL_PRECEDENCE_EFFECT_SIZE_v2.1.3.csv,669a29ea0b920676dd6f26e7a4ebcce32ddca912988682438c5e208e8f37efdf,Figure 3f caption,Results,main_companion_descriptive,MAIN,FINAL_MAIN,-0.0741238835783696,positive_area=32.2337120989995%
FINAL_F3CV_06,Does the lag-3 ecology model improve blocked-CV performance?,LAI delta_RMSE_improvement lag 1-3,delta_RMSE_improvement,-0.0257660590732134,-0.03409777848597,-0.0169340009202098,standardized RMSE,product-specific,persistent_vegetated,blocked CV; controls precipitation+T2m+SSRD+RZSM+CO2+VPD,cos(latitude),3628.0,<PROJECT_ROOT>\CANONICAL_WGPE_TOP100_v2\03_SOURCE_DATA\PROVENANCE_INPUTS\TARGETED_RECONCILIATION_v2.1.3\TEMPORAL_PRECEDENCE_EFFECT_SIZE_v2.1.3.csv,669a29ea0b920676dd6f26e7a4ebcce32ddca912988682438c5e208e8f37efdf,Figure 3f caption,Results,main_companion_descriptive,MAIN,FINAL_MAIN,-0.0257660590732134,positive_area=32.2337120989995%
FINAL_F3F_01,Where does W-GPE show lag-3 statistical temporal precedence for ecology?,GPP forward-only time-preserving lag 1-3 classification,area_fraction_pct,7.67225221581619,6.31042203268167,9.13302510329694,%,product-specific,persistent vegetated land,ordinary nested F-test with time-preserving lag construction; 10-degree spatial-block bootstrap,cos(latitude),17877.0,<PROJECT_ROOT>\CANONICAL_WGPE_TOP100_v2\03_SOURCE_DATA\PROVENANCE_INPUTS\SCIENTIFIC_RESOLUTION_v2.1.4\FIG3F_SOURCE_FINAL.csv,7502a2e2b665c4d1002fcd5c08670f7570c556e3770020e9d472c84063213bac,Figure 3f,Results,main_companion_descriptive,MAIN,FINAL_MAIN,7.67225221581619,Exploratory sample-in temporal-precedence classification; not causal and not general out-of-sample improvement
FINAL_F3F_02,Where does W-GPE show lag-3 statistical temporal precedence for ecology?,GPP reverse-only time-preserving lag 1-3 classification,area_fraction_pct,1.63131717167083,1.18481099809901,2.12725421166519,%,product-specific,persistent vegetated land,ordinary nested F-test with time-preserving lag construction; 10-degree spatial-block bootstrap,cos(latitude),17877.0,<PROJECT_ROOT>\CANONICAL_WGPE_TOP100_v2\03_SOURCE_DATA\PROVENANCE_INPUTS\SCIENTIFIC_RESOLUTION_v2.1.4\FIG3F_SOURCE_FINAL.csv,7502a2e2b665c4d1002fcd5c08670f7570c556e3770020e9d472c84063213bac,Figure 3f,Results,main_companion_descriptive,MAIN,FINAL_MAIN,1.63131717167083,Exploratory sample-in temporal-precedence classification; not causal and not general out-of-sample improvement
FINAL_F3F_03,Where does W-GPE show lag-3 statistical temporal precedence for ecology?,GPP bidirectional time-preserving lag 1-3 classification,area_fraction_pct,0.112405798868067,0.0464019219047333,0.198937255833517,%,product-specific,persistent vegetated land,ordinary nested F-test with time-preserving lag construction; 10-degree spatial-block bootstrap,cos(latitude),17877.0,<PROJECT_ROOT>\CANONICAL_WGPE_TOP100_v2\03_SOURCE_DATA\PROVENANCE_INPUTS\SCIENTIFIC_RESOLUTION_v2.1.4\FIG3F_SOURCE_FINAL.csv,7502a2e2b665c4d1002fcd5c08670f7570c556e3770020e9d472c84063213bac,Figure 3f,Results,main_companion_descriptive,MAIN,FINAL_MAIN,0.112405798868067,Exploratory sample-in temporal-precedence classification; not causal and not general out-of-sample improvement
FINAL_F3F_04,Where does W-GPE show lag-3 statistical temporal precedence for ecology?,GPP none time-preserving lag 1-3 classification,area_fraction_pct,90.5840248136449,89.0767415350917,92.0459762910622,%,product-specific,persistent vegetated land,ordinary nested F-test with time-preserving lag construction; 10-degree spatial-block bootstrap,cos(latitude),17877.0,<PROJECT_ROOT>\CANONICAL_WGPE_TOP100_v2\03_SOURCE_DATA\PROVENANCE_INPUTS\SCIENTIFIC_RESOLUTION_v2.1.4\FIG3F_SOURCE_FINAL.csv,7502a2e2b665c4d1002fcd5c08670f7570c556e3770020e9d472c84063213bac,Figure 3f,Results,main_companion_descriptive,MAIN,FINAL_MAIN,90.5840248136449,Exploratory sample-in temporal-precedence classification; not causal and not general out-of-sample improvement
FINAL_F3F_05,Where does W-GPE show lag-3 statistical temporal precedence for ecology?,LAI forward-only time-preserving lag 1-3 classification,area_fraction_pct,0.0715651654474156,0.0101789735572856,0.149763654771469,%,product-specific,persistent vegetated land,ordinary nested F-test with time-preserving lag construction; 10-degree spatial-block bootstrap,cos(latitude),5828.0,<PROJECT_ROOT>\CANONICAL_WGPE_TOP100_v2\03_SOURCE_DATA\PROVENANCE_INPUTS\SCIENTIFIC_RESOLUTION_v2.1.4\FIG3F_SOURCE_FINAL.csv,7502a2e2b665c4d1002fcd5c08670f7570c556e3770020e9d472c84063213bac,Figure 3f,Results,main_companion_descriptive,MAIN,FINAL_MAIN,0.0715651654474156,Exploratory sample-in temporal-precedence classification; not causal and not general out-of-sample improvement
FINAL_F3F_06,Where does W-GPE show lag-3 statistical temporal precedence for ecology?,LAI reverse-only time-preserving lag 1-3 classification,area_fraction_pct,0.0212968974776277,0.0,0.068199648076546,%,product-specific,persistent vegetated land,ordinary nested F-test with time-preserving lag construction; 10-degree spatial-block bootstrap,cos(latitude),5828.0,<PROJECT_ROOT>\CANONICAL_WGPE_TOP100_v2\03_SOURCE_DATA\PROVENANCE_INPUTS\SCIENTIFIC_RESOLUTION_v2.1.4\FIG3F_SOURCE_FINAL.csv,7502a2e2b665c4d1002fcd5c08670f7570c556e3770020e9d472c84063213bac,Figure 3f,Results,main_companion_descriptive,MAIN,FINAL_MAIN,0.0212968974776277,Exploratory sample-in temporal-precedence classification; not causal and not general out-of-sample improvement
FINAL_F3F_07,Where does W-GPE show lag-3 statistical temporal precedence for ecology?,LAI bidirectional time-preserving lag 1-3 classification,area_fraction_pct,0.0,0.0,0.0,%,product-specific,persistent vegetated land,ordinary nested F-test with time-preserving lag construction; 10-degree spatial-block bootstrap,cos(latitude),5828.0,<PROJECT_ROOT>\CANONICAL_WGPE_TOP100_v2\03_SOURCE_DATA\PROVENANCE_INPUTS\SCIENTIFIC_RESOLUTION_v2.1.4\FIG3F_SOURCE_FINAL.csv,7502a2e2b665c4d1002fcd5c08670f7570c556e3770020e9d472c84063213bac,Figure 3f,Results,main_companion_descriptive,MAIN,FINAL_MAIN,0,Exploratory sample-in temporal-precedence classification; not causal and not general out-of-sample improvement
FINAL_F3F_08,Where does W-GPE show lag-3 statistical temporal precedence for ecology?,LAI none time-preserving lag 1-3 classification,area_fraction_pct,99.9071379370749,99.8170503288784,99.9803607788792,%,product-specific,persistent vegetated land,ordinary nested F-test with time-preserving lag construction; 10-degree spatial-block bootstrap,cos(latitude),5828.0,<PROJECT_ROOT>\CANONICAL_WGPE_TOP100_v2\03_SOURCE_DATA\PROVENANCE_INPUTS\SCIENTIFIC_RESOLUTION_v2.1.4\FIG3F_SOURCE_FINAL.csv,7502a2e2b665c4d1002fcd5c08670f7570c556e3770020e9d472c84063213bac,Figure 3f,Results,main_companion_descriptive,MAIN,FINAL_MAIN,99.9071379370749,Exploratory sample-in temporal-precedence classification; not causal and not general out-of-sample improvement
TOP100R000001,TOP100 global and climate-band trends,TOP100 global and climate-band trends |  |  | z_trend_m_yr | Global | absolute | top100,z_trend_m_yr,0.819478444957555,,,m yr-1,1979-2024,all-valid common TOP100 grid,calendar-month anomalies; grid-cell OLS; cos(latitude) regional mean,as specified in source,65160.0,<PROJECT_ROOT>\CANONICAL_WGPE_TOP100_v2\03_SOURCE_DATA\REGISTERED_SOURCES\Trend_results_FINAL_v3__d519c8b779.csv,d519c8b77930a2f30dea7f45aed021caa987ab6641deb7abea7c6b907a6dd906,,core,main_core,MAIN,FINAL_MAIN,0.819478444957555,
TOP100R000002,TOP100 global and climate-band trends,TOP100 global and climate-band trends |  |  | wgpe_trend_J_m2_yr | Global | absolute | top100,wgpe_trend_J_m2_yr,672.055360999501,,,J m-2 yr-1,1979-2024,all-valid common TOP100 grid,calendar-month anomalies; grid-cell OLS; cos(latitude) regional mean,as specified in source,65160.0,<PROJECT_ROOT>\CANONICAL_WGPE_TOP100_v2\03_SOURCE_DATA\REGISTERED_SOURCES\Trend_results_FINAL_v3__d519c8b779.csv,d519c8b77930a2f30dea7f45aed021caa987ab6641deb7abea7c6b907a6dd906,,core,main_core,MAIN,FINAL_MAIN,672.055360999501,
TOP100R000003,TOP100 global and climate-band trends,TOP100 global and climate-band trends |  |  | iwv_trend_kg_m2_yr | Global | absolute | top100,iwv_trend_kg_m2_yr,0.019009980632059,,,kg m-2 yr-1,1979-2024,all-valid common TOP100 grid,calendar-month anomalies; grid-cell OLS; cos(latitude) regional mean,as specified in source,65160.0,<PROJECT_ROOT>\CANONICAL_WGPE_TOP100_v2\03_SOURCE_DATA\REGISTERED_SOURCES\Trend_results_FINAL_v3__d519c8b779.csv,d519c8b77930a2f30dea7f45aed021caa987ab6641deb7abea7c6b907a6dd906,,core,main_core,MAIN,FINAL_MAIN,0.019009980632059,
TOP100R000004,TOP100 global and climate-band trends,TOP100 global and climate-band trends |  |  | mean_z_m | Global | absolute | top100,mean_z_m,2163.95177621241,,,m,1979-2024,all-valid common TOP100 grid,calendar-month anomalies; grid-cell OLS; cos(latitude) regional mean,as specified in source,65160.0,<PROJECT_ROOT>\CANONICAL_WGPE_TOP100_v2\03_SOURCE_DATA\REGISTERED_SOURCES\Trend_results_FINAL_v3__d519c8b779.csv,d519c8b77930a2f30dea7f45aed021caa987ab6641deb7abea7c6b907a6dd906,,core,main_core,MAIN,FINAL_MAIN,2163.95177621241,
TOP100R000005,TOP100 global and climate-band trends,TOP100 global and climate-band trends |  |  | mean_iwv_kg_m2 | Global | absolute | top100,mean_iwv_kg_m2,23.3324507444274,,,kg m-2,1979-2024,all-valid common TOP100 grid,calendar-month anomalies; grid-cell OLS; cos(latitude) regional mean,as specified in source,65160.0,<PROJECT_ROOT>\CANONICAL_WGPE_TOP100_v2\03_SOURCE_DATA\REGISTERED_SOURCES\Trend_results_FINAL_v3__d519c8b779.csv,d519c8b77930a2f30dea7f45aed021caa987ab6641deb7abea7c6b907a6dd906,,core,main_core,MAIN,FINAL_MAIN,23.3324507444274,
TOP100R000006,TOP100 global and climate-band trends,TOP100 global and climate-band trends |  |  | z_trend_m_yr | S high latitude | absolute | top100,z_trend_m_yr,-0.374998823912133,,,m yr-1,1979-2024,all-valid common TOP100 grid,calendar-month anomalies; grid-cell OLS; cos(latitude) regional mean,as specified in source,8640.0,<PROJECT_ROOT>\CANONICAL_WGPE_TOP100_v2\03_SOURCE_DATA\REGISTERED_SOURCES\Trend_results_FINAL_v3__d519c8b779.csv,d519c8b77930a2f30dea7f45aed021caa987ab6641deb7abea7c6b907a6dd906,,core,main_core,MAIN,FINAL_MAIN,-0.374998823912133,
TOP100R000007,TOP100 global and climate-band trends,TOP100 global and climate-band trends |  |  | wgpe_trend_J_m2_yr | S high latitude | absolute | top100,wgpe_trend_J_m2_yr,-6.03592502913372,,,J m-2 yr-1,1979-2024,all-valid common TOP100 grid,calendar-month anomalies; grid-cell OLS; cos(latitude) regional mean,as specified in source,8640.0,<PROJECT_ROOT>\CANONICAL_WGPE_TOP100_v2\03_SOURCE_DATA\REGISTERED_SOURCES\Trend_results_FINAL_v3__d519c8b779.csv,d519c8b77930a2f30dea7f45aed021caa987ab6641deb7abea7c6b907a6dd906,,core,main_core,MAIN,FINAL_MAIN,-6.03592502913372,
TOP100R000008,TOP100 global and climate-band trends,TOP100 global and climate-band trends |  |  | iwv_trend_kg_m2_yr | S high latitude | absolute | top100,iwv_trend_kg_m2_yr,0.0004971263808175,,,kg m-2 yr-1,1979-2024,all-valid common TOP100 grid,calendar-month anomalies; grid-cell OLS; cos(latitude) regional mean,as specified in source,8640.0,<PROJECT_ROOT>\CANONICAL_WGPE_TOP100_v2\03_SOURCE_DATA\REGISTERED_SOURCES\Trend_results_FINAL_v3__d519c8b779.csv,d519c8b77930a2f30dea7f45aed021caa987ab6641deb7abea7c6b907a6dd906,,core,main_core,MAIN,FINAL_MAIN,0.0004971263808175,
TOP100R000009,TOP100 global and climate-band trends,TOP100 global and climate-band trends |  |  | mean_z_m | S high latitude | absolute | top100,mean_z_m,3127.65574540644,,,m,1979-2024,all-valid common TOP100 grid,calendar-month anomalies; grid-cell OLS; cos(latitude) regional mean,as specified in source,8640.0,<PROJECT_ROOT>\CANONICAL_WGPE_TOP100_v2\03_SOURCE_DATA\REGISTERED_SOURCES\Trend_results_FINAL_v3__d519c8b779.csv,d519c8b77930a2f30dea7f45aed021caa987ab6641deb7abea7c6b907a6dd906,,core,main_core,MAIN,FINAL_MAIN,3127.65574540644,
TOP100R000010,TOP100 global and climate-band trends,TOP100 global and climate-band trends |  |  | mean_iwv_kg_m2 | S high latitude | absolute | top100,mean_iwv_kg_m2,2.49316441183013,,,kg m-2,1979-2024,all-valid common TOP100 grid,calendar-month anomalies; grid-cell OLS; cos(latitude) regional mean,as specified in source,8640.0,<PROJECT_ROOT>\CANONICAL_WGPE_TOP100_v2\03_SOURCE_DATA\REGISTERED_SOURCES\Trend_results_FINAL_v3__d519c8b779.csv,d519c8b77930a2f30dea7f45aed021caa987ab6641deb7abea7c6b907a6dd906,,core,main_core,MAIN,FINAL_MAIN,2.49316441183013,
TOP100R000011,TOP100 global and climate-band trends,TOP100 global and climate-band trends |  |  | z_trend_m_yr | S temperate | absolute | top100,z_trend_m_yr,0.816084416049443,,,m yr-1,1979-2024,all-valid common TOP100 grid,calendar-month anomalies; grid-cell OLS; cos(latitude) regional mean,as specified in source,15480.0,<PROJECT_ROOT>\CANONICAL_WGPE_TOP100_v2\03_SOURCE_DATA\REGISTERED_SOURCES\Trend_results_FINAL_v3__d519c8b779.csv,d519c8b77930a2f30dea7f45aed021caa987ab6641deb7abea7c6b907a6dd906,,core,main_core,MAIN,FINAL_MAIN,0.816084416049443,
TOP100R000012,TOP100 global and climate-band trends,TOP100 global and climate-band trends |  |  | wgpe_trend_J_m2_yr | S temperate | absolute | top100,wgpe_trend_J_m2_yr,292.432535613108,,,J m-2 yr-1,1979-2024,all-valid common TOP100 grid,calendar-month anomalies; grid-cell OLS; cos(latitude) regional mean,as specified in source,15480.0,<PROJECT_ROOT>\CANONICAL_WGPE_TOP100_v2\03_SOURCE_DATA\REGISTERED_SOURCES\Trend_results_FINAL_v3__d519c8b779.csv,d519c8b77930a2f30dea7f45aed021caa987ab6641deb7abea7c6b907a6dd906,,core,main_core,MAIN,FINAL_MAIN,292.432535613108,
TOP100R000013,TOP100 global and climate-band trends,TOP100 global and climate-band trends |  |  | iwv_trend_kg_m2_yr | S temperate | absolute | top100,iwv_trend_kg_m2_yr,0.0083670685180328,,,kg m-2 yr-1,1979-2024,all-valid common TOP100 grid,calendar-month anomalies; grid-cell OLS; cos(latitude) regional mean,as specified in source,15480.0,<PROJECT_ROOT>\CANONICAL_WGPE_TOP100_v2\03_SOURCE_DATA\REGISTERED_SOURCES\Trend_results_FINAL_v3__d519c8b779.csv,d519c8b77930a2f30dea7f45aed021caa987ab6641deb7abea7c6b907a6dd906,,core,main_core,MAIN,FINAL_MAIN,0.0083670685180328,
TOP100R000014,TOP100 global and climate-band trends,TOP100 global and climate-band trends |  |  | mean_z_m | S temperate | absolute | top100,mean_z_m,1912.92442770087,,,m,1979-2024,all-valid common TOP100 grid,calendar-month anomalies; grid-cell OLS; cos(latitude) regional mean,as specified in source,15480.0,<PROJECT_ROOT>\CANONICAL_WGPE_TOP100_v2\03_SOURCE_DATA\REGISTERED_SOURCES\Trend_results_FINAL_v3__d519c8b779.csv,d519c8b77930a2f30dea7f45aed021caa987ab6641deb7abea7c6b907a6dd906,,core,main_core,MAIN,FINAL_MAIN,1912.92442770087,
TOP100R000015,TOP100 global and climate-band trends,TOP100 global and climate-band trends |  |  | mean_iwv_kg_m2 | S temperate | absolute | top100,mean_iwv_kg_m2,15.1672083432137,,,kg m-2,1979-2024,all-valid common TOP100 grid,calendar-month anomalies; grid-cell OLS; cos(latitude) regional mean,as specified in source,15480.0,<PROJECT_ROOT>\CANONICAL_WGPE_TOP100_v2\03_SOURCE_DATA\REGISTERED_SOURCES\Trend_results_FINAL_v3__d519c8b779.csv,d519c8b77930a2f30dea7f45aed021caa987ab6641deb7abea7c6b907a6dd906,,core,main_core,MAIN,FINAL_MAIN,15.1672083432137,
TOP100R000016,TOP100 global and climate-band trends,TOP100 global and climate-band trends |  |  | z_trend_m_yr | Tropics | absolute | top100,z_trend_m_yr,1.28517385239671,,,m yr-1,1979-2024,all-valid common TOP100 grid,calendar-month anomalies; grid-cell OLS; cos(latitude) regional mean,as specified in source,16920.0,<PROJECT_ROOT>\CANONICAL_WGPE_TOP100_v2\03_SOURCE_DATA\REGISTERED_SOURCES\Trend_results_FINAL_v3__d519c8b779.csv,d519c8b77930a2f30dea7f45aed021caa987ab6641deb7abea7c6b907a6dd906,,core,main_core,MAIN,FINAL_MAIN,1.28517385239671,
TOP100R000017,TOP100 global and climate-band trends,TOP100 global and climate-band trends |  |  | wgpe_trend_J_m2_yr | Tropics | absolute | top100,wgpe_trend_J_m2_yr,1035.19246435666,,,J m-2 yr-1,1979-2024,all-valid common TOP100 grid,calendar-month anomalies; grid-cell OLS; cos(latitude) regional mean,as specified in source,16920.0,<PROJECT_ROOT>\CANONICAL_WGPE_TOP100_v2\03_SOURCE_DATA\REGISTERED_SOURCES\Trend_results_FINAL_v3__d519c8b779.csv,d519c8b77930a2f30dea7f45aed021caa987ab6641deb7abea7c6b907a6dd906,,core,main_core,MAIN,FINAL_MAIN,1035.19246435666,
TOP100R000018,TOP100 global and climate-band trends,TOP100 global and climate-band trends |  |  | iwv_trend_kg_m2_yr | Tropics | absolute | top100,iwv_trend_kg_m2_yr,0.0247171853344724,,,kg m-2 yr-1,1979-2024,all-valid common TOP100 grid,calendar-month anomalies; grid-cell OLS; cos(latitude) regional mean,as specified in source,16920.0,<PROJECT_ROOT>\CANONICAL_WGPE_TOP100_v2\03_SOURCE_DATA\REGISTERED_SOURCES\Trend_results_FINAL_v3__d519c8b779.csv,d519c8b77930a2f30dea7f45aed021caa987ab6641deb7abea7c6b907a6dd906,,core,main_core,MAIN,FINAL_MAIN,0.0247171853344724,
TOP100R000019,TOP100 global and climate-band trends,TOP100 global and climate-band trends |  |  | mean_z_m | Tropics | absolute | top100,mean_z_m,2108.96672958204,,,m,1979-2024,all-valid common TOP100 grid,calendar-month anomalies; grid-cell OLS; cos(latitude) regional mean,as specified in source,16920.0,<PROJECT_ROOT>\CANONICAL_WGPE_TOP100_v2\03_SOURCE_DATA\REGISTERED_SOURCES\Trend_results_FINAL_v3__d519c8b779.csv,d519c8b77930a2f30dea7f45aed021caa987ab6641deb7abea7c6b907a6dd906,,core,main_core,MAIN,FINAL_MAIN,2108.96672958204,
TOP100R000020,TOP100 global and climate-band trends,TOP100 global and climate-band trends |  |  | mean_iwv_kg_m2 | Tropics | absolute | top100,mean_iwv_kg_m2,36.9566524226046,,,kg m-2,1979-2024,all-valid common TOP100 grid,calendar-month anomalies; grid-cell OLS; cos(latitude) regional mean,as specified in source,16920.0,<PROJECT_ROOT>\CANONICAL_WGPE_TOP100_v2\03_SOURCE_DATA\REGISTERED_SOURCES\Trend_results_FINAL_v3__d519c8b779.csv,d519c8b77930a2f30dea7f45aed021caa987ab6641deb7abea7c6b907a6dd906,,core,main_core,MAIN,FINAL_MAIN,36.9566524226046,
TOP100R000021,TOP100 global and climate-band trends,TOP100 global and climate-band trends |  |  | z_trend_m_yr | N temperate | absolute | top100,z_trend_m_yr,0.660054173504714,,,m yr-1,1979-2024,all-valid common TOP100 grid,calendar-month anomalies; grid-cell OLS; cos(latitude) regional mean,as specified in source,15480.0,<PROJECT_ROOT>\CANONICAL_WGPE_TOP100_v2\03_SOURCE_DATA\REGISTERED_SOURCES\Trend_results_FINAL_v3__d519c8b779.csv,d519c8b77930a2f30dea7f45aed021caa987ab6641deb7abea7c6b907a6dd906,,core,main_core,MAIN,FINAL_MAIN,0.660054173504714,
TOP100R000022,TOP100 global and climate-band trends,TOP100 global and climate-band trends |  |  | wgpe_trend_J_m2_yr | N temperate | absolute | top100,wgpe_trend_J_m2_yr,651.336640001431,,,J m-2 yr-1,1979-2024,all-valid common TOP100 grid,calendar-month anomalies; grid-cell OLS; cos(latitude) regional mean,as specified in source,15480.0,<PROJECT_ROOT>\CANONICAL_WGPE_TOP100_v2\03_SOURCE_DATA\REGISTERED_SOURCES\Trend_results_FINAL_v3__d519c8b779.csv,d519c8b77930a2f30dea7f45aed021caa987ab6641deb7abea7c6b907a6dd906,,core,main_core,MAIN,FINAL_MAIN,651.336640001431,
TOP100R000023,TOP100 global and climate-band trends,TOP100 global and climate-band trends |  |  | iwv_trend_kg_m2_yr | N temperate | absolute | top100,iwv_trend_kg_m2_yr,0.0237564677550177,,,kg m-2 yr-1,1979-2024,all-valid common TOP100 grid,calendar-month anomalies; grid-cell OLS; cos(latitude) regional mean,as specified in source,15480.0,<PROJECT_ROOT>\CANONICAL_WGPE_TOP100_v2\03_SOURCE_DATA\REGISTERED_SOURCES\Trend_results_FINAL_v3__d519c8b779.csv,d519c8b77930a2f30dea7f45aed021caa987ab6641deb7abea7c6b907a6dd906,,core,main_core,MAIN,FINAL_MAIN,0.0237564677550177,
TOP100R000024,TOP100 global and climate-band trends,TOP100 global and climate-band trends |  |  | mean_z_m | N temperate | absolute | top100,mean_z_m,2331.39732885186,,,m,1979-2024,all-valid common TOP100 grid,calendar-month anomalies; grid-cell OLS; cos(latitude) regional mean,as specified in source,15480.0,<PROJECT_ROOT>\CANONICAL_WGPE_TOP100_v2\03_SOURCE_DATA\REGISTERED_SOURCES\Trend_results_FINAL_v3__d519c8b779.csv,d519c8b77930a2f30dea7f45aed021caa987ab6641deb7abea7c6b907a6dd906,,core,main_core,MAIN,FINAL_MAIN,2331.39732885186,
TOP100R000025,TOP100 global and climate-band trends,TOP100 global and climate-band trends |  |  | mean_iwv_kg_m2 | N temperate | absolute | top100,mean_iwv_kg_m2,16.5831846162351,,,kg m-2,1979-2024,all-valid common TOP100 grid,calendar-month anomalies; grid-cell OLS; cos(latitude) regional mean,as specified in source,15480.0,<PROJECT_ROOT>\CANONICAL_WGPE_TOP100_v2\03_SOURCE_DATA\REGISTERED_SOURCES\Trend_results_FINAL_v3__d519c8b779.csv,d519c8b77930a2f30dea7f45aed021caa987ab6641deb7abea7c6b907a6dd906,,core,main_core,MAIN,FINAL_MAIN,16.5831846162351,
TOP100R000026,TOP100 global and climate-band trends,TOP100 global and climate-band trends |  |  | z_trend_m_yr | N high latitude | absolute | top100,z_trend_m_yr,-1.44797798058309,,,m yr-1,1979-2024,all-valid common TOP100 grid,calendar-month anomalies; grid-cell OLS; cos(latitude) regional mean,as specified in source,8640.0,<PROJECT_ROOT>\CANONICAL_WGPE_TOP100_v2\03_SOURCE_DATA\REGISTERED_SOURCES\Trend_results_FINAL_v3__d519c8b779.csv,d519c8b77930a2f30dea7f45aed021caa987ab6641deb7abea7c6b907a6dd906,,core,main_core,MAIN,FINAL_MAIN,-1.44797798058309,
TOP100R000027,TOP100 global and climate-band trends,TOP100 global and climate-band trends |  |  | wgpe_trend_J_m2_yr | N high latitude | absolute | top100,wgpe_trend_J_m2_yr,359.82211764748,,,J m-2 yr-1,1979-2024,all-valid common TOP100 grid,calendar-month anomalies; grid-cell OLS; cos(latitude) regional mean,as specified in source,8640.0,<PROJECT_ROOT>\CANONICAL_WGPE_TOP100_v2\03_SOURCE_DATA\REGISTERED_SOURCES\Trend_results_FINAL_v3__d519c8b779.csv,d519c8b77930a2f30dea7f45aed021caa987ab6641deb7abea7c6b907a6dd906,,core,main_core,MAIN,FINAL_MAIN,359.82211764748,
TOP100R000028,TOP100 global and climate-band trends,TOP100 global and climate-band trends |  |  | iwv_trend_kg_m2_yr | N high latitude | absolute | top100,iwv_trend_kg_m2_yr,0.0194858045806783,,,kg m-2 yr-1,1979-2024,all-valid common TOP100 grid,calendar-month anomalies; grid-cell OLS; cos(latitude) regional mean,as specified in source,8640.0,<PROJECT_ROOT>\CANONICAL_WGPE_TOP100_v2\03_SOURCE_DATA\REGISTERED_SOURCES\Trend_results_FINAL_v3__d519c8b779.csv,d519c8b77930a2f30dea7f45aed021caa987ab6641deb7abea7c6b907a6dd906,,core,main_core,MAIN,FINAL_MAIN,0.0194858045806783,
TOP100R000029,TOP100 global and climate-band trends,TOP100 global and climate-band trends |  |  | mean_z_m | N high latitude | absolute | top100,mean_z_m,2251.75435775213,,,m,1979-2024,all-valid common TOP100 grid,calendar-month anomalies; grid-cell OLS; cos(latitude) regional mean,as specified in source,8640.0,<PROJECT_ROOT>\CANONICAL_WGPE_TOP100_v2\03_SOURCE_DATA\REGISTERED_SOURCES\Trend_results_FINAL_v3__d519c8b779.csv,d519c8b77930a2f30dea7f45aed021caa987ab6641deb7abea7c6b907a6dd906,,core,main_core,MAIN,FINAL_MAIN,2251.75435775213,
TOP100R000030,TOP100 global and climate-band trends,TOP100 global and climate-band trends |  |  | mean_iwv_kg_m2 | N high latitude | absolute | top100,mean_iwv_kg_m2,6.35688003606418,,,kg m-2,1979-2024,all-valid common TOP100 grid,calendar-month anomalies; grid-cell OLS; cos(latitude) regional mean,as specified in source,8640.0,<PROJECT_ROOT>\CANONICAL_WGPE_TOP100_v2\03_SOURCE_DATA\REGISTERED_SOURCES\Trend_results_FINAL_v3__d519c8b779.csv,d519c8b77930a2f30dea7f45aed021caa987ab6641deb7abea7c6b907a6dd906,,core,main_core,MAIN,FINAL_MAIN,6.35688003606418,
TOP100R000031,exact W-GPE trend product decomposition,exact W-GPE trend product decomposition |  |  | actual | Global | absolute | top100,actual,672.055360999501,,,J m-2 yr-1,1979-2024,all-valid common TOP100 grid,"grid-cell exact centered-product decomposition, then cos(latitude) aggregation",as specified in source,65160.0,<PROJECT_ROOT>\CANONICAL_WGPE_TOP100_v2\03_SOURCE_DATA\REGISTERED_SOURCES\WGPE_decomposition_FINAL_v3__d4b03cc1e1.csv,d4b03cc1e147973cc3f8137603c0026049c8e786a5b672991ba21001d5236d47,,core,main_core,MAIN,FINAL_MAIN,672.055360999501,
TOP100R000032,exact W-GPE trend product decomposition,exact W-GPE trend product decomposition |  |  | IWV | Global | absolute | top100,IWV,398.816630790153,,,J m-2 yr-1,1979-2024,all-valid common TOP100 grid,"grid-cell exact centered-product decomposition, then cos(latitude) aggregation",as specified in source,65160.0,<PROJECT_ROOT>\CANONICAL_WGPE_TOP100_v2\03_SOURCE_DATA\REGISTERED_SOURCES\WGPE_decomposition_FINAL_v3__d4b03cc1e1.csv,d4b03cc1e147973cc3f8137603c0026049c8e786a5b672991ba21001d5236d47,,core,main_core,MAIN,FINAL_MAIN,398.816630790153,
TOP100R000033,exact W-GPE trend product decomposition,exact W-GPE trend product decomposition |  |  | z | Global | absolute | top100,z,255.255589986277,,,J m-2 yr-1,1979-2024,all-valid common TOP100 grid,"grid-cell exact centered-product decomposition, then cos(latitude) aggregation",as specified in source,65160.0,<PROJECT_ROOT>\CANONICAL_WGPE_TOP100_v2\03_SOURCE_DATA\REGISTERED_SOURCES\WGPE_decomposition_FINAL_v3__d4b03cc1e1.csv,d4b03cc1e147973cc3f8137603c0026049c8e786a5b672991ba21001d5236d47,,core,main_core,MAIN,FINAL_MAIN,255.255589986277,
TOP100R000034,exact W-GPE trend product decomposition,exact W-GPE trend product decomposition |  |  | interaction | Global | absolute | top100,interaction,17.983140284728,,,J m-2 yr-1,1979-2024,all-valid common TOP100 grid,"grid-cell exact centered-product decomposition, then cos(latitude) aggregation",as specified in source,65160.0,<PROJECT_ROOT>\CANONICAL_WGPE_TOP100_v2\03_SOURCE_DATA\REGISTERED_SOURCES\WGPE_decomposition_FINAL_v3__d4b03cc1e1.csv,d4b03cc1e147973cc3f8137603c0026049c8e786a5b672991ba21001d5236d47,,core,main_core,MAIN,FINAL_MAIN,17.983140284728,
TOP100R000035,exact W-GPE trend product decomposition,exact W-GPE trend product decomposition |  |  | sum_channels | Global | absolute | top100,sum_channels,672.055361061158,,,J m-2 yr-1,1979-2024,all-valid common TOP100 grid,"grid-cell exact centered-product decomposition, then cos(latitude) aggregation",as specified in source,65160.0,<PROJECT_ROOT>\CANONICAL_WGPE_TOP100_v2\03_SOURCE_DATA\REGISTERED_SOURCES\WGPE_decomposition_FINAL_v3__d4b03cc1e1.csv,d4b03cc1e147973cc3f8137603c0026049c8e786a5b672991ba21001d5236d47,,core,main_core,MAIN,FINAL_MAIN,672.055361061158,
TOP100R000036,exact W-GPE trend product decomposition,exact W-GPE trend product decomposition |  |  | residual | Global | absolute | top100,residual,-6.16563999945231e-08,,,J m-2 yr-1,1979-2024,all-valid common TOP100 grid,"grid-cell exact centered-product decomposition, then cos(latitude) aggregation",as specified in source,65160.0,<PROJECT_ROOT>\CANONICAL_WGPE_TOP100_v2\03_SOURCE_DATA\REGISTERED_SOURCES\WGPE_decomposition_FINAL_v3__d4b03cc1e1.csv,d4b03cc1e147973cc3f8137603c0026049c8e786a5b672991ba21001d5236d47,,core,main_core,MAIN,FINAL_MAIN,-6.16563999945231e-08,
TOP100R000037,exact W-GPE trend product decomposition,exact W-GPE trend product decomposition |  |  | actual | S high latitude | absolute | top100,actual,-6.03592502913372,,,J m-2 yr-1,1979-2024,all-valid common TOP100 grid,"grid-cell exact centered-product decomposition, then cos(latitude) aggregation",as specified in source,8640.0,<PROJECT_ROOT>\CANONICAL_WGPE_TOP100_v2\03_SOURCE_DATA\REGISTERED_SOURCES\WGPE_decomposition_FINAL_v3__d4b03cc1e1.csv,d4b03cc1e147973cc3f8137603c0026049c8e786a5b672991ba21001d5236d47,,core,main_core,MAIN,FINAL_MAIN,-6.03592502913372,
TOP100R000038,exact W-GPE trend product decomposition,exact W-GPE trend product decomposition |  |  | IWV | S high latitude | absolute | top100,IWV,7.02139879655895,,,J m-2 yr-1,1979-2024,all-valid common TOP100 grid,"grid-cell exact centered-product decomposition, then cos(latitude) aggregation",as specified in source,8640.0,<PROJECT_ROOT>\CANONICAL_WGPE_TOP100_v2\03_SOURCE_DATA\REGISTERED_SOURCES\WGPE_decomposition_FINAL_v3__d4b03cc1e1.csv,d4b03cc1e147973cc3f8137603c0026049c8e786a5b672991ba21001d5236d47,,core,main_core,MAIN,FINAL_MAIN,7.02139879655895,
TOP100R000039,exact W-GPE trend product decomposition,exact W-GPE trend product decomposition |  |  | z | S high latitude | absolute | top100,z,-12.5216595757042,,,J m-2 yr-1,1979-2024,all-valid common TOP100 grid,"grid-cell exact centered-product decomposition, then cos(latitude) aggregation",as specified in source,8640.0,<PROJECT_ROOT>\CANONICAL_WGPE_TOP100_v2\03_SOURCE_DATA\REGISTERED_SOURCES\WGPE_decomposition_FINAL_v3__d4b03cc1e1.csv,d4b03cc1e147973cc3f8137603c0026049c8e786a5b672991ba21001d5236d47,,core,main_core,MAIN,FINAL_MAIN,-12.5216595757042,
TOP100R000040,exact W-GPE trend product decomposition,exact W-GPE trend product decomposition |  |  | interaction | S high latitude | absolute | top100,interaction,-0.535664363463613,,,J m-2 yr-1,1979-2024,all-valid common TOP100 grid,"grid-cell exact centered-product decomposition, then cos(latitude) aggregation",as specified in source,8640.0,<PROJECT_ROOT>\CANONICAL_WGPE_TOP100_v2\03_SOURCE_DATA\REGISTERED_SOURCES\WGPE_decomposition_FINAL_v3__d4b03cc1e1.csv,d4b03cc1e147973cc3f8137603c0026049c8e786a5b672991ba21001d5236d47,,core,main_core,MAIN,FINAL_MAIN,-0.535664363463613,
TOP100R000041,exact W-GPE trend product decomposition,exact W-GPE trend product decomposition |  |  | sum_channels | S high latitude | absolute | top100,sum_channels,-6.03592514260887,,,J m-2 yr-1,1979-2024,all-valid common TOP100 grid,"grid-cell exact centered-product decomposition, then cos(latitude) aggregation",as specified in source,8640.0,<PROJECT_ROOT>\CANONICAL_WGPE_TOP100_v2\03_SOURCE_DATA\REGISTERED_SOURCES\WGPE_decomposition_FINAL_v3__d4b03cc1e1.csv,d4b03cc1e147973cc3f8137603c0026049c8e786a5b672991ba21001d5236d47,,core,main_core,MAIN,FINAL_MAIN,-6.03592514260887,
TOP100R000042,exact W-GPE trend product decomposition,exact W-GPE trend product decomposition |  |  | residual | S high latitude | absolute | top100,residual,1.13475149049769e-07,,,J m-2 yr-1,1979-2024,all-valid common TOP100 grid,"grid-cell exact centered-product decomposition, then cos(latitude) aggregation",as specified in source,8640.0,<PROJECT_ROOT>\CANONICAL_WGPE_TOP100_v2\03_SOURCE_DATA\REGISTERED_SOURCES\WGPE_decomposition_FINAL_v3__d4b03cc1e1.csv,d4b03cc1e147973cc3f8137603c0026049c8e786a5b672991ba21001d5236d47,,core,main_core,MAIN,FINAL_MAIN,1.13475149049769e-07,
TOP100R000043,exact W-GPE trend product decomposition,exact W-GPE trend product decomposition |  |  | actual | S temperate | absolute | top100,actual,292.432535613108,,,J m-2 yr-1,1979-2024,all-valid common TOP100 grid,"grid-cell exact centered-product decomposition, then cos(latitude) aggregation",as specified in source,15480.0,<PROJECT_ROOT>\CANONICAL_WGPE_TOP100_v2\03_SOURCE_DATA\REGISTERED_SOURCES\WGPE_decomposition_FINAL_v3__d4b03cc1e1.csv,d4b03cc1e147973cc3f8137603c0026049c8e786a5b672991ba21001d5236d47,,core,main_core,MAIN,FINAL_MAIN,292.432535613108,
TOP100R000044,exact W-GPE trend product decomposition,exact W-GPE trend product decomposition |  |  | IWV | S temperate | absolute | top100,IWV,154.110636286283,,,J m-2 yr-1,1979-2024,all-valid common TOP100 grid,"grid-cell exact centered-product decomposition, then cos(latitude) aggregation",as specified in source,15480.0,<PROJECT_ROOT>\CANONICAL_WGPE_TOP100_v2\03_SOURCE_DATA\REGISTERED_SOURCES\WGPE_decomposition_FINAL_v3__d4b03cc1e1.csv,d4b03cc1e147973cc3f8137603c0026049c8e786a5b672991ba21001d5236d47,,core,main_core,MAIN,FINAL_MAIN,154.110636286283,
TOP100R000045,exact W-GPE trend product decomposition,exact W-GPE trend product decomposition |  |  | z | S temperate | absolute | top100,z,126.579807387416,,,J m-2 yr-1,1979-2024,all-valid common TOP100 grid,"grid-cell exact centered-product decomposition, then cos(latitude) aggregation",as specified in source,15480.0,<PROJECT_ROOT>\CANONICAL_WGPE_TOP100_v2\03_SOURCE_DATA\REGISTERED_SOURCES\WGPE_decomposition_FINAL_v3__d4b03cc1e1.csv,d4b03cc1e147973cc3f8137603c0026049c8e786a5b672991ba21001d5236d47,,core,main_core,MAIN,FINAL_MAIN,126.579807387416,
TOP100R000046,exact W-GPE trend product decomposition,exact W-GPE trend product decomposition |  |  | interaction | S temperate | absolute | top100,interaction,11.7420909100716,,,J m-2 yr-1,1979-2024,all-valid common TOP100 grid,"grid-cell exact centered-product decomposition, then cos(latitude) aggregation",as specified in source,15480.0,<PROJECT_ROOT>\CANONICAL_WGPE_TOP100_v2\03_SOURCE_DATA\REGISTERED_SOURCES\WGPE_decomposition_FINAL_v3__d4b03cc1e1.csv,d4b03cc1e147973cc3f8137603c0026049c8e786a5b672991ba21001d5236d47,,core,main_core,MAIN,FINAL_MAIN,11.7420909100716,
TOP100R000047,exact W-GPE trend product decomposition,exact W-GPE trend product decomposition |  |  | sum_channels | S temperate | absolute | top100,sum_channels,292.43253458377,,,J m-2 yr-1,1979-2024,all-valid common TOP100 grid,"grid-cell exact centered-product decomposition, then cos(latitude) aggregation",as specified in source,15480.0,<PROJECT_ROOT>\CANONICAL_WGPE_TOP100_v2\03_SOURCE_DATA\REGISTERED_SOURCES\WGPE_decomposition_FINAL_v3__d4b03cc1e1.csv,d4b03cc1e147973cc3f8137603c0026049c8e786a5b672991ba21001d5236d47,,core,main_core,MAIN,FINAL_MAIN,292.43253458377,
TOP100R000048,exact W-GPE trend product decomposition,exact W-GPE trend product decomposition |  |  | residual | S temperate | absolute | top100,residual,1.02933796628398e-06,,,J m-2 yr-1,1979-2024,all-valid common TOP100 grid,"grid-cell exact centered-product decomposition, then cos(latitude) aggregation",as specified in source,15480.0,<PROJECT_ROOT>\CANONICAL_WGPE_TOP100_v2\03_SOURCE_DATA\REGISTERED_SOURCES\WGPE_decomposition_FINAL_v3__d4b03cc1e1.csv,d4b03cc1e147973cc3f8137603c0026049c8e786a5b672991ba21001d5236d47,,core,main_core,MAIN,FINAL_MAIN,1.02933796628398e-06,
TOP100R000049,exact W-GPE trend product decomposition,exact W-GPE trend product decomposition |  |  | actual | Tropics | absolute | top100,actual,1035.19246435666,,,J m-2 yr-1,1979-2024,all-valid common TOP100 grid,"grid-cell exact centered-product decomposition, then cos(latitude) aggregation",as specified in source,16920.0,<PROJECT_ROOT>\CANONICAL_WGPE_TOP100_v2\03_SOURCE_DATA\REGISTERED_SOURCES\WGPE_decomposition_FINAL_v3__d4b03cc1e1.csv,d4b03cc1e147973cc3f8137603c0026049c8e786a5b672991ba21001d5236d47,,core,main_core,MAIN,FINAL_MAIN,1035.19246435666,
TOP100R000050,exact W-GPE trend product decomposition,exact W-GPE trend product decomposition |  |  | IWV | Tropics | absolute | top100,IWV,528.407460980044,,,J m-2 yr-1,1979-2024,all-valid common TOP100 grid,"grid-cell exact centered-product decomposition, then cos(latitude) aggregation",as specified in source,16920.0,<PROJECT_ROOT>\CANONICAL_WGPE_TOP100_v2\03_SOURCE_DATA\REGISTERED_SOURCES\WGPE_decomposition_FINAL_v3__d4b03cc1e1.csv,d4b03cc1e147973cc3f8137603c0026049c8e786a5b672991ba21001d5236d47,,core,main_core,MAIN,FINAL_MAIN,528.407460980044,
TOP100R000051,exact W-GPE trend product decomposition,exact W-GPE trend product decomposition |  |  | z | Tropics | absolute | top100,z,488.302377395598,,,J m-2 yr-1,1979-2024,all-valid common TOP100 grid,"grid-cell exact centered-product decomposition, then cos(latitude) aggregation",as specified in source,16920.0,<PROJECT_ROOT>\CANONICAL_WGPE_TOP100_v2\03_SOURCE_DATA\REGISTERED_SOURCES\WGPE_decomposition_FINAL_v3__d4b03cc1e1.csv,d4b03cc1e147973cc3f8137603c0026049c8e786a5b672991ba21001d5236d47,,core,main_core,MAIN,FINAL_MAIN,488.302377395598,
TOP100R000052,exact W-GPE trend product decomposition,exact W-GPE trend product decomposition |  |  | interaction | Tropics | absolute | top100,interaction,18.482626649753,,,J m-2 yr-1,1979-2024,all-valid common TOP100 grid,"grid-cell exact centered-product decomposition, then cos(latitude) aggregation",as specified in source,16920.0,<PROJECT_ROOT>\CANONICAL_WGPE_TOP100_v2\03_SOURCE_DATA\REGISTERED_SOURCES\WGPE_decomposition_FINAL_v3__d4b03cc1e1.csv,d4b03cc1e147973cc3f8137603c0026049c8e786a5b672991ba21001d5236d47,,core,main_core,MAIN,FINAL_MAIN,18.482626649753,
TOP100R000053,exact W-GPE trend product decomposition,exact W-GPE trend product decomposition |  |  | sum_channels | Tropics | absolute | top100,sum_channels,1035.1924650254,,,J m-2 yr-1,1979-2024,all-valid common TOP100 grid,"grid-cell exact centered-product decomposition, then cos(latitude) aggregation",as specified in source,16920.0,<PROJECT_ROOT>\CANONICAL_WGPE_TOP100_v2\03_SOURCE_DATA\REGISTERED_SOURCES\WGPE_decomposition_FINAL_v3__d4b03cc1e1.csv,d4b03cc1e147973cc3f8137603c0026049c8e786a5b672991ba21001d5236d47,,core,main_core,MAIN,FINAL_MAIN,1035.1924650254,
TOP100R000054,exact W-GPE trend product decomposition,exact W-GPE trend product decomposition |  |  | residual | Tropics | absolute | top100,residual,-6.68734021963139e-07,,,J m-2 yr-1,1979-2024,all-valid common TOP100 grid,"grid-cell exact centered-product decomposition, then cos(latitude) aggregation",as specified in source,16920.0,<PROJECT_ROOT>\CANONICAL_WGPE_TOP100_v2\03_SOURCE_DATA\REGISTERED_SOURCES\WGPE_decomposition_FINAL_v3__d4b03cc1e1.csv,d4b03cc1e147973cc3f8137603c0026049c8e786a5b672991ba21001d5236d47,,core,main_core,MAIN,FINAL_MAIN,-6.68734021963139e-07,
TOP100R000055,exact W-GPE trend product decomposition,exact W-GPE trend product decomposition |  |  | actual | N temperate | absolute | top100,actual,651.336640001431,,,J m-2 yr-1,1979-2024,all-valid common TOP100 grid,"grid-cell exact centered-product decomposition, then cos(latitude) aggregation",as specified in source,15480.0,<PROJECT_ROOT>\CANONICAL_WGPE_TOP100_v2\03_SOURCE_DATA\REGISTERED_SOURCES\WGPE_decomposition_FINAL_v3__d4b03cc1e1.csv,d4b03cc1e147973cc3f8137603c0026049c8e786a5b672991ba21001d5236d47,,core,main_core,MAIN,FINAL_MAIN,651.336640001431,
TOP100R000056,exact W-GPE trend product decomposition,exact W-GPE trend product decomposition |  |  | IWV | N temperate | absolute | top100,IWV,504.890679565463,,,J m-2 yr-1,1979-2024,all-valid common TOP100 grid,"grid-cell exact centered-product decomposition, then cos(latitude) aggregation",as specified in source,15480.0,<PROJECT_ROOT>\CANONICAL_WGPE_TOP100_v2\03_SOURCE_DATA\REGISTERED_SOURCES\WGPE_decomposition_FINAL_v3__d4b03cc1e1.csv,d4b03cc1e147973cc3f8137603c0026049c8e786a5b672991ba21001d5236d47,,core,main_core,MAIN,FINAL_MAIN,504.890679565463,
TOP100R000057,exact W-GPE trend product decomposition,exact W-GPE trend product decomposition |  |  | z | N temperate | absolute | top100,z,123.188805655122,,,J m-2 yr-1,1979-2024,all-valid common TOP100 grid,"grid-cell exact centered-product decomposition, then cos(latitude) aggregation",as specified in source,15480.0,<PROJECT_ROOT>\CANONICAL_WGPE_TOP100_v2\03_SOURCE_DATA\REGISTERED_SOURCES\WGPE_decomposition_FINAL_v3__d4b03cc1e1.csv,d4b03cc1e147973cc3f8137603c0026049c8e786a5b672991ba21001d5236d47,,core,main_core,MAIN,FINAL_MAIN,123.188805655122,
TOP100R000058,exact W-GPE trend product decomposition,exact W-GPE trend product decomposition |  |  | interaction | N temperate | absolute | top100,interaction,23.2571550445094,,,J m-2 yr-1,1979-2024,all-valid common TOP100 grid,"grid-cell exact centered-product decomposition, then cos(latitude) aggregation",as specified in source,15480.0,<PROJECT_ROOT>\CANONICAL_WGPE_TOP100_v2\03_SOURCE_DATA\REGISTERED_SOURCES\WGPE_decomposition_FINAL_v3__d4b03cc1e1.csv,d4b03cc1e147973cc3f8137603c0026049c8e786a5b672991ba21001d5236d47,,core,main_core,MAIN,FINAL_MAIN,23.2571550445094,
TOP100R000059,exact W-GPE trend product decomposition,exact W-GPE trend product decomposition |  |  | sum_channels | N temperate | absolute | top100,sum_channels,651.336640265095,,,J m-2 yr-1,1979-2024,all-valid common TOP100 grid,"grid-cell exact centered-product decomposition, then cos(latitude) aggregation",as specified in source,15480.0,<PROJECT_ROOT>\CANONICAL_WGPE_TOP100_v2\03_SOURCE_DATA\REGISTERED_SOURCES\WGPE_decomposition_FINAL_v3__d4b03cc1e1.csv,d4b03cc1e147973cc3f8137603c0026049c8e786a5b672991ba21001d5236d47,,core,main_core,MAIN,FINAL_MAIN,651.336640265095,
TOP100R000060,exact W-GPE trend product decomposition,exact W-GPE trend product decomposition |  |  | residual | N temperate | absolute | top100,residual,-2.63663428451896e-07,,,J m-2 yr-1,1979-2024,all-valid common TOP100 grid,"grid-cell exact centered-product decomposition, then cos(latitude) aggregation",as specified in source,15480.0,<PROJECT_ROOT>\CANONICAL_WGPE_TOP100_v2\03_SOURCE_DATA\REGISTERED_SOURCES\WGPE_decomposition_FINAL_v3__d4b03cc1e1.csv,d4b03cc1e147973cc3f8137603c0026049c8e786a5b672991ba21001d5236d47,,core,main_core,MAIN,FINAL_MAIN,-2.63663428451896e-07,
TOP100R000061,exact W-GPE trend product decomposition,exact W-GPE trend product decomposition |  |  | actual | N high latitude | absolute | top100,actual,359.82211764748,,,J m-2 yr-1,1979-2024,all-valid common TOP100 grid,"grid-cell exact centered-product decomposition, then cos(latitude) aggregation",as specified in source,8640.0,<PROJECT_ROOT>\CANONICAL_WGPE_TOP100_v2\03_SOURCE_DATA\REGISTERED_SOURCES\WGPE_decomposition_FINAL_v3__d4b03cc1e1.csv,d4b03cc1e147973cc3f8137603c0026049c8e786a5b672991ba21001d5236d47,,core,main_core,MAIN,FINAL_MAIN,359.82211764748,
TOP100R000062,exact W-GPE trend product decomposition,exact W-GPE trend product decomposition |  |  | IWV | N high latitude | absolute | top100,IWV,410.717046427636,,,J m-2 yr-1,1979-2024,all-valid common TOP100 grid,"grid-cell exact centered-product decomposition, then cos(latitude) aggregation",as specified in source,8640.0,<PROJECT_ROOT>\CANONICAL_WGPE_TOP100_v2\03_SOURCE_DATA\REGISTERED_SOURCES\WGPE_decomposition_FINAL_v3__d4b03cc1e1.csv,d4b03cc1e147973cc3f8137603c0026049c8e786a5b672991ba21001d5236d47,,core,main_core,MAIN,FINAL_MAIN,410.717046427636,
TOP100R000063,exact W-GPE trend product decomposition,exact W-GPE trend product decomposition |  |  | z | N high latitude | absolute | top100,z,-88.6379225309465,,,J m-2 yr-1,1979-2024,all-valid common TOP100 grid,"grid-cell exact centered-product decomposition, then cos(latitude) aggregation",as specified in source,8640.0,<PROJECT_ROOT>\CANONICAL_WGPE_TOP100_v2\03_SOURCE_DATA\REGISTERED_SOURCES\WGPE_decomposition_FINAL_v3__d4b03cc1e1.csv,d4b03cc1e147973cc3f8137603c0026049c8e786a5b672991ba21001d5236d47,,core,main_core,MAIN,FINAL_MAIN,-88.6379225309465,
TOP100R000064,exact W-GPE trend product decomposition,exact W-GPE trend product decomposition |  |  | interaction | N high latitude | absolute | top100,interaction,37.7429937056621,,,J m-2 yr-1,1979-2024,all-valid common TOP100 grid,"grid-cell exact centered-product decomposition, then cos(latitude) aggregation",as specified in source,8640.0,<PROJECT_ROOT>\CANONICAL_WGPE_TOP100_v2\03_SOURCE_DATA\REGISTERED_SOURCES\WGPE_decomposition_FINAL_v3__d4b03cc1e1.csv,d4b03cc1e147973cc3f8137603c0026049c8e786a5b672991ba21001d5236d47,,core,main_core,MAIN,FINAL_MAIN,37.7429937056621,
TOP100R000065,exact W-GPE trend product decomposition,exact W-GPE trend product decomposition |  |  | sum_channels | N high latitude | absolute | top100,sum_channels,359.822117602352,,,J m-2 yr-1,1979-2024,all-valid common TOP100 grid,"grid-cell exact centered-product decomposition, then cos(latitude) aggregation",as specified in source,8640.0,<PROJECT_ROOT>\CANONICAL_WGPE_TOP100_v2\03_SOURCE_DATA\REGISTERED_SOURCES\WGPE_decomposition_FINAL_v3__d4b03cc1e1.csv,d4b03cc1e147973cc3f8137603c0026049c8e786a5b672991ba21001d5236d47,,core,main_core,MAIN,FINAL_MAIN,359.822117602352,
TOP100R000066,exact W-GPE trend product decomposition,exact W-GPE trend product decomposition |  |  | residual | N high latitude | absolute | top100,residual,4.51279854777945e-08,,,J m-2 yr-1,1979-2024,all-valid common TOP100 grid,"grid-cell exact centered-product decomposition, then cos(latitude) aggregation",as specified in source,8640.0,<PROJECT_ROOT>\CANONICAL_WGPE_TOP100_v2\03_SOURCE_DATA\REGISTERED_SOURCES\WGPE_decomposition_FINAL_v3__d4b03cc1e1.csv,d4b03cc1e147973cc3f8137603c0026049c8e786a5b672991ba21001d5236d47,,core,main_core,MAIN,FINAL_MAIN,4.51279854777945e-08,
TOP100R000395,precipitation BH/BY sensitivity,precipitation BH/BY sensitivity | W-GPE | precipitation | raw:p05_area | Global | absolute | top100,raw:p05_area,15.3365493142669,,,%,1979-2024,all valid grid cells,AR(1) effective n; BH/BY-FDR; common circular shift and latitude-stratified spatial blocks,as specified in source,65160.0,<PROJECT_ROOT>\CANONICAL_WGPE_TOP100_v2\03_SOURCE_DATA\REGISTERED_SOURCES\WGPE_precip_significance_summary_TOP100__21b8ebc8b0.csv,21b8ebc8b01bd2dc7ada46062e7b7ebe85f15331d1f3f45749bda06fe114a35f,,field_significance,extended_data,MAIN,FINAL_MAIN,15.3365493142669,
TOP100R000396,precipitation BH/BY sensitivity,precipitation BH/BY sensitivity | W-GPE | precipitation | BH:positive_significant_area | Global | absolute | top100,BH:positive_significant_area,4.36601443847504,,,%,1979-2024,all valid grid cells,AR(1) effective n; BH/BY-FDR; common circular shift and latitude-stratified spatial blocks,as specified in source,65160.0,<PROJECT_ROOT>\CANONICAL_WGPE_TOP100_v2\03_SOURCE_DATA\REGISTERED_SOURCES\WGPE_precip_significance_summary_TOP100__21b8ebc8b0.csv,21b8ebc8b01bd2dc7ada46062e7b7ebe85f15331d1f3f45749bda06fe114a35f,,field_significance,extended_data,MAIN,FINAL_MAIN,4.36601443847504,
TOP100R000397,precipitation BH/BY sensitivity,precipitation BH/BY sensitivity | W-GPE | precipitation | BH:negative_significant_area | Global | absolute | top100,BH:negative_significant_area,1.15416765382061,,,%,1979-2024,all valid grid cells,AR(1) effective n; BH/BY-FDR; common circular shift and latitude-stratified spatial blocks,as specified in source,65160.0,<PROJECT_ROOT>\CANONICAL_WGPE_TOP100_v2\03_SOURCE_DATA\REGISTERED_SOURCES\WGPE_precip_significance_summary_TOP100__21b8ebc8b0.csv,21b8ebc8b01bd2dc7ada46062e7b7ebe85f15331d1f3f45749bda06fe114a35f,,field_significance,extended_data,MAIN,FINAL_MAIN,1.15416765382061,
TOP100R000398,precipitation BH/BY sensitivity,precipitation BH/BY sensitivity | W-GPE | precipitation | BH:total_significant_area | Global | absolute | top100,BH:total_significant_area,5.52018209229565,,,%,1979-2024,all valid grid cells,AR(1) effective n; BH/BY-FDR; common circular shift and latitude-stratified spatial blocks,as specified in source,65160.0,<PROJECT_ROOT>\CANONICAL_WGPE_TOP100_v2\03_SOURCE_DATA\REGISTERED_SOURCES\WGPE_precip_significance_summary_TOP100__21b8ebc8b0.csv,21b8ebc8b01bd2dc7ada46062e7b7ebe85f15331d1f3f45749bda06fe114a35f,,field_significance,extended_data,MAIN,FINAL_MAIN,5.52018209229565,
TOP100R000399,precipitation BH/BY sensitivity,precipitation BH/BY sensitivity | W-GPE | precipitation | BY:positive_significant_area | Global | absolute | top100,BY:positive_significant_area,1.81447675609545,,,%,1979-2024,all valid grid cells,AR(1) effective n; BH/BY-FDR; common circular shift and latitude-stratified spatial blocks,as specified in source,65160.0,<PROJECT_ROOT>\CANONICAL_WGPE_TOP100_v2\03_SOURCE_DATA\REGISTERED_SOURCES\WGPE_precip_significance_summary_TOP100__21b8ebc8b0.csv,21b8ebc8b01bd2dc7ada46062e7b7ebe85f15331d1f3f45749bda06fe114a35f,,field_significance,extended_data,MAIN,FINAL_MAIN,1.81447675609545,
TOP100R000400,precipitation BH/BY sensitivity,precipitation BH/BY sensitivity | W-GPE | precipitation | BY:negative_significant_area | Global | absolute | top100,BY:negative_significant_area,0.223897580901629,,,%,1979-2024,all valid grid cells,AR(1) effective n; BH/BY-FDR; common circular shift and latitude-stratified spatial blocks,as specified in source,65160.0,<PROJECT_ROOT>\CANONICAL_WGPE_TOP100_v2\03_SOURCE_DATA\REGISTERED_SOURCES\WGPE_precip_significance_summary_TOP100__21b8ebc8b0.csv,21b8ebc8b01bd2dc7ada46062e7b7ebe85f15331d1f3f45749bda06fe114a35f,,field_significance,extended_data,MAIN,FINAL_MAIN,0.223897580901629,
TOP100R000401,precipitation BH/BY sensitivity,precipitation BH/BY sensitivity | W-GPE | precipitation | BY:total_significant_area | Global | absolute | top100,BY:total_significant_area,2.03837433699708,,,%,1979-2024,all valid grid cells,AR(1) effective n; BH/BY-FDR; common circular shift and latitude-stratified spatial blocks,as specified in source,65160.0,<PROJECT_ROOT>\CANONICAL_WGPE_TOP100_v2\03_SOURCE_DATA\REGISTERED_SOURCES\WGPE_precip_significance_summary_TOP100__21b8ebc8b0.csv,21b8ebc8b01bd2dc7ada46062e7b7ebe85f15331d1f3f45749bda06fe114a35f,,field_significance,extended_data,MAIN,FINAL_MAIN,2.03837433699708,
TOP100R000402,precipitation BH/BY sensitivity,precipitation BH/BY sensitivity | W-GPE | precipitation | effective_spatial_dof_variance_ratio | Global | absolute | top100,effective_spatial_dof_variance_ratio,85.8386742214684,,,,1979-2024,all valid grid cells,AR(1) effective n; BH/BY-FDR; common circular shift and latitude-stratified spatial blocks,as specified in source,65160.0,<PROJECT_ROOT>\CANONICAL_WGPE_TOP100_v2\03_SOURCE_DATA\REGISTERED_SOURCES\WGPE_precip_significance_summary_TOP100__21b8ebc8b0.csv,21b8ebc8b01bd2dc7ada46062e7b7ebe85f15331d1f3f45749bda06fe114a35f,,field_significance,extended_data,MAIN,FINAL_MAIN,85.8386742214684,
TOP100V2E0001,Figure 3 climate-band synthesis,Figure 3 climate-band synthesis | W-GPE | GPP | band partial r | Global | absolute | top100,band partial r,0.16982277843308,0.143957524151164,0.192870867113951,Partial r,ecology product overlap,persistent vegetated land,Model 3 climate-band summary,as specified in source,17877.0,<PROJECT_ROOT>\CANONICAL_WGPE_TOP100_v2\03_SOURCE_DATA\REGISTERED_SOURCES\Figure3_ecology_summary_uncertainty_TOP100__4b6973ee72.csv,4b6973ee7273d6b6efa81b5465885625a50f93763168c2c6b0c446bdacea2834,Figure 3 climate-band synthesis,figure_source,main_companion_descriptive,MAIN,FINAL_MAIN,0.16982277843308,star only if 95% CI excludes zero | Historical ecology record: model/domain retained; not the September five-control primary analysis.
TOP100V2E0002,Figure 3 climate-band synthesis,Figure 3 climate-band synthesis | W-GPE | GPP | band partial r | S high latitude | absolute | top100,band partial r,-0.0350616200278908,-0.0877127851567142,0.004711741106939,Partial r,ecology product overlap,persistent vegetated land,Model 3 climate-band summary,as specified in source,22.0,<PROJECT_ROOT>\CANONICAL_WGPE_TOP100_v2\03_SOURCE_DATA\REGISTERED_SOURCES\Figure3_ecology_summary_uncertainty_TOP100__4b6973ee72.csv,4b6973ee7273d6b6efa81b5465885625a50f93763168c2c6b0c446bdacea2834,Figure 3 climate-band synthesis,figure_source,main_companion_descriptive,MAIN,FINAL_MAIN,-0.0350616200278908,star only if 95% CI excludes zero | Historical ecology record: model/domain retained; not the September five-control primary analysis.
TOP100V2E0003,Figure 3 climate-band synthesis,Figure 3 climate-band synthesis | W-GPE | GPP | band partial r | S temperate | absolute | top100,band partial r,0.152054771157856,0.0867156525152521,0.214395946238314,Partial r,ecology product overlap,persistent vegetated land,Model 3 climate-band summary,as specified in source,1250.0,<PROJECT_ROOT>\CANONICAL_WGPE_TOP100_v2\03_SOURCE_DATA\REGISTERED_SOURCES\Figure3_ecology_summary_uncertainty_TOP100__4b6973ee72.csv,4b6973ee7273d6b6efa81b5465885625a50f93763168c2c6b0c446bdacea2834,Figure 3 climate-band synthesis,figure_source,main_companion_descriptive,MAIN,FINAL_MAIN,0.152054771157856,star only if 95% CI excludes zero | Historical ecology record: model/domain retained; not the September five-control primary analysis.
TOP100V2E0004,Figure 3 climate-band synthesis,Figure 3 climate-band synthesis | W-GPE | GPP | band partial r | Tropics | absolute | top100,band partial r,0.209264441028176,0.164408422983579,0.251708333357133,Partial r,ecology product overlap,persistent vegetated land,Model 3 climate-band summary,as specified in source,5202.0,<PROJECT_ROOT>\CANONICAL_WGPE_TOP100_v2\03_SOURCE_DATA\REGISTERED_SOURCES\Figure3_ecology_summary_uncertainty_TOP100__4b6973ee72.csv,4b6973ee7273d6b6efa81b5465885625a50f93763168c2c6b0c446bdacea2834,Figure 3 climate-band synthesis,figure_source,main_companion_descriptive,MAIN,FINAL_MAIN,0.209264441028176,star only if 95% CI excludes zero | Historical ecology record: model/domain retained; not the September five-control primary analysis.
TOP100V2E0005,Figure 3 climate-band synthesis,Figure 3 climate-band synthesis | W-GPE | GPP | band partial r | N temperate | absolute | top100,band partial r,0.141476434409031,0.114835299096848,0.170189488696812,Partial r,ecology product overlap,persistent vegetated land,Model 3 climate-band summary,as specified in source,9075.0,<PROJECT_ROOT>\CANONICAL_WGPE_TOP100_v2\03_SOURCE_DATA\REGISTERED_SOURCES\Figure3_ecology_summary_uncertainty_TOP100__4b6973ee72.csv,4b6973ee7273d6b6efa81b5465885625a50f93763168c2c6b0c446bdacea2834,Figure 3 climate-band synthesis,figure_source,main_companion_descriptive,MAIN,FINAL_MAIN,0.141476434409031,star only if 95% CI excludes zero | Historical ecology record: model/domain retained; not the September five-control primary analysis.
TOP100V2E0006,Figure 3 climate-band synthesis,Figure 3 climate-band synthesis | W-GPE | GPP | band partial r | N high latitude | absolute | top100,band partial r,0.152900327926064,0.121134441582444,0.18324655194301,Partial r,ecology product overlap,persistent vegetated land,Model 3 climate-band summary,as specified in source,2328.0,<PROJECT_ROOT>\CANONICAL_WGPE_TOP100_v2\03_SOURCE_DATA\REGISTERED_SOURCES\Figure3_ecology_summary_uncertainty_TOP100__4b6973ee72.csv,4b6973ee7273d6b6efa81b5465885625a50f93763168c2c6b0c446bdacea2834,Figure 3 climate-band synthesis,figure_source,main_companion_descriptive,MAIN,FINAL_MAIN,0.152900327926064,star only if 95% CI excludes zero | Historical ecology record: model/domain retained; not the September five-control primary analysis.
TOP100V2E0007,Figure 3 climate-band synthesis,Figure 3 climate-band synthesis | <z> | GPP | band partial r | Global | absolute | top100,band partial r,-0.0088447674838457,-0.0238031905322152,0.0064115880195714,Partial r,ecology product overlap,persistent vegetated land,Model 3 climate-band summary,as specified in source,17877.0,<PROJECT_ROOT>\CANONICAL_WGPE_TOP100_v2\03_SOURCE_DATA\REGISTERED_SOURCES\Figure3_ecology_summary_uncertainty_TOP100__4b6973ee72.csv,4b6973ee7273d6b6efa81b5465885625a50f93763168c2c6b0c446bdacea2834,Figure 3 climate-band synthesis,figure_source,main_companion_descriptive,MAIN,FINAL_MAIN,-0.0088447674838457,star only if 95% CI excludes zero | Historical ecology record: model/domain retained; not the September five-control primary analysis.
TOP100V2E0008,Figure 3 climate-band synthesis,Figure 3 climate-band synthesis | <z> | GPP | band partial r | S high latitude | absolute | top100,band partial r,0.0196250809067921,-0.025186807986046,0.0522463051789336,Partial r,ecology product overlap,persistent vegetated land,Model 3 climate-band summary,as specified in source,22.0,<PROJECT_ROOT>\CANONICAL_WGPE_TOP100_v2\03_SOURCE_DATA\REGISTERED_SOURCES\Figure3_ecology_summary_uncertainty_TOP100__4b6973ee72.csv,4b6973ee7273d6b6efa81b5465885625a50f93763168c2c6b0c446bdacea2834,Figure 3 climate-band synthesis,figure_source,main_companion_descriptive,MAIN,FINAL_MAIN,0.0196250809067921,star only if 95% CI excludes zero | Historical ecology record: model/domain retained; not the September five-control primary analysis.
TOP100V2E0009,Figure 3 climate-band synthesis,Figure 3 climate-band synthesis | <z> | GPP | band partial r | S temperate | absolute | top100,band partial r,-0.0796524146183088,-0.12580316773472,-0.033031303056004,Partial r,ecology product overlap,persistent vegetated land,Model 3 climate-band summary,as specified in source,1250.0,<PROJECT_ROOT>\CANONICAL_WGPE_TOP100_v2\03_SOURCE_DATA\REGISTERED_SOURCES\Figure3_ecology_summary_uncertainty_TOP100__4b6973ee72.csv,4b6973ee7273d6b6efa81b5465885625a50f93763168c2c6b0c446bdacea2834,Figure 3 climate-band synthesis,figure_source,main_companion_descriptive,MAIN,FINAL_MAIN,-0.0796524146183088,star only if 95% CI excludes zero | Historical ecology record: model/domain retained; not the September five-control primary analysis.
TOP100V2E0010,Figure 3 climate-band synthesis,Figure 3 climate-band synthesis | <z> | GPP | band partial r | Tropics | absolute | top100,band partial r,0.0456012902913836,0.0202485653373162,0.0743842584741834,Partial r,ecology product overlap,persistent vegetated land,Model 3 climate-band summary,as specified in source,5202.0,<PROJECT_ROOT>\CANONICAL_WGPE_TOP100_v2\03_SOURCE_DATA\REGISTERED_SOURCES\Figure3_ecology_summary_uncertainty_TOP100__4b6973ee72.csv,4b6973ee7273d6b6efa81b5465885625a50f93763168c2c6b0c446bdacea2834,Figure 3 climate-band synthesis,figure_source,main_companion_descriptive,MAIN,FINAL_MAIN,0.0456012902913836,star only if 95% CI excludes zero | Historical ecology record: model/domain retained; not the September five-control primary analysis.
TOP100V2E0011,Figure 3 climate-band synthesis,Figure 3 climate-band synthesis | <z> | GPP | band partial r | N temperate | absolute | top100,band partial r,-0.0439312140004085,-0.0576795607865986,-0.0286965697791695,Partial r,ecology product overlap,persistent vegetated land,Model 3 climate-band summary,as specified in source,9075.0,<PROJECT_ROOT>\CANONICAL_WGPE_TOP100_v2\03_SOURCE_DATA\REGISTERED_SOURCES\Figure3_ecology_summary_uncertainty_TOP100__4b6973ee72.csv,4b6973ee7273d6b6efa81b5465885625a50f93763168c2c6b0c446bdacea2834,Figure 3 climate-band synthesis,figure_source,main_companion_descriptive,MAIN,FINAL_MAIN,-0.0439312140004085,star only if 95% CI excludes zero | Historical ecology record: model/domain retained; not the September five-control primary analysis.
TOP100V2E0012,Figure 3 climate-band synthesis,Figure 3 climate-band synthesis | <z> | GPP | band partial r | N high latitude | absolute | top100,band partial r,0.001421327436063,-0.0086173388251889,0.0106921505469137,Partial r,ecology product overlap,persistent vegetated land,Model 3 climate-band summary,as specified in source,2328.0,<PROJECT_ROOT>\CANONICAL_WGPE_TOP100_v2\03_SOURCE_DATA\REGISTERED_SOURCES\Figure3_ecology_summary_uncertainty_TOP100__4b6973ee72.csv,4b6973ee7273d6b6efa81b5465885625a50f93763168c2c6b0c446bdacea2834,Figure 3 climate-band synthesis,figure_source,main_companion_descriptive,MAIN,FINAL_MAIN,0.001421327436063,star only if 95% CI excludes zero | Historical ecology record: model/domain retained; not the September five-control primary analysis.
TOP100V2E0013,Figure 3 climate-band synthesis,Figure 3 climate-band synthesis | W-GPE | LAI | band partial r | Global | absolute | top100,band partial r,0.106996092225198,0.0902020541739426,0.124667211385472,Partial r,ecology product overlap,persistent vegetated land,Model 3 climate-band summary,as specified in source,5989.0,<PROJECT_ROOT>\CANONICAL_WGPE_TOP100_v2\03_SOURCE_DATA\REGISTERED_SOURCES\Figure3_ecology_summary_uncertainty_TOP100__4b6973ee72.csv,4b6973ee7273d6b6efa81b5465885625a50f93763168c2c6b0c446bdacea2834,Figure 3 climate-band synthesis,figure_source,main_companion_descriptive,MAIN,FINAL_MAIN,0.106996092225198,star only if 95% CI excludes zero | Historical ecology record: model/domain retained; not the September five-control primary analysis.
TOP100V2E0014,Figure 3 climate-band synthesis,Figure 3 climate-band synthesis | W-GPE | LAI | band partial r | S temperate | absolute | top100,band partial r,0.122209403852982,0.0607852487183876,0.177824643008854,Partial r,ecology product overlap,persistent vegetated land,Model 3 climate-band summary,as specified in source,499.0,<PROJECT_ROOT>\CANONICAL_WGPE_TOP100_v2\03_SOURCE_DATA\REGISTERED_SOURCES\Figure3_ecology_summary_uncertainty_TOP100__4b6973ee72.csv,4b6973ee7273d6b6efa81b5465885625a50f93763168c2c6b0c446bdacea2834,Figure 3 climate-band synthesis,figure_source,main_companion_descriptive,MAIN,FINAL_MAIN,0.122209403852982,star only if 95% CI excludes zero | Historical ecology record: model/domain retained; not the September five-control primary analysis.
TOP100V2E0015,Figure 3 climate-band synthesis,Figure 3 climate-band synthesis | W-GPE | LAI | band partial r | Tropics | absolute | top100,band partial r,0.152168032947915,0.122665735152815,0.182309998828592,Partial r,ecology product overlap,persistent vegetated land,Model 3 climate-band summary,as specified in source,1044.0,<PROJECT_ROOT>\CANONICAL_WGPE_TOP100_v2\03_SOURCE_DATA\REGISTERED_SOURCES\Figure3_ecology_summary_uncertainty_TOP100__4b6973ee72.csv,4b6973ee7273d6b6efa81b5465885625a50f93763168c2c6b0c446bdacea2834,Figure 3 climate-band synthesis,figure_source,main_companion_descriptive,MAIN,FINAL_MAIN,0.152168032947915,star only if 95% CI excludes zero | Historical ecology record: model/domain retained; not the September five-control primary analysis.
TOP100V2E0016,Figure 3 climate-band synthesis,Figure 3 climate-band synthesis | W-GPE | LAI | band partial r | N temperate | absolute | top100,band partial r,0.0794065545372142,0.0600106287921913,0.0979261076156848,Partial r,ecology product overlap,persistent vegetated land,Model 3 climate-band summary,as specified in source,3915.0,<PROJECT_ROOT>\CANONICAL_WGPE_TOP100_v2\03_SOURCE_DATA\REGISTERED_SOURCES\Figure3_ecology_summary_uncertainty_TOP100__4b6973ee72.csv,4b6973ee7273d6b6efa81b5465885625a50f93763168c2c6b0c446bdacea2834,Figure 3 climate-band synthesis,figure_source,main_companion_descriptive,MAIN,FINAL_MAIN,0.0794065545372142,star only if 95% CI excludes zero | Historical ecology record: model/domain retained; not the September five-control primary analysis.
TOP100V2E0017,Figure 3 climate-band synthesis,Figure 3 climate-band synthesis | W-GPE | LAI | band partial r | N high latitude | absolute | top100,band partial r,0.179832516171601,0.127020159122108,0.222645180474382,Partial r,ecology product overlap,persistent vegetated land,Model 3 climate-band summary,as specified in source,531.0,<PROJECT_ROOT>\CANONICAL_WGPE_TOP100_v2\03_SOURCE_DATA\REGISTERED_SOURCES\Figure3_ecology_summary_uncertainty_TOP100__4b6973ee72.csv,4b6973ee7273d6b6efa81b5465885625a50f93763168c2c6b0c446bdacea2834,Figure 3 climate-band synthesis,figure_source,main_companion_descriptive,MAIN,FINAL_MAIN,0.179832516171601,star only if 95% CI excludes zero | Historical ecology record: model/domain retained; not the September five-control primary analysis.
TOP100V2E0018,Figure 3 climate-band synthesis,Figure 3 climate-band synthesis | <z> | LAI | band partial r | Global | absolute | top100,band partial r,-0.0364015425258034,-0.0553089469166836,-0.0173605988571289,Partial r,ecology product overlap,persistent vegetated land,Model 3 climate-band summary,as specified in source,5989.0,<PROJECT_ROOT>\CANONICAL_WGPE_TOP100_v2\03_SOURCE_DATA\REGISTERED_SOURCES\Figure3_ecology_summary_uncertainty_TOP100__4b6973ee72.csv,4b6973ee7273d6b6efa81b5465885625a50f93763168c2c6b0c446bdacea2834,Figure 3 climate-band synthesis,figure_source,main_companion_descriptive,MAIN,FINAL_MAIN,-0.0364015425258034,star only if 95% CI excludes zero | Historical ecology record: model/domain retained; not the September five-control primary analysis.
TOP100V2E0019,Figure 3 climate-band synthesis,Figure 3 climate-band synthesis | <z> | LAI | band partial r | S temperate | absolute | top100,band partial r,-0.14965633245394,-0.192838745079243,-0.0965693913560824,Partial r,ecology product overlap,persistent vegetated land,Model 3 climate-band summary,as specified in source,499.0,<PROJECT_ROOT>\CANONICAL_WGPE_TOP100_v2\03_SOURCE_DATA\REGISTERED_SOURCES\Figure3_ecology_summary_uncertainty_TOP100__4b6973ee72.csv,4b6973ee7273d6b6efa81b5465885625a50f93763168c2c6b0c446bdacea2834,Figure 3 climate-band synthesis,figure_source,main_companion_descriptive,MAIN,FINAL_MAIN,-0.14965633245394,star only if 95% CI excludes zero | Historical ecology record: model/domain retained; not the September five-control primary analysis.
TOP100V2E0020,Figure 3 climate-band synthesis,Figure 3 climate-band synthesis | <z> | LAI | band partial r | Tropics | absolute | top100,band partial r,-0.0479657498970611,-0.0845135433510417,-0.0053609408710099,Partial r,ecology product overlap,persistent vegetated land,Model 3 climate-band summary,as specified in source,1044.0,<PROJECT_ROOT>\CANONICAL_WGPE_TOP100_v2\03_SOURCE_DATA\REGISTERED_SOURCES\Figure3_ecology_summary_uncertainty_TOP100__4b6973ee72.csv,4b6973ee7273d6b6efa81b5465885625a50f93763168c2c6b0c446bdacea2834,Figure 3 climate-band synthesis,figure_source,main_companion_descriptive,MAIN,FINAL_MAIN,-0.0479657498970611,star only if 95% CI excludes zero | Historical ecology record: model/domain retained; not the September five-control primary analysis.
TOP100V2E0021,Figure 3 climate-band synthesis,Figure 3 climate-band synthesis | <z> | LAI | band partial r | N temperate | absolute | top100,band partial r,-0.016267767698804,-0.0343869784685198,-0.0008930860778047,Partial r,ecology product overlap,persistent vegetated land,Model 3 climate-band summary,as specified in source,3915.0,<PROJECT_ROOT>\CANONICAL_WGPE_TOP100_v2\03_SOURCE_DATA\REGISTERED_SOURCES\Figure3_ecology_summary_uncertainty_TOP100__4b6973ee72.csv,4b6973ee7273d6b6efa81b5465885625a50f93763168c2c6b0c446bdacea2834,Figure 3 climate-band synthesis,figure_source,main_companion_descriptive,MAIN,FINAL_MAIN,-0.016267767698804,star only if 95% CI excludes zero | Historical ecology record: model/domain retained; not the September five-control primary analysis.
TOP100V2E0022,Figure 3 climate-band synthesis,Figure 3 climate-band synthesis | <z> | LAI | band partial r | N high latitude | absolute | top100,band partial r,0.0305968080912019,0.0127988426095892,0.0493634074211469,Partial r,ecology product overlap,persistent vegetated land,Model 3 climate-band summary,as specified in source,531.0,<PROJECT_ROOT>\CANONICAL_WGPE_TOP100_v2\03_SOURCE_DATA\REGISTERED_SOURCES\Figure3_ecology_summary_uncertainty_TOP100__4b6973ee72.csv,4b6973ee7273d6b6efa81b5465885625a50f93763168c2c6b0c446bdacea2834,Figure 3 climate-band synthesis,figure_source,main_companion_descriptive,MAIN,FINAL_MAIN,0.0305968080912019,star only if 95% CI excludes zero | Historical ecology record: model/domain retained; not the September five-control primary analysis.
TOP100V2P0001,Figure 3 latitude profile,Figure 3 latitude profile | W-GPE | GPP | 5-degree cos(latitude)-weighted partial-r profile | -90 to -85 | absolute | top100,5-degree cos(latitude)-weighted partial-r profile,-0.0358438021267072,-0.0748235898297944,-0.0032712180444345,Partial r,ecology product overlap,persistent vegetated land,5-degree cos(latitude)-weighted all-valid profile,cos(latitude),,<PROJECT_ROOT>\CANONICAL_WGPE_TOP100_v2\03_SOURCE_DATA\REGISTERED_SOURCES\Figure3_ecology_profile_uncertainty_TOP100__fc14113a6d.csv,fc14113a6d4faa8b675f9f2f1d98bf3e5ca38cf881f330bb5f4a88feb96d8f96,Figure 3 latitude profile,figure_source,main_companion_descriptive,MAIN,FINAL_MAIN,-0.0358438021267072,centre line and CI share this exact row | Historical ecology record: model/domain retained; not the September five-control primary analysis.
TOP100V2P0002,Figure 3 latitude profile,Figure 3 latitude profile | W-GPE | GPP | 5-degree cos(latitude)-weighted partial-r profile | -85 to -80 | absolute | top100,5-degree cos(latitude)-weighted partial-r profile,-0.251016366822486,-0.251016366822486,-0.251016366822486,Partial r,ecology product overlap,persistent vegetated land,5-degree cos(latitude)-weighted all-valid profile,cos(latitude),,<PROJECT_ROOT>\CANONICAL_WGPE_TOP100_v2\03_SOURCE_DATA\REGISTERED_SOURCES\Figure3_ecology_profile_uncertainty_TOP100__fc14113a6d.csv,fc14113a6d4faa8b675f9f2f1d98bf3e5ca38cf881f330bb5f4a88feb96d8f96,Figure 3 latitude profile,figure_source,main_companion_descriptive,MAIN,FINAL_MAIN,-0.251016366822486,centre line and CI share this exact row | Historical ecology record: model/domain retained; not the September five-control primary analysis.
TOP100V2P0003,Figure 3 latitude profile,Figure 3 latitude profile | W-GPE | GPP | 5-degree cos(latitude)-weighted partial-r profile | -80 to -75 | absolute | top100,5-degree cos(latitude)-weighted partial-r profile,-0.0205315661795126,-0.0450466958496461,0.0330170851086772,Partial r,ecology product overlap,persistent vegetated land,5-degree cos(latitude)-weighted all-valid profile,cos(latitude),,<PROJECT_ROOT>\CANONICAL_WGPE_TOP100_v2\03_SOURCE_DATA\REGISTERED_SOURCES\Figure3_ecology_profile_uncertainty_TOP100__fc14113a6d.csv,fc14113a6d4faa8b675f9f2f1d98bf3e5ca38cf881f330bb5f4a88feb96d8f96,Figure 3 latitude profile,figure_source,main_companion_descriptive,MAIN,FINAL_MAIN,-0.0205315661795126,centre line and CI share this exact row | Historical ecology record: model/domain retained; not the September five-control primary analysis.
TOP100V2P0004,Figure 3 latitude profile,Figure 3 latitude profile | W-GPE | GPP | 5-degree cos(latitude)-weighted partial-r profile | -75 to -70 | absolute | top100,5-degree cos(latitude)-weighted partial-r profile,-0.0024553005942076,-0.0024553005942076,-0.0024553005942076,Partial r,ecology product overlap,persistent vegetated land,5-degree cos(latitude)-weighted all-valid profile,cos(latitude),,<PROJECT_ROOT>\CANONICAL_WGPE_TOP100_v2\03_SOURCE_DATA\REGISTERED_SOURCES\Figure3_ecology_profile_uncertainty_TOP100__fc14113a6d.csv,fc14113a6d4faa8b675f9f2f1d98bf3e5ca38cf881f330bb5f4a88feb96d8f96,Figure 3 latitude profile,figure_source,main_companion_descriptive,MAIN,FINAL_MAIN,-0.0024553005942076,centre line and CI share this exact row | Historical ecology record: model/domain retained; not the September five-control primary analysis.
TOP100V2P0005,Figure 3 latitude profile,Figure 3 latitude profile | W-GPE | GPP | 5-degree cos(latitude)-weighted partial-r profile | -60 to -55 | absolute | top100,5-degree cos(latitude)-weighted partial-r profile,-0.0611510983132195,-0.06476455887318,-0.0466972560733778,Partial r,ecology product overlap,persistent vegetated land,5-degree cos(latitude)-weighted all-valid profile,cos(latitude),,<PROJECT_ROOT>\CANONICAL_WGPE_TOP100_v2\03_SOURCE_DATA\REGISTERED_SOURCES\Figure3_ecology_profile_uncertainty_TOP100__fc14113a6d.csv,fc14113a6d4faa8b675f9f2f1d98bf3e5ca38cf881f330bb5f4a88feb96d8f96,Figure 3 latitude profile,figure_source,main_companion_descriptive,MAIN,FINAL_MAIN,-0.0611510983132195,centre line and CI share this exact row | Historical ecology record: model/domain retained; not the September five-control primary analysis.
TOP100V2P0006,Figure 3 latitude profile,Figure 3 latitude profile | W-GPE | GPP | 5-degree cos(latitude)-weighted partial-r profile | -55 to -50 | absolute | top100,5-degree cos(latitude)-weighted partial-r profile,-0.0482709413046588,-0.0757982980989518,-0.0053850735587595,Partial r,ecology product overlap,persistent vegetated land,5-degree cos(latitude)-weighted all-valid profile,cos(latitude),,<PROJECT_ROOT>\CANONICAL_WGPE_TOP100_v2\03_SOURCE_DATA\REGISTERED_SOURCES\Figure3_ecology_profile_uncertainty_TOP100__fc14113a6d.csv,fc14113a6d4faa8b675f9f2f1d98bf3e5ca38cf881f330bb5f4a88feb96d8f96,Figure 3 latitude profile,figure_source,main_companion_descriptive,MAIN,FINAL_MAIN,-0.0482709413046588,centre line and CI share this exact row | Historical ecology record: model/domain retained; not the September five-control primary analysis.
TOP100V2P0007,Figure 3 latitude profile,Figure 3 latitude profile | W-GPE | GPP | 5-degree cos(latitude)-weighted partial-r profile | -50 to -45 | absolute | top100,5-degree cos(latitude)-weighted partial-r profile,0.0175854009992516,-0.0154405322778123,0.0575778110217589,Partial r,ecology product overlap,persistent vegetated land,5-degree cos(latitude)-weighted all-valid profile,cos(latitude),,<PROJECT_ROOT>\CANONICAL_WGPE_TOP100_v2\03_SOURCE_DATA\REGISTERED_SOURCES\Figure3_ecology_profile_uncertainty_TOP100__fc14113a6d.csv,fc14113a6d4faa8b675f9f2f1d98bf3e5ca38cf881f330bb5f4a88feb96d8f96,Figure 3 latitude profile,figure_source,main_companion_descriptive,MAIN,FINAL_MAIN,0.0175854009992516,centre line and CI share this exact row | Historical ecology record: model/domain retained; not the September five-control primary analysis.
TOP100V2P0008,Figure 3 latitude profile,Figure 3 latitude profile | W-GPE | GPP | 5-degree cos(latitude)-weighted partial-r profile | -45 to -40 | absolute | top100,5-degree cos(latitude)-weighted partial-r profile,0.0013052543858488,-0.0841525902801837,0.0501666739450689,Partial r,ecology product overlap,persistent vegetated land,5-degree cos(latitude)-weighted all-valid profile,cos(latitude),,<PROJECT_ROOT>\CANONICAL_WGPE_TOP100_v2\03_SOURCE_DATA\REGISTERED_SOURCES\Figure3_ecology_profile_uncertainty_TOP100__fc14113a6d.csv,fc14113a6d4faa8b675f9f2f1d98bf3e5ca38cf881f330bb5f4a88feb96d8f96,Figure 3 latitude profile,figure_source,main_companion_descriptive,MAIN,FINAL_MAIN,0.0013052543858488,centre line and CI share this exact row | Historical ecology record: model/domain retained; not the September five-control primary analysis.
TOP100V2P0009,Figure 3 latitude profile,Figure 3 latitude profile | W-GPE | GPP | 5-degree cos(latitude)-weighted partial-r profile | -40 to -35 | absolute | top100,5-degree cos(latitude)-weighted partial-r profile,0.0329654396339943,-0.0357624774290318,0.0860323901564598,Partial r,ecology product overlap,persistent vegetated land,5-degree cos(latitude)-weighted all-valid profile,cos(latitude),,<PROJECT_ROOT>\CANONICAL_WGPE_TOP100_v2\03_SOURCE_DATA\REGISTERED_SOURCES\Figure3_ecology_profile_uncertainty_TOP100__fc14113a6d.csv,fc14113a6d4faa8b675f9f2f1d98bf3e5ca38cf881f330bb5f4a88feb96d8f96,Figure 3 latitude profile,figure_source,main_companion_descriptive,MAIN,FINAL_MAIN,0.0329654396339943,centre line and CI share this exact row | Historical ecology record: model/domain retained; not the September five-control primary analysis.
TOP100V2P0010,Figure 3 latitude profile,Figure 3 latitude profile | W-GPE | GPP | 5-degree cos(latitude)-weighted partial-r profile | -35 to -30 | absolute | top100,5-degree cos(latitude)-weighted partial-r profile,0.136736597587512,0.0809096054378326,0.188955098676848,Partial r,ecology product overlap,persistent vegetated land,5-degree cos(latitude)-weighted all-valid profile,cos(latitude),,<PROJECT_ROOT>\CANONICAL_WGPE_TOP100_v2\03_SOURCE_DATA\REGISTERED_SOURCES\Figure3_ecology_profile_uncertainty_TOP100__fc14113a6d.csv,fc14113a6d4faa8b675f9f2f1d98bf3e5ca38cf881f330bb5f4a88feb96d8f96,Figure 3 latitude profile,figure_source,main_companion_descriptive,MAIN,FINAL_MAIN,0.136736597587512,centre line and CI share this exact row | Historical ecology record: model/domain retained; not the September five-control primary analysis.
TOP100V2P0011,Figure 3 latitude profile,Figure 3 latitude profile | W-GPE | GPP | 5-degree cos(latitude)-weighted partial-r profile | -30 to -25 | absolute | top100,5-degree cos(latitude)-weighted partial-r profile,0.251705498961482,0.136134357874924,0.35266133235292,Partial r,ecology product overlap,persistent vegetated land,5-degree cos(latitude)-weighted all-valid profile,cos(latitude),,<PROJECT_ROOT>\CANONICAL_WGPE_TOP100_v2\03_SOURCE_DATA\REGISTERED_SOURCES\Figure3_ecology_profile_uncertainty_TOP100__fc14113a6d.csv,fc14113a6d4faa8b675f9f2f1d98bf3e5ca38cf881f330bb5f4a88feb96d8f96,Figure 3 latitude profile,figure_source,main_companion_descriptive,MAIN,FINAL_MAIN,0.251705498961482,centre line and CI share this exact row | Historical ecology record: model/domain retained; not the September five-control primary analysis.
TOP100V2P0012,Figure 3 latitude profile,Figure 3 latitude profile | W-GPE | GPP | 5-degree cos(latitude)-weighted partial-r profile | -25 to -20 | absolute | top100,5-degree cos(latitude)-weighted partial-r profile,0.249804288977282,0.125614508560919,0.362891705527891,Partial r,ecology product overlap,persistent vegetated land,5-degree cos(latitude)-weighted all-valid profile,cos(latitude),,<PROJECT_ROOT>\CANONICAL_WGPE_TOP100_v2\03_SOURCE_DATA\REGISTERED_SOURCES\Figure3_ecology_profile_uncertainty_TOP100__fc14113a6d.csv,fc14113a6d4faa8b675f9f2f1d98bf3e5ca38cf881f330bb5f4a88feb96d8f96,Figure 3 latitude profile,figure_source,main_companion_descriptive,MAIN,FINAL_MAIN,0.249804288977282,centre line and CI share this exact row | Historical ecology record: model/domain retained; not the September five-control primary analysis.
TOP100V2P0013,Figure 3 latitude profile,Figure 3 latitude profile | W-GPE | GPP | 5-degree cos(latitude)-weighted partial-r profile | -20 to -15 | absolute | top100,5-degree cos(latitude)-weighted partial-r profile,0.179354827687636,0.0697417215897709,0.287124187423747,Partial r,ecology product overlap,persistent vegetated land,5-degree cos(latitude)-weighted all-valid profile,cos(latitude),,<PROJECT_ROOT>\CANONICAL_WGPE_TOP100_v2\03_SOURCE_DATA\REGISTERED_SOURCES\Figure3_ecology_profile_uncertainty_TOP100__fc14113a6d.csv,fc14113a6d4faa8b675f9f2f1d98bf3e5ca38cf881f330bb5f4a88feb96d8f96,Figure 3 latitude profile,figure_source,main_companion_descriptive,MAIN,FINAL_MAIN,0.179354827687636,centre line and CI share this exact row | Historical ecology record: model/domain retained; not the September five-control primary analysis.
TOP100V2P0014,Figure 3 latitude profile,Figure 3 latitude profile | W-GPE | GPP | 5-degree cos(latitude)-weighted partial-r profile | -15 to -10 | absolute | top100,5-degree cos(latitude)-weighted partial-r profile,0.110151301809646,0.0385839067891965,0.204416864852425,Partial r,ecology product overlap,persistent vegetated land,5-degree cos(latitude)-weighted all-valid profile,cos(latitude),,<PROJECT_ROOT>\CANONICAL_WGPE_TOP100_v2\03_SOURCE_DATA\REGISTERED_SOURCES\Figure3_ecology_profile_uncertainty_TOP100__fc14113a6d.csv,fc14113a6d4faa8b675f9f2f1d98bf3e5ca38cf881f330bb5f4a88feb96d8f96,Figure 3 latitude profile,figure_source,main_companion_descriptive,MAIN,FINAL_MAIN,0.110151301809646,centre line and CI share this exact row | Historical ecology record: model/domain retained; not the September five-control primary analysis.
TOP100V2P0015,Figure 3 latitude profile,Figure 3 latitude profile | W-GPE | GPP | 5-degree cos(latitude)-weighted partial-r profile | -10 to -5 | absolute | top100,5-degree cos(latitude)-weighted partial-r profile,0.120997603367365,0.0442268845243751,0.219722080663142,Partial r,ecology product overlap,persistent vegetated land,5-degree cos(latitude)-weighted all-valid profile,cos(latitude),,<PROJECT_ROOT>\CANONICAL_WGPE_TOP100_v2\03_SOURCE_DATA\REGISTERED_SOURCES\Figure3_ecology_profile_uncertainty_TOP100__fc14113a6d.csv,fc14113a6d4faa8b675f9f2f1d98bf3e5ca38cf881f330bb5f4a88feb96d8f96,Figure 3 latitude profile,figure_source,main_companion_descriptive,MAIN,FINAL_MAIN,0.120997603367365,centre line and CI share this exact row | Historical ecology record: model/domain retained; not the September five-control primary analysis.
TOP100V2P0016,Figure 3 latitude profile,Figure 3 latitude profile | W-GPE | GPP | 5-degree cos(latitude)-weighted partial-r profile | -5 to 0 | absolute | top100,5-degree cos(latitude)-weighted partial-r profile,0.149886971514848,0.0624907289453664,0.241879739311581,Partial r,ecology product overlap,persistent vegetated land,5-degree cos(latitude)-weighted all-valid profile,cos(latitude),,<PROJECT_ROOT>\CANONICAL_WGPE_TOP100_v2\03_SOURCE_DATA\REGISTERED_SOURCES\Figure3_ecology_profile_uncertainty_TOP100__fc14113a6d.csv,fc14113a6d4faa8b675f9f2f1d98bf3e5ca38cf881f330bb5f4a88feb96d8f96,Figure 3 latitude profile,figure_source,main_companion_descriptive,MAIN,FINAL_MAIN,0.149886971514848,centre line and CI share this exact row | Historical ecology record: model/domain retained; not the September five-control primary analysis.
TOP100V2P0017,Figure 3 latitude profile,Figure 3 latitude profile | W-GPE | GPP | 5-degree cos(latitude)-weighted partial-r profile | 0 to 5 | absolute | top100,5-degree cos(latitude)-weighted partial-r profile,0.182923810756223,0.0813543536343432,0.285418543891393,Partial r,ecology product overlap,persistent vegetated land,5-degree cos(latitude)-weighted all-valid profile,cos(latitude),,<PROJECT_ROOT>\CANONICAL_WGPE_TOP100_v2\03_SOURCE_DATA\REGISTERED_SOURCES\Figure3_ecology_profile_uncertainty_TOP100__fc14113a6d.csv,fc14113a6d4faa8b675f9f2f1d98bf3e5ca38cf881f330bb5f4a88feb96d8f96,Figure 3 latitude profile,figure_source,main_companion_descriptive,MAIN,FINAL_MAIN,0.182923810756223,centre line and CI share this exact row | Historical ecology record: model/domain retained; not the September five-control primary analysis.
TOP100V2P0018,Figure 3 latitude profile,Figure 3 latitude profile | W-GPE | GPP | 5-degree cos(latitude)-weighted partial-r profile | 5 to 10 | absolute | top100,5-degree cos(latitude)-weighted partial-r profile,0.205016680203834,0.125475450767173,0.274906921538113,Partial r,ecology product overlap,persistent vegetated land,5-degree cos(latitude)-weighted all-valid profile,cos(latitude),,<PROJECT_ROOT>\CANONICAL_WGPE_TOP100_v2\03_SOURCE_DATA\REGISTERED_SOURCES\Figure3_ecology_profile_uncertainty_TOP100__fc14113a6d.csv,fc14113a6d4faa8b675f9f2f1d98bf3e5ca38cf881f330bb5f4a88feb96d8f96,Figure 3 latitude profile,figure_source,main_companion_descriptive,MAIN,FINAL_MAIN,0.205016680203834,centre line and CI share this exact row | Historical ecology record: model/domain retained; not the September five-control primary analysis.
TOP100V2P0019,Figure 3 latitude profile,Figure 3 latitude profile | W-GPE | GPP | 5-degree cos(latitude)-weighted partial-r profile | 10 to 15 | absolute | top100,5-degree cos(latitude)-weighted partial-r profile,0.240235216799374,0.175073312274039,0.31029630340111,Partial r,ecology product overlap,persistent vegetated land,5-degree cos(latitude)-weighted all-valid profile,cos(latitude),,<PROJECT_ROOT>\CANONICAL_WGPE_TOP100_v2\03_SOURCE_DATA\REGISTERED_SOURCES\Figure3_ecology_profile_uncertainty_TOP100__fc14113a6d.csv,fc14113a6d4faa8b675f9f2f1d98bf3e5ca38cf881f330bb5f4a88feb96d8f96,Figure 3 latitude profile,figure_source,main_companion_descriptive,MAIN,FINAL_MAIN,0.240235216799374,centre line and CI share this exact row | Historical ecology record: model/domain retained; not the September five-control primary analysis.
TOP100V2P0020,Figure 3 latitude profile,Figure 3 latitude profile | W-GPE | GPP | 5-degree cos(latitude)-weighted partial-r profile | 15 to 20 | absolute | top100,5-degree cos(latitude)-weighted partial-r profile,0.30694791704966,0.194278250540423,0.394134196008202,Partial r,ecology product overlap,persistent vegetated land,5-degree cos(latitude)-weighted all-valid profile,cos(latitude),,<PROJECT_ROOT>\CANONICAL_WGPE_TOP100_v2\03_SOURCE_DATA\REGISTERED_SOURCES\Figure3_ecology_profile_uncertainty_TOP100__fc14113a6d.csv,fc14113a6d4faa8b675f9f2f1d98bf3e5ca38cf881f330bb5f4a88feb96d8f96,Figure 3 latitude profile,figure_source,main_companion_descriptive,MAIN,FINAL_MAIN,0.30694791704966,centre line and CI share this exact row | Historical ecology record: model/domain retained; not the September five-control primary analysis.
TOP100V2P0021,Figure 3 latitude profile,Figure 3 latitude profile | W-GPE | GPP | 5-degree cos(latitude)-weighted partial-r profile | 20 to 25 | absolute | top100,5-degree cos(latitude)-weighted partial-r profile,0.312262279225618,0.189265330101509,0.425511675413312,Partial r,ecology product overlap,persistent vegetated land,5-degree cos(latitude)-weighted all-valid profile,cos(latitude),,<PROJECT_ROOT>\CANONICAL_WGPE_TOP100_v2\03_SOURCE_DATA\REGISTERED_SOURCES\Figure3_ecology_profile_uncertainty_TOP100__fc14113a6d.csv,fc14113a6d4faa8b675f9f2f1d98bf3e5ca38cf881f330bb5f4a88feb96d8f96,Figure 3 latitude profile,figure_source,main_companion_descriptive,MAIN,FINAL_MAIN,0.312262279225618,centre line and CI share this exact row | Historical ecology record: model/domain retained; not the September five-control primary analysis.
TOP100V2P0022,Figure 3 latitude profile,Figure 3 latitude profile | W-GPE | GPP | 5-degree cos(latitude)-weighted partial-r profile | 25 to 30 | absolute | top100,5-degree cos(latitude)-weighted partial-r profile,0.246299592692004,0.144811002951797,0.353355214502903,Partial r,ecology product overlap,persistent vegetated land,5-degree cos(latitude)-weighted all-valid profile,cos(latitude),,<PROJECT_ROOT>\CANONICAL_WGPE_TOP100_v2\03_SOURCE_DATA\REGISTERED_SOURCES\Figure3_ecology_profile_uncertainty_TOP100__fc14113a6d.csv,fc14113a6d4faa8b675f9f2f1d98bf3e5ca38cf881f330bb5f4a88feb96d8f96,Figure 3 latitude profile,figure_source,main_companion_descriptive,MAIN,FINAL_MAIN,0.246299592692004,centre line and CI share this exact row | Historical ecology record: model/domain retained; not the September five-control primary analysis.
TOP100V2P0023,Figure 3 latitude profile,Figure 3 latitude profile | W-GPE | GPP | 5-degree cos(latitude)-weighted partial-r profile | 30 to 35 | absolute | top100,5-degree cos(latitude)-weighted partial-r profile,0.198115542908426,0.125112380042273,0.26740023220659,Partial r,ecology product overlap,persistent vegetated land,5-degree cos(latitude)-weighted all-valid profile,cos(latitude),,<PROJECT_ROOT>\CANONICAL_WGPE_TOP100_v2\03_SOURCE_DATA\REGISTERED_SOURCES\Figure3_ecology_profile_uncertainty_TOP100__fc14113a6d.csv,fc14113a6d4faa8b675f9f2f1d98bf3e5ca38cf881f330bb5f4a88feb96d8f96,Figure 3 latitude profile,figure_source,main_companion_descriptive,MAIN,FINAL_MAIN,0.198115542908426,centre line and CI share this exact row | Historical ecology record: model/domain retained; not the September five-control primary analysis.
TOP100V2P0024,Figure 3 latitude profile,Figure 3 latitude profile | W-GPE | GPP | 5-degree cos(latitude)-weighted partial-r profile | 35 to 40 | absolute | top100,5-degree cos(latitude)-weighted partial-r profile,0.140386198366247,0.0833811135362983,0.192816970523616,Partial r,ecology product overlap,persistent vegetated land,5-degree cos(latitude)-weighted all-valid profile,cos(latitude),,<PROJECT_ROOT>\CANONICAL_WGPE_TOP100_v2\03_SOURCE_DATA\REGISTERED_SOURCES\Figure3_ecology_profile_uncertainty_TOP100__fc14113a6d.csv,fc14113a6d4faa8b675f9f2f1d98bf3e5ca38cf881f330bb5f4a88feb96d8f96,Figure 3 latitude profile,figure_source,main_companion_descriptive,MAIN,FINAL_MAIN,0.140386198366247,centre line and CI share this exact row | Historical ecology record: model/domain retained; not the September five-control primary analysis.
TOP100V2P0025,Figure 3 latitude profile,Figure 3 latitude profile | W-GPE | GPP | 5-degree cos(latitude)-weighted partial-r profile | 40 to 45 | absolute | top100,5-degree cos(latitude)-weighted partial-r profile,0.110397447822657,0.0499850578835323,0.165955949138881,Partial r,ecology product overlap,persistent vegetated land,5-degree cos(latitude)-weighted all-valid profile,cos(latitude),,<PROJECT_ROOT>\CANONICAL_WGPE_TOP100_v2\03_SOURCE_DATA\REGISTERED_SOURCES\Figure3_ecology_profile_uncertainty_TOP100__fc14113a6d.csv,fc14113a6d4faa8b675f9f2f1d98bf3e5ca38cf881f330bb5f4a88feb96d8f96,Figure 3 latitude profile,figure_source,main_companion_descriptive,MAIN,FINAL_MAIN,0.110397447822657,centre line and CI share this exact row | Historical ecology record: model/domain retained; not the September five-control primary analysis.
TOP100V2P0026,Figure 3 latitude profile,Figure 3 latitude profile | W-GPE | GPP | 5-degree cos(latitude)-weighted partial-r profile | 45 to 50 | absolute | top100,5-degree cos(latitude)-weighted partial-r profile,0.0965102583300043,0.0500153431485076,0.136206897981737,Partial r,ecology product overlap,persistent vegetated land,5-degree cos(latitude)-weighted all-valid profile,cos(latitude),,<PROJECT_ROOT>\CANONICAL_WGPE_TOP100_v2\03_SOURCE_DATA\REGISTERED_SOURCES\Figure3_ecology_profile_uncertainty_TOP100__fc14113a6d.csv,fc14113a6d4faa8b675f9f2f1d98bf3e5ca38cf881f330bb5f4a88feb96d8f96,Figure 3 latitude profile,figure_source,main_companion_descriptive,MAIN,FINAL_MAIN,0.0965102583300043,centre line and CI share this exact row | Historical ecology record: model/domain retained; not the September five-control primary analysis.
TOP100V2P0027,Figure 3 latitude profile,Figure 3 latitude profile | W-GPE | GPP | 5-degree cos(latitude)-weighted partial-r profile | 50 to 55 | absolute | top100,5-degree cos(latitude)-weighted partial-r profile,0.0745488868106107,0.0450225653233022,0.102919107842414,Partial r,ecology product overlap,persistent vegetated land,5-degree cos(latitude)-weighted all-valid profile,cos(latitude),,<PROJECT_ROOT>\CANONICAL_WGPE_TOP100_v2\03_SOURCE_DATA\REGISTERED_SOURCES\Figure3_ecology_profile_uncertainty_TOP100__fc14113a6d.csv,fc14113a6d4faa8b675f9f2f1d98bf3e5ca38cf881f330bb5f4a88feb96d8f96,Figure 3 latitude profile,figure_source,main_companion_descriptive,MAIN,FINAL_MAIN,0.0745488868106107,centre line and CI share this exact row | Historical ecology record: model/domain retained; not the September five-control primary analysis.
TOP100V2P0028,Figure 3 latitude profile,Figure 3 latitude profile | W-GPE | GPP | 5-degree cos(latitude)-weighted partial-r profile | 55 to 60 | absolute | top100,5-degree cos(latitude)-weighted partial-r profile,0.0862792477069487,0.0578391245329408,0.113620728893765,Partial r,ecology product overlap,persistent vegetated land,5-degree cos(latitude)-weighted all-valid profile,cos(latitude),,<PROJECT_ROOT>\CANONICAL_WGPE_TOP100_v2\03_SOURCE_DATA\REGISTERED_SOURCES\Figure3_ecology_profile_uncertainty_TOP100__fc14113a6d.csv,fc14113a6d4faa8b675f9f2f1d98bf3e5ca38cf881f330bb5f4a88feb96d8f96,Figure 3 latitude profile,figure_source,main_companion_descriptive,MAIN,FINAL_MAIN,0.0862792477069487,centre line and CI share this exact row | Historical ecology record: model/domain retained; not the September five-control primary analysis.
TOP100V2P0029,Figure 3 latitude profile,Figure 3 latitude profile | W-GPE | GPP | 5-degree cos(latitude)-weighted partial-r profile | 60 to 65 | absolute | top100,5-degree cos(latitude)-weighted partial-r profile,0.145423203539028,0.103659971742647,0.188459007618719,Partial r,ecology product overlap,persistent vegetated land,5-degree cos(latitude)-weighted all-valid profile,cos(latitude),,<PROJECT_ROOT>\CANONICAL_WGPE_TOP100_v2\03_SOURCE_DATA\REGISTERED_SOURCES\Figure3_ecology_profile_uncertainty_TOP100__fc14113a6d.csv,fc14113a6d4faa8b675f9f2f1d98bf3e5ca38cf881f330bb5f4a88feb96d8f96,Figure 3 latitude profile,figure_source,main_companion_descriptive,MAIN,FINAL_MAIN,0.145423203539028,centre line and CI share this exact row | Historical ecology record: model/domain retained; not the September five-control primary analysis.
TOP100V2P0030,Figure 3 latitude profile,Figure 3 latitude profile | W-GPE | GPP | 5-degree cos(latitude)-weighted partial-r profile | 65 to 70 | absolute | top100,5-degree cos(latitude)-weighted partial-r profile,0.155040825307786,0.108059808960334,0.200037118392038,Partial r,ecology product overlap,persistent vegetated land,5-degree cos(latitude)-weighted all-valid profile,cos(latitude),,<PROJECT_ROOT>\CANONICAL_WGPE_TOP100_v2\03_SOURCE_DATA\REGISTERED_SOURCES\Figure3_ecology_profile_uncertainty_TOP100__fc14113a6d.csv,fc14113a6d4faa8b675f9f2f1d98bf3e5ca38cf881f330bb5f4a88feb96d8f96,Figure 3 latitude profile,figure_source,main_companion_descriptive,MAIN,FINAL_MAIN,0.155040825307786,centre line and CI share this exact row | Historical ecology record: model/domain retained; not the September five-control primary analysis.
TOP100V2P0031,Figure 3 latitude profile,Figure 3 latitude profile | W-GPE | GPP | 5-degree cos(latitude)-weighted partial-r profile | 70 to 75 | absolute | top100,5-degree cos(latitude)-weighted partial-r profile,0.177117500789921,0.126076427614848,0.228866721342837,Partial r,ecology product overlap,persistent vegetated land,5-degree cos(latitude)-weighted all-valid profile,cos(latitude),,<PROJECT_ROOT>\CANONICAL_WGPE_TOP100_v2\03_SOURCE_DATA\REGISTERED_SOURCES\Figure3_ecology_profile_uncertainty_TOP100__fc14113a6d.csv,fc14113a6d4faa8b675f9f2f1d98bf3e5ca38cf881f330bb5f4a88feb96d8f96,Figure 3 latitude profile,figure_source,main_companion_descriptive,MAIN,FINAL_MAIN,0.177117500789921,centre line and CI share this exact row | Historical ecology record: model/domain retained; not the September five-control primary analysis.
TOP100V2P0032,Figure 3 latitude profile,Figure 3 latitude profile | W-GPE | GPP | 5-degree cos(latitude)-weighted partial-r profile | 75 to 80 | absolute | top100,5-degree cos(latitude)-weighted partial-r profile,0.109277503948486,0.0726306264315846,0.150547898808588,Partial r,ecology product overlap,persistent vegetated land,5-degree cos(latitude)-weighted all-valid profile,cos(latitude),,<PROJECT_ROOT>\CANONICAL_WGPE_TOP100_v2\03_SOURCE_DATA\REGISTERED_SOURCES\Figure3_ecology_profile_uncertainty_TOP100__fc14113a6d.csv,fc14113a6d4faa8b675f9f2f1d98bf3e5ca38cf881f330bb5f4a88feb96d8f96,Figure 3 latitude profile,figure_source,main_companion_descriptive,MAIN,FINAL_MAIN,0.109277503948486,centre line and CI share this exact row | Historical ecology record: model/domain retained; not the September five-control primary analysis.
TOP100V2P0033,Figure 3 latitude profile,Figure 3 latitude profile | W-GPE | GPP | 5-degree cos(latitude)-weighted partial-r profile | 80 to 85 | absolute | top100,5-degree cos(latitude)-weighted partial-r profile,0.0891344418461609,0.0744818956948604,0.103045869520566,Partial r,ecology product overlap,persistent vegetated land,5-degree cos(latitude)-weighted all-valid profile,cos(latitude),,<PROJECT_ROOT>\CANONICAL_WGPE_TOP100_v2\03_SOURCE_DATA\REGISTERED_SOURCES\Figure3_ecology_profile_uncertainty_TOP100__fc14113a6d.csv,fc14113a6d4faa8b675f9f2f1d98bf3e5ca38cf881f330bb5f4a88feb96d8f96,Figure 3 latitude profile,figure_source,main_companion_descriptive,MAIN,FINAL_MAIN,0.0891344418461609,centre line and CI share this exact row | Historical ecology record: model/domain retained; not the September five-control primary analysis.
TOP100V2P0034,Figure 3 latitude profile,Figure 3 latitude profile | <z> | GPP | 5-degree cos(latitude)-weighted partial-r profile | -90 to -85 | absolute | top100,5-degree cos(latitude)-weighted partial-r profile,-0.0363656420079812,-0.0741756717414625,-0.0002399106117226,Partial r,ecology product overlap,persistent vegetated land,5-degree cos(latitude)-weighted all-valid profile,cos(latitude),,<PROJECT_ROOT>\CANONICAL_WGPE_TOP100_v2\03_SOURCE_DATA\REGISTERED_SOURCES\Figure3_ecology_profile_uncertainty_TOP100__fc14113a6d.csv,fc14113a6d4faa8b675f9f2f1d98bf3e5ca38cf881f330bb5f4a88feb96d8f96,Figure 3 latitude profile,figure_source,main_companion_descriptive,MAIN,FINAL_MAIN,-0.0363656420079812,centre line and CI share this exact row | Historical ecology record: model/domain retained; not the September five-control primary analysis.
TOP100V2P0035,Figure 3 latitude profile,Figure 3 latitude profile | <z> | GPP | 5-degree cos(latitude)-weighted partial-r profile | -85 to -80 | absolute | top100,5-degree cos(latitude)-weighted partial-r profile,0.0529514076030244,0.0529514076030244,0.0529514076030244,Partial r,ecology product overlap,persistent vegetated land,5-degree cos(latitude)-weighted all-valid profile,cos(latitude),,<PROJECT_ROOT>\CANONICAL_WGPE_TOP100_v2\03_SOURCE_DATA\REGISTERED_SOURCES\Figure3_ecology_profile_uncertainty_TOP100__fc14113a6d.csv,fc14113a6d4faa8b675f9f2f1d98bf3e5ca38cf881f330bb5f4a88feb96d8f96,Figure 3 latitude profile,figure_source,main_companion_descriptive,MAIN,FINAL_MAIN,0.0529514076030244,centre line and CI share this exact row | Historical ecology record: model/domain retained; not the September five-control primary analysis.
TOP100V2P0036,Figure 3 latitude profile,Figure 3 latitude profile | <z> | GPP | 5-degree cos(latitude)-weighted partial-r profile | -80 to -75 | absolute | top100,5-degree cos(latitude)-weighted partial-r profile,0.0407033661266456,-0.0955970311054758,0.0750967658974793,Partial r,ecology product overlap,persistent vegetated land,5-degree cos(latitude)-weighted all-valid profile,cos(latitude),,<PROJECT_ROOT>\CANONICAL_WGPE_TOP100_v2\03_SOURCE_DATA\REGISTERED_SOURCES\Figure3_ecology_profile_uncertainty_TOP100__fc14113a6d.csv,fc14113a6d4faa8b675f9f2f1d98bf3e5ca38cf881f330bb5f4a88feb96d8f96,Figure 3 latitude profile,figure_source,main_companion_descriptive,MAIN,FINAL_MAIN,0.0407033661266456,centre line and CI share this exact row | Historical ecology record: model/domain retained; not the September five-control primary analysis.
TOP100V2P0037,Figure 3 latitude profile,Figure 3 latitude profile | <z> | GPP | 5-degree cos(latitude)-weighted partial-r profile | -75 to -70 | absolute | top100,5-degree cos(latitude)-weighted partial-r profile,0.0173212229229593,0.0173212229229593,0.0173212229229593,Partial r,ecology product overlap,persistent vegetated land,5-degree cos(latitude)-weighted all-valid profile,cos(latitude),,<PROJECT_ROOT>\CANONICAL_WGPE_TOP100_v2\03_SOURCE_DATA\REGISTERED_SOURCES\Figure3_ecology_profile_uncertainty_TOP100__fc14113a6d.csv,fc14113a6d4faa8b675f9f2f1d98bf3e5ca38cf881f330bb5f4a88feb96d8f96,Figure 3 latitude profile,figure_source,main_companion_descriptive,MAIN,FINAL_MAIN,0.0173212229229593,centre line and CI share this exact row | Historical ecology record: model/domain retained; not the September five-control primary analysis.
TOP100V2P0038,Figure 3 latitude profile,Figure 3 latitude profile | <z> | GPP | 5-degree cos(latitude)-weighted partial-r profile | -60 to -55 | absolute | top100,5-degree cos(latitude)-weighted partial-r profile,-0.0264469010922318,-0.0286734679504549,-0.0175406336593394,Partial r,ecology product overlap,persistent vegetated land,5-degree cos(latitude)-weighted all-valid profile,cos(latitude),,<PROJECT_ROOT>\CANONICAL_WGPE_TOP100_v2\03_SOURCE_DATA\REGISTERED_SOURCES\Figure3_ecology_profile_uncertainty_TOP100__fc14113a6d.csv,fc14113a6d4faa8b675f9f2f1d98bf3e5ca38cf881f330bb5f4a88feb96d8f96,Figure 3 latitude profile,figure_source,main_companion_descriptive,MAIN,FINAL_MAIN,-0.0264469010922318,centre line and CI share this exact row | Historical ecology record: model/domain retained; not the September five-control primary analysis.
TOP100V2P0039,Figure 3 latitude profile,Figure 3 latitude profile | <z> | GPP | 5-degree cos(latitude)-weighted partial-r profile | -55 to -50 | absolute | top100,5-degree cos(latitude)-weighted partial-r profile,-0.0080070393304527,-0.0331515793032723,0.0396355294676613,Partial r,ecology product overlap,persistent vegetated land,5-degree cos(latitude)-weighted all-valid profile,cos(latitude),,<PROJECT_ROOT>\CANONICAL_WGPE_TOP100_v2\03_SOURCE_DATA\REGISTERED_SOURCES\Figure3_ecology_profile_uncertainty_TOP100__fc14113a6d.csv,fc14113a6d4faa8b675f9f2f1d98bf3e5ca38cf881f330bb5f4a88feb96d8f96,Figure 3 latitude profile,figure_source,main_companion_descriptive,MAIN,FINAL_MAIN,-0.0080070393304527,centre line and CI share this exact row | Historical ecology record: model/domain retained; not the September five-control primary analysis.
TOP100V2P0040,Figure 3 latitude profile,Figure 3 latitude profile | <z> | GPP | 5-degree cos(latitude)-weighted partial-r profile | -50 to -45 | absolute | top100,5-degree cos(latitude)-weighted partial-r profile,0.0062045020197333,-0.0291989593008477,0.0421840344743594,Partial r,ecology product overlap,persistent vegetated land,5-degree cos(latitude)-weighted all-valid profile,cos(latitude),,<PROJECT_ROOT>\CANONICAL_WGPE_TOP100_v2\03_SOURCE_DATA\REGISTERED_SOURCES\Figure3_ecology_profile_uncertainty_TOP100__fc14113a6d.csv,fc14113a6d4faa8b675f9f2f1d98bf3e5ca38cf881f330bb5f4a88feb96d8f96,Figure 3 latitude profile,figure_source,main_companion_descriptive,MAIN,FINAL_MAIN,0.0062045020197333,centre line and CI share this exact row | Historical ecology record: model/domain retained; not the September five-control primary analysis.
TOP100V2P0041,Figure 3 latitude profile,Figure 3 latitude profile | <z> | GPP | 5-degree cos(latitude)-weighted partial-r profile | -45 to -40 | absolute | top100,5-degree cos(latitude)-weighted partial-r profile,-0.0258940461619847,-0.135516394614799,0.0430680392578939,Partial r,ecology product overlap,persistent vegetated land,5-degree cos(latitude)-weighted all-valid profile,cos(latitude),,<PROJECT_ROOT>\CANONICAL_WGPE_TOP100_v2\03_SOURCE_DATA\REGISTERED_SOURCES\Figure3_ecology_profile_uncertainty_TOP100__fc14113a6d.csv,fc14113a6d4faa8b675f9f2f1d98bf3e5ca38cf881f330bb5f4a88feb96d8f96,Figure 3 latitude profile,figure_source,main_companion_descriptive,MAIN,FINAL_MAIN,-0.0258940461619847,centre line and CI share this exact row | Historical ecology record: model/domain retained; not the September five-control primary analysis.
TOP100V2P0042,Figure 3 latitude profile,Figure 3 latitude profile | <z> | GPP | 5-degree cos(latitude)-weighted partial-r profile | -40 to -35 | absolute | top100,5-degree cos(latitude)-weighted partial-r profile,-0.0510195481369212,-0.151934276243829,0.0403694120478035,Partial r,ecology product overlap,persistent vegetated land,5-degree cos(latitude)-weighted all-valid profile,cos(latitude),,<PROJECT_ROOT>\CANONICAL_WGPE_TOP100_v2\03_SOURCE_DATA\REGISTERED_SOURCES\Figure3_ecology_profile_uncertainty_TOP100__fc14113a6d.csv,fc14113a6d4faa8b675f9f2f1d98bf3e5ca38cf881f330bb5f4a88feb96d8f96,Figure 3 latitude profile,figure_source,main_companion_descriptive,MAIN,FINAL_MAIN,-0.0510195481369212,centre line and CI share this exact row | Historical ecology record: model/domain retained; not the September five-control primary analysis.
TOP100V2P0043,Figure 3 latitude profile,Figure 3 latitude profile | <z> | GPP | 5-degree cos(latitude)-weighted partial-r profile | -35 to -30 | absolute | top100,5-degree cos(latitude)-weighted partial-r profile,-0.0916962106780126,-0.164470251007678,-0.0164799964336252,Partial r,ecology product overlap,persistent vegetated land,5-degree cos(latitude)-weighted all-valid profile,cos(latitude),,<PROJECT_ROOT>\CANONICAL_WGPE_TOP100_v2\03_SOURCE_DATA\REGISTERED_SOURCES\Figure3_ecology_profile_uncertainty_TOP100__fc14113a6d.csv,fc14113a6d4faa8b675f9f2f1d98bf3e5ca38cf881f330bb5f4a88feb96d8f96,Figure 3 latitude profile,figure_source,main_companion_descriptive,MAIN,FINAL_MAIN,-0.0916962106780126,centre line and CI share this exact row | Historical ecology record: model/domain retained; not the September five-control primary analysis.
TOP100V2P0044,Figure 3 latitude profile,Figure 3 latitude profile | <z> | GPP | 5-degree cos(latitude)-weighted partial-r profile | -30 to -25 | absolute | top100,5-degree cos(latitude)-weighted partial-r profile,-0.111559692625391,-0.171850359810594,-0.0461121142692315,Partial r,ecology product overlap,persistent vegetated land,5-degree cos(latitude)-weighted all-valid profile,cos(latitude),,<PROJECT_ROOT>\CANONICAL_WGPE_TOP100_v2\03_SOURCE_DATA\REGISTERED_SOURCES\Figure3_ecology_profile_uncertainty_TOP100__fc14113a6d.csv,fc14113a6d4faa8b675f9f2f1d98bf3e5ca38cf881f330bb5f4a88feb96d8f96,Figure 3 latitude profile,figure_source,main_companion_descriptive,MAIN,FINAL_MAIN,-0.111559692625391,centre line and CI share this exact row | Historical ecology record: model/domain retained; not the September five-control primary analysis.
TOP100V2P0045,Figure 3 latitude profile,Figure 3 latitude profile | <z> | GPP | 5-degree cos(latitude)-weighted partial-r profile | -25 to -20 | absolute | top100,5-degree cos(latitude)-weighted partial-r profile,-0.0466325144874999,-0.102935985503055,0.012476618568196,Partial r,ecology product overlap,persistent vegetated land,5-degree cos(latitude)-weighted all-valid profile,cos(latitude),,<PROJECT_ROOT>\CANONICAL_WGPE_TOP100_v2\03_SOURCE_DATA\REGISTERED_SOURCES\Figure3_ecology_profile_uncertainty_TOP100__fc14113a6d.csv,fc14113a6d4faa8b675f9f2f1d98bf3e5ca38cf881f330bb5f4a88feb96d8f96,Figure 3 latitude profile,figure_source,main_companion_descriptive,MAIN,FINAL_MAIN,-0.0466325144874999,centre line and CI share this exact row | Historical ecology record: model/domain retained; not the September five-control primary analysis.
TOP100V2P0046,Figure 3 latitude profile,Figure 3 latitude profile | <z> | GPP | 5-degree cos(latitude)-weighted partial-r profile | -20 to -15 | absolute | top100,5-degree cos(latitude)-weighted partial-r profile,0.0059603314280409,-0.0276756284270514,0.039779679750949,Partial r,ecology product overlap,persistent vegetated land,5-degree cos(latitude)-weighted all-valid profile,cos(latitude),,<PROJECT_ROOT>\CANONICAL_WGPE_TOP100_v2\03_SOURCE_DATA\REGISTERED_SOURCES\Figure3_ecology_profile_uncertainty_TOP100__fc14113a6d.csv,fc14113a6d4faa8b675f9f2f1d98bf3e5ca38cf881f330bb5f4a88feb96d8f96,Figure 3 latitude profile,figure_source,main_companion_descriptive,MAIN,FINAL_MAIN,0.0059603314280409,centre line and CI share this exact row | Historical ecology record: model/domain retained; not the September five-control primary analysis.
TOP100V2P0047,Figure 3 latitude profile,Figure 3 latitude profile | <z> | GPP | 5-degree cos(latitude)-weighted partial-r profile | -15 to -10 | absolute | top100,5-degree cos(latitude)-weighted partial-r profile,0.0150425340257218,-0.0498530118498897,0.100372974827378,Partial r,ecology product overlap,persistent vegetated land,5-degree cos(latitude)-weighted all-valid profile,cos(latitude),,<PROJECT_ROOT>\CANONICAL_WGPE_TOP100_v2\03_SOURCE_DATA\REGISTERED_SOURCES\Figure3_ecology_profile_uncertainty_TOP100__fc14113a6d.csv,fc14113a6d4faa8b675f9f2f1d98bf3e5ca38cf881f330bb5f4a88feb96d8f96,Figure 3 latitude profile,figure_source,main_companion_descriptive,MAIN,FINAL_MAIN,0.0150425340257218,centre line and CI share this exact row | Historical ecology record: model/domain retained; not the September five-control primary analysis.
TOP100V2P0048,Figure 3 latitude profile,Figure 3 latitude profile | <z> | GPP | 5-degree cos(latitude)-weighted partial-r profile | -10 to -5 | absolute | top100,5-degree cos(latitude)-weighted partial-r profile,0.0630021323022853,-0.0089196632743066,0.167874061769051,Partial r,ecology product overlap,persistent vegetated land,5-degree cos(latitude)-weighted all-valid profile,cos(latitude),,<PROJECT_ROOT>\CANONICAL_WGPE_TOP100_v2\03_SOURCE_DATA\REGISTERED_SOURCES\Figure3_ecology_profile_uncertainty_TOP100__fc14113a6d.csv,fc14113a6d4faa8b675f9f2f1d98bf3e5ca38cf881f330bb5f4a88feb96d8f96,Figure 3 latitude profile,figure_source,main_companion_descriptive,MAIN,FINAL_MAIN,0.0630021323022853,centre line and CI share this exact row | Historical ecology record: model/domain retained; not the September five-control primary analysis.
TOP100V2P0049,Figure 3 latitude profile,Figure 3 latitude profile | <z> | GPP | 5-degree cos(latitude)-weighted partial-r profile | -5 to 0 | absolute | top100,5-degree cos(latitude)-weighted partial-r profile,0.116188974805755,0.0383808475058789,0.212976406957965,Partial r,ecology product overlap,persistent vegetated land,5-degree cos(latitude)-weighted all-valid profile,cos(latitude),,<PROJECT_ROOT>\CANONICAL_WGPE_TOP100_v2\03_SOURCE_DATA\REGISTERED_SOURCES\Figure3_ecology_profile_uncertainty_TOP100__fc14113a6d.csv,fc14113a6d4faa8b675f9f2f1d98bf3e5ca38cf881f330bb5f4a88feb96d8f96,Figure 3 latitude profile,figure_source,main_companion_descriptive,MAIN,FINAL_MAIN,0.116188974805755,centre line and CI share this exact row | Historical ecology record: model/domain retained; not the September five-control primary analysis.
TOP100V2P0050,Figure 3 latitude profile,Figure 3 latitude profile | <z> | GPP | 5-degree cos(latitude)-weighted partial-r profile | 0 to 5 | absolute | top100,5-degree cos(latitude)-weighted partial-r profile,0.115865061580853,0.0335176775168243,0.205638163100302,Partial r,ecology product overlap,persistent vegetated land,5-degree cos(latitude)-weighted all-valid profile,cos(latitude),,<PROJECT_ROOT>\CANONICAL_WGPE_TOP100_v2\03_SOURCE_DATA\REGISTERED_SOURCES\Figure3_ecology_profile_uncertainty_TOP100__fc14113a6d.csv,fc14113a6d4faa8b675f9f2f1d98bf3e5ca38cf881f330bb5f4a88feb96d8f96,Figure 3 latitude profile,figure_source,main_companion_descriptive,MAIN,FINAL_MAIN,0.115865061580853,centre line and CI share this exact row | Historical ecology record: model/domain retained; not the September five-control primary analysis.
TOP100V2P0051,Figure 3 latitude profile,Figure 3 latitude profile | <z> | GPP | 5-degree cos(latitude)-weighted partial-r profile | 5 to 10 | absolute | top100,5-degree cos(latitude)-weighted partial-r profile,0.0467144659056121,-0.0049133495361607,0.122636372973424,Partial r,ecology product overlap,persistent vegetated land,5-degree cos(latitude)-weighted all-valid profile,cos(latitude),,<PROJECT_ROOT>\CANONICAL_WGPE_TOP100_v2\03_SOURCE_DATA\REGISTERED_SOURCES\Figure3_ecology_profile_uncertainty_TOP100__fc14113a6d.csv,fc14113a6d4faa8b675f9f2f1d98bf3e5ca38cf881f330bb5f4a88feb96d8f96,Figure 3 latitude profile,figure_source,main_companion_descriptive,MAIN,FINAL_MAIN,0.0467144659056121,centre line and CI share this exact row | Historical ecology record: model/domain retained; not the September five-control primary analysis.
TOP100V2P0052,Figure 3 latitude profile,Figure 3 latitude profile | <z> | GPP | 5-degree cos(latitude)-weighted partial-r profile | 10 to 15 | absolute | top100,5-degree cos(latitude)-weighted partial-r profile,0.0354919328671578,-0.0256329989849392,0.110419293661976,Partial r,ecology product overlap,persistent vegetated land,5-degree cos(latitude)-weighted all-valid profile,cos(latitude),,<PROJECT_ROOT>\CANONICAL_WGPE_TOP100_v2\03_SOURCE_DATA\REGISTERED_SOURCES\Figure3_ecology_profile_uncertainty_TOP100__fc14113a6d.csv,fc14113a6d4faa8b675f9f2f1d98bf3e5ca38cf881f330bb5f4a88feb96d8f96,Figure 3 latitude profile,figure_source,main_companion_descriptive,MAIN,FINAL_MAIN,0.0354919328671578,centre line and CI share this exact row | Historical ecology record: model/domain retained; not the September five-control primary analysis.
TOP100V2P0053,Figure 3 latitude profile,Figure 3 latitude profile | <z> | GPP | 5-degree cos(latitude)-weighted partial-r profile | 15 to 20 | absolute | top100,5-degree cos(latitude)-weighted partial-r profile,0.0279571893595033,-0.010061157947873,0.072075583051899,Partial r,ecology product overlap,persistent vegetated land,5-degree cos(latitude)-weighted all-valid profile,cos(latitude),,<PROJECT_ROOT>\CANONICAL_WGPE_TOP100_v2\03_SOURCE_DATA\REGISTERED_SOURCES\Figure3_ecology_profile_uncertainty_TOP100__fc14113a6d.csv,fc14113a6d4faa8b675f9f2f1d98bf3e5ca38cf881f330bb5f4a88feb96d8f96,Figure 3 latitude profile,figure_source,main_companion_descriptive,MAIN,FINAL_MAIN,0.0279571893595033,centre line and CI share this exact row | Historical ecology record: model/domain retained; not the September five-control primary analysis.
TOP100V2P0054,Figure 3 latitude profile,Figure 3 latitude profile | <z> | GPP | 5-degree cos(latitude)-weighted partial-r profile | 20 to 25 | absolute | top100,5-degree cos(latitude)-weighted partial-r profile,0.0372685898929341,-0.0078503815679985,0.0832429401536872,Partial r,ecology product overlap,persistent vegetated land,5-degree cos(latitude)-weighted all-valid profile,cos(latitude),,<PROJECT_ROOT>\CANONICAL_WGPE_TOP100_v2\03_SOURCE_DATA\REGISTERED_SOURCES\Figure3_ecology_profile_uncertainty_TOP100__fc14113a6d.csv,fc14113a6d4faa8b675f9f2f1d98bf3e5ca38cf881f330bb5f4a88feb96d8f96,Figure 3 latitude profile,figure_source,main_companion_descriptive,MAIN,FINAL_MAIN,0.0372685898929341,centre line and CI share this exact row | Historical ecology record: model/domain retained; not the September five-control primary analysis.
TOP100V2P0055,Figure 3 latitude profile,Figure 3 latitude profile | <z> | GPP | 5-degree cos(latitude)-weighted partial-r profile | 25 to 30 | absolute | top100,5-degree cos(latitude)-weighted partial-r profile,-0.034118052085602,-0.0838661978921769,0.0181544567877377,Partial r,ecology product overlap,persistent vegetated land,5-degree cos(latitude)-weighted all-valid profile,cos(latitude),,<PROJECT_ROOT>\CANONICAL_WGPE_TOP100_v2\03_SOURCE_DATA\REGISTERED_SOURCES\Figure3_ecology_profile_uncertainty_TOP100__fc14113a6d.csv,fc14113a6d4faa8b675f9f2f1d98bf3e5ca38cf881f330bb5f4a88feb96d8f96,Figure 3 latitude profile,figure_source,main_companion_descriptive,MAIN,FINAL_MAIN,-0.034118052085602,centre line and CI share this exact row | Historical ecology record: model/domain retained; not the September five-control primary analysis.
TOP100V2P0056,Figure 3 latitude profile,Figure 3 latitude profile | <z> | GPP | 5-degree cos(latitude)-weighted partial-r profile | 30 to 35 | absolute | top100,5-degree cos(latitude)-weighted partial-r profile,-0.062850066885634,-0.103334349517385,-0.0237764714785584,Partial r,ecology product overlap,persistent vegetated land,5-degree cos(latitude)-weighted all-valid profile,cos(latitude),,<PROJECT_ROOT>\CANONICAL_WGPE_TOP100_v2\03_SOURCE_DATA\REGISTERED_SOURCES\Figure3_ecology_profile_uncertainty_TOP100__fc14113a6d.csv,fc14113a6d4faa8b675f9f2f1d98bf3e5ca38cf881f330bb5f4a88feb96d8f96,Figure 3 latitude profile,figure_source,main_companion_descriptive,MAIN,FINAL_MAIN,-0.062850066885634,centre line and CI share this exact row | Historical ecology record: model/domain retained; not the September five-control primary analysis.
TOP100V2P0057,Figure 3 latitude profile,Figure 3 latitude profile | <z> | GPP | 5-degree cos(latitude)-weighted partial-r profile | 35 to 40 | absolute | top100,5-degree cos(latitude)-weighted partial-r profile,-0.0451610013392134,-0.0635882303289334,-0.0269053782496258,Partial r,ecology product overlap,persistent vegetated land,5-degree cos(latitude)-weighted all-valid profile,cos(latitude),,<PROJECT_ROOT>\CANONICAL_WGPE_TOP100_v2\03_SOURCE_DATA\REGISTERED_SOURCES\Figure3_ecology_profile_uncertainty_TOP100__fc14113a6d.csv,fc14113a6d4faa8b675f9f2f1d98bf3e5ca38cf881f330bb5f4a88feb96d8f96,Figure 3 latitude profile,figure_source,main_companion_descriptive,MAIN,FINAL_MAIN,-0.0451610013392134,centre line and CI share this exact row | Historical ecology record: model/domain retained; not the September five-control primary analysis.
TOP100V2P0058,Figure 3 latitude profile,Figure 3 latitude profile | <z> | GPP | 5-degree cos(latitude)-weighted partial-r profile | 40 to 45 | absolute | top100,5-degree cos(latitude)-weighted partial-r profile,-0.0866513772044254,-0.114433856353755,-0.0582355265524249,Partial r,ecology product overlap,persistent vegetated land,5-degree cos(latitude)-weighted all-valid profile,cos(latitude),,<PROJECT_ROOT>\CANONICAL_WGPE_TOP100_v2\03_SOURCE_DATA\REGISTERED_SOURCES\Figure3_ecology_profile_uncertainty_TOP100__fc14113a6d.csv,fc14113a6d4faa8b675f9f2f1d98bf3e5ca38cf881f330bb5f4a88feb96d8f96,Figure 3 latitude profile,figure_source,main_companion_descriptive,MAIN,FINAL_MAIN,-0.0866513772044254,centre line and CI share this exact row | Historical ecology record: model/domain retained; not the September five-control primary analysis.
TOP100V2P0059,Figure 3 latitude profile,Figure 3 latitude profile | <z> | GPP | 5-degree cos(latitude)-weighted partial-r profile | 45 to 50 | absolute | top100,5-degree cos(latitude)-weighted partial-r profile,-0.0939368912760968,-0.126898155764078,-0.0650226379121839,Partial r,ecology product overlap,persistent vegetated land,5-degree cos(latitude)-weighted all-valid profile,cos(latitude),,<PROJECT_ROOT>\CANONICAL_WGPE_TOP100_v2\03_SOURCE_DATA\REGISTERED_SOURCES\Figure3_ecology_profile_uncertainty_TOP100__fc14113a6d.csv,fc14113a6d4faa8b675f9f2f1d98bf3e5ca38cf881f330bb5f4a88feb96d8f96,Figure 3 latitude profile,figure_source,main_companion_descriptive,MAIN,FINAL_MAIN,-0.0939368912760968,centre line and CI share this exact row | Historical ecology record: model/domain retained; not the September five-control primary analysis.
TOP100V2P0060,Figure 3 latitude profile,Figure 3 latitude profile | <z> | GPP | 5-degree cos(latitude)-weighted partial-r profile | 50 to 55 | absolute | top100,5-degree cos(latitude)-weighted partial-r profile,-0.0460149304085669,-0.0768220189489843,-0.0156149686155931,Partial r,ecology product overlap,persistent vegetated land,5-degree cos(latitude)-weighted all-valid profile,cos(latitude),,<PROJECT_ROOT>\CANONICAL_WGPE_TOP100_v2\03_SOURCE_DATA\REGISTERED_SOURCES\Figure3_ecology_profile_uncertainty_TOP100__fc14113a6d.csv,fc14113a6d4faa8b675f9f2f1d98bf3e5ca38cf881f330bb5f4a88feb96d8f96,Figure 3 latitude profile,figure_source,main_companion_descriptive,MAIN,FINAL_MAIN,-0.0460149304085669,centre line and CI share this exact row | Historical ecology record: model/domain retained; not the September five-control primary analysis.
TOP100V2P0061,Figure 3 latitude profile,Figure 3 latitude profile | <z> | GPP | 5-degree cos(latitude)-weighted partial-r profile | 55 to 60 | absolute | top100,5-degree cos(latitude)-weighted partial-r profile,-0.0015206895118667,-0.0223075111300466,0.0224031405658889,Partial r,ecology product overlap,persistent vegetated land,5-degree cos(latitude)-weighted all-valid profile,cos(latitude),,<PROJECT_ROOT>\CANONICAL_WGPE_TOP100_v2\03_SOURCE_DATA\REGISTERED_SOURCES\Figure3_ecology_profile_uncertainty_TOP100__fc14113a6d.csv,fc14113a6d4faa8b675f9f2f1d98bf3e5ca38cf881f330bb5f4a88feb96d8f96,Figure 3 latitude profile,figure_source,main_companion_descriptive,MAIN,FINAL_MAIN,-0.0015206895118667,centre line and CI share this exact row | Historical ecology record: model/domain retained; not the September five-control primary analysis.
TOP100V2P0062,Figure 3 latitude profile,Figure 3 latitude profile | <z> | GPP | 5-degree cos(latitude)-weighted partial-r profile | 60 to 65 | absolute | top100,5-degree cos(latitude)-weighted partial-r profile,0.0032985585272296,-0.01447577822867,0.0218800697336559,Partial r,ecology product overlap,persistent vegetated land,5-degree cos(latitude)-weighted all-valid profile,cos(latitude),,<PROJECT_ROOT>\CANONICAL_WGPE_TOP100_v2\03_SOURCE_DATA\REGISTERED_SOURCES\Figure3_ecology_profile_uncertainty_TOP100__fc14113a6d.csv,fc14113a6d4faa8b675f9f2f1d98bf3e5ca38cf881f330bb5f4a88feb96d8f96,Figure 3 latitude profile,figure_source,main_companion_descriptive,MAIN,FINAL_MAIN,0.0032985585272296,centre line and CI share this exact row | Historical ecology record: model/domain retained; not the September five-control primary analysis.
TOP100V2P0063,Figure 3 latitude profile,Figure 3 latitude profile | <z> | GPP | 5-degree cos(latitude)-weighted partial-r profile | 65 to 70 | absolute | top100,5-degree cos(latitude)-weighted partial-r profile,-0.0063215093670645,-0.0221054546796698,0.0104097465822791,Partial r,ecology product overlap,persistent vegetated land,5-degree cos(latitude)-weighted all-valid profile,cos(latitude),,<PROJECT_ROOT>\CANONICAL_WGPE_TOP100_v2\03_SOURCE_DATA\REGISTERED_SOURCES\Figure3_ecology_profile_uncertainty_TOP100__fc14113a6d.csv,fc14113a6d4faa8b675f9f2f1d98bf3e5ca38cf881f330bb5f4a88feb96d8f96,Figure 3 latitude profile,figure_source,main_companion_descriptive,MAIN,FINAL_MAIN,-0.0063215093670645,centre line and CI share this exact row | Historical ecology record: model/domain retained; not the September five-control primary analysis.
TOP100V2P0064,Figure 3 latitude profile,Figure 3 latitude profile | <z> | GPP | 5-degree cos(latitude)-weighted partial-r profile | 70 to 75 | absolute | top100,5-degree cos(latitude)-weighted partial-r profile,0.004614298843722,-0.0078313858088058,0.0165034483695883,Partial r,ecology product overlap,persistent vegetated land,5-degree cos(latitude)-weighted all-valid profile,cos(latitude),,<PROJECT_ROOT>\CANONICAL_WGPE_TOP100_v2\03_SOURCE_DATA\REGISTERED_SOURCES\Figure3_ecology_profile_uncertainty_TOP100__fc14113a6d.csv,fc14113a6d4faa8b675f9f2f1d98bf3e5ca38cf881f330bb5f4a88feb96d8f96,Figure 3 latitude profile,figure_source,main_companion_descriptive,MAIN,FINAL_MAIN,0.004614298843722,centre line and CI share this exact row | Historical ecology record: model/domain retained; not the September five-control primary analysis.
TOP100V2P0065,Figure 3 latitude profile,Figure 3 latitude profile | <z> | GPP | 5-degree cos(latitude)-weighted partial-r profile | 75 to 80 | absolute | top100,5-degree cos(latitude)-weighted partial-r profile,0.0145179217723834,0.0043711875419661,0.0244278815800888,Partial r,ecology product overlap,persistent vegetated land,5-degree cos(latitude)-weighted all-valid profile,cos(latitude),,<PROJECT_ROOT>\CANONICAL_WGPE_TOP100_v2\03_SOURCE_DATA\REGISTERED_SOURCES\Figure3_ecology_profile_uncertainty_TOP100__fc14113a6d.csv,fc14113a6d4faa8b675f9f2f1d98bf3e5ca38cf881f330bb5f4a88feb96d8f96,Figure 3 latitude profile,figure_source,main_companion_descriptive,MAIN,FINAL_MAIN,0.0145179217723834,centre line and CI share this exact row | Historical ecology record: model/domain retained; not the September five-control primary analysis.
TOP100V2P0066,Figure 3 latitude profile,Figure 3 latitude profile | <z> | GPP | 5-degree cos(latitude)-weighted partial-r profile | 80 to 85 | absolute | top100,5-degree cos(latitude)-weighted partial-r profile,0.0346642808282625,0.0096117277850469,0.0604209481360599,Partial r,ecology product overlap,persistent vegetated land,5-degree cos(latitude)-weighted all-valid profile,cos(latitude),,<PROJECT_ROOT>\CANONICAL_WGPE_TOP100_v2\03_SOURCE_DATA\REGISTERED_SOURCES\Figure3_ecology_profile_uncertainty_TOP100__fc14113a6d.csv,fc14113a6d4faa8b675f9f2f1d98bf3e5ca38cf881f330bb5f4a88feb96d8f96,Figure 3 latitude profile,figure_source,main_companion_descriptive,MAIN,FINAL_MAIN,0.0346642808282625,centre line and CI share this exact row | Historical ecology record: model/domain retained; not the September five-control primary analysis.
TOP100V2P0067,Figure 3 latitude profile,Figure 3 latitude profile | W-GPE | LAI | 5-degree cos(latitude)-weighted partial-r profile | -55 to -50 | absolute | top100,5-degree cos(latitude)-weighted partial-r profile,0.0239596162860597,0.0239596162860597,0.0239596162860597,Partial r,ecology product overlap,persistent vegetated land,5-degree cos(latitude)-weighted all-valid profile,cos(latitude),,<PROJECT_ROOT>\CANONICAL_WGPE_TOP100_v2\03_SOURCE_DATA\REGISTERED_SOURCES\Figure3_ecology_profile_uncertainty_TOP100__fc14113a6d.csv,fc14113a6d4faa8b675f9f2f1d98bf3e5ca38cf881f330bb5f4a88feb96d8f96,Figure 3 latitude profile,figure_source,main_companion_descriptive,MAIN,FINAL_MAIN,0.0239596162860597,centre line and CI share this exact row | Historical ecology record: model/domain retained; not the September five-control primary analysis.
TOP100V2P0068,Figure 3 latitude profile,Figure 3 latitude profile | W-GPE | LAI | 5-degree cos(latitude)-weighted partial-r profile | -50 to -45 | absolute | top100,5-degree cos(latitude)-weighted partial-r profile,0.0470993791996712,0.0175512378644352,0.0928081014432501,Partial r,ecology product overlap,persistent vegetated land,5-degree cos(latitude)-weighted all-valid profile,cos(latitude),,<PROJECT_ROOT>\CANONICAL_WGPE_TOP100_v2\03_SOURCE_DATA\REGISTERED_SOURCES\Figure3_ecology_profile_uncertainty_TOP100__fc14113a6d.csv,fc14113a6d4faa8b675f9f2f1d98bf3e5ca38cf881f330bb5f4a88feb96d8f96,Figure 3 latitude profile,figure_source,main_companion_descriptive,MAIN,FINAL_MAIN,0.0470993791996712,centre line and CI share this exact row | Historical ecology record: model/domain retained; not the September five-control primary analysis.
TOP100V2P0069,Figure 3 latitude profile,Figure 3 latitude profile | W-GPE | LAI | 5-degree cos(latitude)-weighted partial-r profile | -45 to -40 | absolute | top100,5-degree cos(latitude)-weighted partial-r profile,0.0538026407399763,0.0409567515388888,0.0594960661346883,Partial r,ecology product overlap,persistent vegetated land,5-degree cos(latitude)-weighted all-valid profile,cos(latitude),,<PROJECT_ROOT>\CANONICAL_WGPE_TOP100_v2\03_SOURCE_DATA\REGISTERED_SOURCES\Figure3_ecology_profile_uncertainty_TOP100__fc14113a6d.csv,fc14113a6d4faa8b675f9f2f1d98bf3e5ca38cf881f330bb5f4a88feb96d8f96,Figure 3 latitude profile,figure_source,main_companion_descriptive,MAIN,FINAL_MAIN,0.0538026407399763,centre line and CI share this exact row | Historical ecology record: model/domain retained; not the September five-control primary analysis.
TOP100V2P0070,Figure 3 latitude profile,Figure 3 latitude profile | W-GPE | LAI | 5-degree cos(latitude)-weighted partial-r profile | -40 to -35 | absolute | top100,5-degree cos(latitude)-weighted partial-r profile,0.050612888843071,0.0105597590169395,0.110220223607593,Partial r,ecology product overlap,persistent vegetated land,5-degree cos(latitude)-weighted all-valid profile,cos(latitude),,<PROJECT_ROOT>\CANONICAL_WGPE_TOP100_v2\03_SOURCE_DATA\REGISTERED_SOURCES\Figure3_ecology_profile_uncertainty_TOP100__fc14113a6d.csv,fc14113a6d4faa8b675f9f2f1d98bf3e5ca38cf881f330bb5f4a88feb96d8f96,Figure 3 latitude profile,figure_source,main_companion_descriptive,MAIN,FINAL_MAIN,0.050612888843071,centre line and CI share this exact row | Historical ecology record: model/domain retained; not the September five-control primary analysis.
TOP100V2P0071,Figure 3 latitude profile,Figure 3 latitude profile | W-GPE | LAI | 5-degree cos(latitude)-weighted partial-r profile | -35 to -30 | absolute | top100,5-degree cos(latitude)-weighted partial-r profile,0.107802473606196,0.0207522366428901,0.164666900130427,Partial r,ecology product overlap,persistent vegetated land,5-degree cos(latitude)-weighted all-valid profile,cos(latitude),,<PROJECT_ROOT>\CANONICAL_WGPE_TOP100_v2\03_SOURCE_DATA\REGISTERED_SOURCES\Figure3_ecology_profile_uncertainty_TOP100__fc14113a6d.csv,fc14113a6d4faa8b675f9f2f1d98bf3e5ca38cf881f330bb5f4a88feb96d8f96,Figure 3 latitude profile,figure_source,main_companion_descriptive,MAIN,FINAL_MAIN,0.107802473606196,centre line and CI share this exact row | Historical ecology record: model/domain retained; not the September five-control primary analysis.
TOP100V2P0072,Figure 3 latitude profile,Figure 3 latitude profile | W-GPE | LAI | 5-degree cos(latitude)-weighted partial-r profile | -30 to -25 | absolute | top100,5-degree cos(latitude)-weighted partial-r profile,0.138589846184003,0.0532187683212647,0.215311204975269,Partial r,ecology product overlap,persistent vegetated land,5-degree cos(latitude)-weighted all-valid profile,cos(latitude),,<PROJECT_ROOT>\CANONICAL_WGPE_TOP100_v2\03_SOURCE_DATA\REGISTERED_SOURCES\Figure3_ecology_profile_uncertainty_TOP100__fc14113a6d.csv,fc14113a6d4faa8b675f9f2f1d98bf3e5ca38cf881f330bb5f4a88feb96d8f96,Figure 3 latitude profile,figure_source,main_companion_descriptive,MAIN,FINAL_MAIN,0.138589846184003,centre line and CI share this exact row | Historical ecology record: model/domain retained; not the September five-control primary analysis.
TOP100V2P0073,Figure 3 latitude profile,Figure 3 latitude profile | W-GPE | LAI | 5-degree cos(latitude)-weighted partial-r profile | -25 to -20 | absolute | top100,5-degree cos(latitude)-weighted partial-r profile,0.164159101249145,0.106192073533565,0.20500435919971,Partial r,ecology product overlap,persistent vegetated land,5-degree cos(latitude)-weighted all-valid profile,cos(latitude),,<PROJECT_ROOT>\CANONICAL_WGPE_TOP100_v2\03_SOURCE_DATA\REGISTERED_SOURCES\Figure3_ecology_profile_uncertainty_TOP100__fc14113a6d.csv,fc14113a6d4faa8b675f9f2f1d98bf3e5ca38cf881f330bb5f4a88feb96d8f96,Figure 3 latitude profile,figure_source,main_companion_descriptive,MAIN,FINAL_MAIN,0.164159101249145,centre line and CI share this exact row | Historical ecology record: model/domain retained; not the September five-control primary analysis.
TOP100V2P0074,Figure 3 latitude profile,Figure 3 latitude profile | W-GPE | LAI | 5-degree cos(latitude)-weighted partial-r profile | -20 to -15 | absolute | top100,5-degree cos(latitude)-weighted partial-r profile,0.118578435985661,0.0744929896314076,0.143643344584899,Partial r,ecology product overlap,persistent vegetated land,5-degree cos(latitude)-weighted all-valid profile,cos(latitude),,<PROJECT_ROOT>\CANONICAL_WGPE_TOP100_v2\03_SOURCE_DATA\REGISTERED_SOURCES\Figure3_ecology_profile_uncertainty_TOP100__fc14113a6d.csv,fc14113a6d4faa8b675f9f2f1d98bf3e5ca38cf881f330bb5f4a88feb96d8f96,Figure 3 latitude profile,figure_source,main_companion_descriptive,MAIN,FINAL_MAIN,0.118578435985661,centre line and CI share this exact row | Historical ecology record: model/domain retained; not the September five-control primary analysis.
TOP100V2P0075,Figure 3 latitude profile,Figure 3 latitude profile | W-GPE | LAI | 5-degree cos(latitude)-weighted partial-r profile | -15 to -10 | absolute | top100,5-degree cos(latitude)-weighted partial-r profile,0.0935309160780942,-0.020619815829389,0.17735868431951,Partial r,ecology product overlap,persistent vegetated land,5-degree cos(latitude)-weighted all-valid profile,cos(latitude),,<PROJECT_ROOT>\CANONICAL_WGPE_TOP100_v2\03_SOURCE_DATA\REGISTERED_SOURCES\Figure3_ecology_profile_uncertainty_TOP100__fc14113a6d.csv,fc14113a6d4faa8b675f9f2f1d98bf3e5ca38cf881f330bb5f4a88feb96d8f96,Figure 3 latitude profile,figure_source,main_companion_descriptive,MAIN,FINAL_MAIN,0.0935309160780942,centre line and CI share this exact row | Historical ecology record: model/domain retained; not the September five-control primary analysis.
TOP100V2P0076,Figure 3 latitude profile,Figure 3 latitude profile | W-GPE | LAI | 5-degree cos(latitude)-weighted partial-r profile | -10 to -5 | absolute | top100,5-degree cos(latitude)-weighted partial-r profile,0.0966449087183901,-0.0110699830013129,0.236594094279558,Partial r,ecology product overlap,persistent vegetated land,5-degree cos(latitude)-weighted all-valid profile,cos(latitude),,<PROJECT_ROOT>\CANONICAL_WGPE_TOP100_v2\03_SOURCE_DATA\REGISTERED_SOURCES\Figure3_ecology_profile_uncertainty_TOP100__fc14113a6d.csv,fc14113a6d4faa8b675f9f2f1d98bf3e5ca38cf881f330bb5f4a88feb96d8f96,Figure 3 latitude profile,figure_source,main_companion_descriptive,MAIN,FINAL_MAIN,0.0966449087183901,centre line and CI share this exact row | Historical ecology record: model/domain retained; not the September five-control primary analysis.
TOP100V2P0077,Figure 3 latitude profile,Figure 3 latitude profile | W-GPE | LAI | 5-degree cos(latitude)-weighted partial-r profile | -5 to 0 | absolute | top100,5-degree cos(latitude)-weighted partial-r profile,0.206566848874368,-0.0430319043756756,0.301224852360266,Partial r,ecology product overlap,persistent vegetated land,5-degree cos(latitude)-weighted all-valid profile,cos(latitude),,<PROJECT_ROOT>\CANONICAL_WGPE_TOP100_v2\03_SOURCE_DATA\REGISTERED_SOURCES\Figure3_ecology_profile_uncertainty_TOP100__fc14113a6d.csv,fc14113a6d4faa8b675f9f2f1d98bf3e5ca38cf881f330bb5f4a88feb96d8f96,Figure 3 latitude profile,figure_source,main_companion_descriptive,MAIN,FINAL_MAIN,0.206566848874368,centre line and CI share this exact row | Historical ecology record: model/domain retained; not the September five-control primary analysis.
TOP100V2P0078,Figure 3 latitude profile,Figure 3 latitude profile | W-GPE | LAI | 5-degree cos(latitude)-weighted partial-r profile | 0 to 5 | absolute | top100,5-degree cos(latitude)-weighted partial-r profile,0.330423764534791,0.097651283545834,0.383057148172055,Partial r,ecology product overlap,persistent vegetated land,5-degree cos(latitude)-weighted all-valid profile,cos(latitude),,<PROJECT_ROOT>\CANONICAL_WGPE_TOP100_v2\03_SOURCE_DATA\REGISTERED_SOURCES\Figure3_ecology_profile_uncertainty_TOP100__fc14113a6d.csv,fc14113a6d4faa8b675f9f2f1d98bf3e5ca38cf881f330bb5f4a88feb96d8f96,Figure 3 latitude profile,figure_source,main_companion_descriptive,MAIN,FINAL_MAIN,0.330423764534791,centre line and CI share this exact row | Historical ecology record: model/domain retained; not the September five-control primary analysis.
TOP100V2P0079,Figure 3 latitude profile,Figure 3 latitude profile | W-GPE | LAI | 5-degree cos(latitude)-weighted partial-r profile | 5 to 10 | absolute | top100,5-degree cos(latitude)-weighted partial-r profile,0.235552306203748,0.175356841032117,0.309705504576181,Partial r,ecology product overlap,persistent vegetated land,5-degree cos(latitude)-weighted all-valid profile,cos(latitude),,<PROJECT_ROOT>\CANONICAL_WGPE_TOP100_v2\03_SOURCE_DATA\REGISTERED_SOURCES\Figure3_ecology_profile_uncertainty_TOP100__fc14113a6d.csv,fc14113a6d4faa8b675f9f2f1d98bf3e5ca38cf881f330bb5f4a88feb96d8f96,Figure 3 latitude profile,figure_source,main_companion_descriptive,MAIN,FINAL_MAIN,0.235552306203748,centre line and CI share this exact row | Historical ecology record: model/domain retained; not the September five-control primary analysis.
TOP100V2P0080,Figure 3 latitude profile,Figure 3 latitude profile | W-GPE | LAI | 5-degree cos(latitude)-weighted partial-r profile | 10 to 15 | absolute | top100,5-degree cos(latitude)-weighted partial-r profile,0.142534562475784,0.120711943505727,0.158003217514354,Partial r,ecology product overlap,persistent vegetated land,5-degree cos(latitude)-weighted all-valid profile,cos(latitude),,<PROJECT_ROOT>\CANONICAL_WGPE_TOP100_v2\03_SOURCE_DATA\REGISTERED_SOURCES\Figure3_ecology_profile_uncertainty_TOP100__fc14113a6d.csv,fc14113a6d4faa8b675f9f2f1d98bf3e5ca38cf881f330bb5f4a88feb96d8f96,Figure 3 latitude profile,figure_source,main_companion_descriptive,MAIN,FINAL_MAIN,0.142534562475784,centre line and CI share this exact row | Historical ecology record: model/domain retained; not the September five-control primary analysis.
TOP100V2P0081,Figure 3 latitude profile,Figure 3 latitude profile | W-GPE | LAI | 5-degree cos(latitude)-weighted partial-r profile | 15 to 20 | absolute | top100,5-degree cos(latitude)-weighted partial-r profile,0.0991356349084553,0.0396310006377911,0.20759522291326,Partial r,ecology product overlap,persistent vegetated land,5-degree cos(latitude)-weighted all-valid profile,cos(latitude),,<PROJECT_ROOT>\CANONICAL_WGPE_TOP100_v2\03_SOURCE_DATA\REGISTERED_SOURCES\Figure3_ecology_profile_uncertainty_TOP100__fc14113a6d.csv,fc14113a6d4faa8b675f9f2f1d98bf3e5ca38cf881f330bb5f4a88feb96d8f96,Figure 3 latitude profile,figure_source,main_companion_descriptive,MAIN,FINAL_MAIN,0.0991356349084553,centre line and CI share this exact row | Historical ecology record: model/domain retained; not the September five-control primary analysis.
TOP100V2P0082,Figure 3 latitude profile,Figure 3 latitude profile | W-GPE | LAI | 5-degree cos(latitude)-weighted partial-r profile | 20 to 25 | absolute | top100,5-degree cos(latitude)-weighted partial-r profile,0.0821673859984021,0.0014865988241424,0.119204415041121,Partial r,ecology product overlap,persistent vegetated land,5-degree cos(latitude)-weighted all-valid profile,cos(latitude),,<PROJECT_ROOT>\CANONICAL_WGPE_TOP100_v2\03_SOURCE_DATA\REGISTERED_SOURCES\Figure3_ecology_profile_uncertainty_TOP100__fc14113a6d.csv,fc14113a6d4faa8b675f9f2f1d98bf3e5ca38cf881f330bb5f4a88feb96d8f96,Figure 3 latitude profile,figure_source,main_companion_descriptive,MAIN,FINAL_MAIN,0.0821673859984021,centre line and CI share this exact row | Historical ecology record: model/domain retained; not the September five-control primary analysis.
TOP100V2P0083,Figure 3 latitude profile,Figure 3 latitude profile | W-GPE | LAI | 5-degree cos(latitude)-weighted partial-r profile | 25 to 30 | absolute | top100,5-degree cos(latitude)-weighted partial-r profile,0.10320863399698,-0.0080584573336503,0.19068576372757,Partial r,ecology product overlap,persistent vegetated land,5-degree cos(latitude)-weighted all-valid profile,cos(latitude),,<PROJECT_ROOT>\CANONICAL_WGPE_TOP100_v2\03_SOURCE_DATA\REGISTERED_SOURCES\Figure3_ecology_profile_uncertainty_TOP100__fc14113a6d.csv,fc14113a6d4faa8b675f9f2f1d98bf3e5ca38cf881f330bb5f4a88feb96d8f96,Figure 3 latitude profile,figure_source,main_companion_descriptive,MAIN,FINAL_MAIN,0.10320863399698,centre line and CI share this exact row | Historical ecology record: model/domain retained; not the September five-control primary analysis.
TOP100V2P0084,Figure 3 latitude profile,Figure 3 latitude profile | W-GPE | LAI | 5-degree cos(latitude)-weighted partial-r profile | 30 to 35 | absolute | top100,5-degree cos(latitude)-weighted partial-r profile,0.050595620295309,-0.0003539414397414,0.115741878253859,Partial r,ecology product overlap,persistent vegetated land,5-degree cos(latitude)-weighted all-valid profile,cos(latitude),,<PROJECT_ROOT>\CANONICAL_WGPE_TOP100_v2\03_SOURCE_DATA\REGISTERED_SOURCES\Figure3_ecology_profile_uncertainty_TOP100__fc14113a6d.csv,fc14113a6d4faa8b675f9f2f1d98bf3e5ca38cf881f330bb5f4a88feb96d8f96,Figure 3 latitude profile,figure_source,main_companion_descriptive,MAIN,FINAL_MAIN,0.050595620295309,centre line and CI share this exact row | Historical ecology record: model/domain retained; not the September five-control primary analysis.
TOP100V2P0085,Figure 3 latitude profile,Figure 3 latitude profile | W-GPE | LAI | 5-degree cos(latitude)-weighted partial-r profile | 35 to 40 | absolute | top100,5-degree cos(latitude)-weighted partial-r profile,0.0433566832484651,-0.0022521756468645,0.106100370138079,Partial r,ecology product overlap,persistent vegetated land,5-degree cos(latitude)-weighted all-valid profile,cos(latitude),,<PROJECT_ROOT>\CANONICAL_WGPE_TOP100_v2\03_SOURCE_DATA\REGISTERED_SOURCES\Figure3_ecology_profile_uncertainty_TOP100__fc14113a6d.csv,fc14113a6d4faa8b675f9f2f1d98bf3e5ca38cf881f330bb5f4a88feb96d8f96,Figure 3 latitude profile,figure_source,main_companion_descriptive,MAIN,FINAL_MAIN,0.0433566832484651,centre line and CI share this exact row | Historical ecology record: model/domain retained; not the September five-control primary analysis.
TOP100V2P0086,Figure 3 latitude profile,Figure 3 latitude profile | W-GPE | LAI | 5-degree cos(latitude)-weighted partial-r profile | 40 to 45 | absolute | top100,5-degree cos(latitude)-weighted partial-r profile,0.0617359292058714,0.0159877978861409,0.123164644792751,Partial r,ecology product overlap,persistent vegetated land,5-degree cos(latitude)-weighted all-valid profile,cos(latitude),,<PROJECT_ROOT>\CANONICAL_WGPE_TOP100_v2\03_SOURCE_DATA\REGISTERED_SOURCES\Figure3_ecology_profile_uncertainty_TOP100__fc14113a6d.csv,fc14113a6d4faa8b675f9f2f1d98bf3e5ca38cf881f330bb5f4a88feb96d8f96,Figure 3 latitude profile,figure_source,main_companion_descriptive,MAIN,FINAL_MAIN,0.0617359292058714,centre line and CI share this exact row | Historical ecology record: model/domain retained; not the September five-control primary analysis.
TOP100V2P0087,Figure 3 latitude profile,Figure 3 latitude profile | W-GPE | LAI | 5-degree cos(latitude)-weighted partial-r profile | 45 to 50 | absolute | top100,5-degree cos(latitude)-weighted partial-r profile,0.0980103873129129,0.0619575632779871,0.13047848430915,Partial r,ecology product overlap,persistent vegetated land,5-degree cos(latitude)-weighted all-valid profile,cos(latitude),,<PROJECT_ROOT>\CANONICAL_WGPE_TOP100_v2\03_SOURCE_DATA\REGISTERED_SOURCES\Figure3_ecology_profile_uncertainty_TOP100__fc14113a6d.csv,fc14113a6d4faa8b675f9f2f1d98bf3e5ca38cf881f330bb5f4a88feb96d8f96,Figure 3 latitude profile,figure_source,main_companion_descriptive,MAIN,FINAL_MAIN,0.0980103873129129,centre line and CI share this exact row | Historical ecology record: model/domain retained; not the September five-control primary analysis.
TOP100V2P0088,Figure 3 latitude profile,Figure 3 latitude profile | W-GPE | LAI | 5-degree cos(latitude)-weighted partial-r profile | 50 to 55 | absolute | top100,5-degree cos(latitude)-weighted partial-r profile,0.0772482025538251,0.0465557202408299,0.106726747924227,Partial r,ecology product overlap,persistent vegetated land,5-degree cos(latitude)-weighted all-valid profile,cos(latitude),,<PROJECT_ROOT>\CANONICAL_WGPE_TOP100_v2\03_SOURCE_DATA\REGISTERED_SOURCES\Figure3_ecology_profile_uncertainty_TOP100__fc14113a6d.csv,fc14113a6d4faa8b675f9f2f1d98bf3e5ca38cf881f330bb5f4a88feb96d8f96,Figure 3 latitude profile,figure_source,main_companion_descriptive,MAIN,FINAL_MAIN,0.0772482025538251,centre line and CI share this exact row | Historical ecology record: model/domain retained; not the September five-control primary analysis.
TOP100V2P0089,Figure 3 latitude profile,Figure 3 latitude profile | W-GPE | LAI | 5-degree cos(latitude)-weighted partial-r profile | 55 to 60 | absolute | top100,5-degree cos(latitude)-weighted partial-r profile,0.0528505236727125,0.010162064286989,0.0966009262048609,Partial r,ecology product overlap,persistent vegetated land,5-degree cos(latitude)-weighted all-valid profile,cos(latitude),,<PROJECT_ROOT>\CANONICAL_WGPE_TOP100_v2\03_SOURCE_DATA\REGISTERED_SOURCES\Figure3_ecology_profile_uncertainty_TOP100__fc14113a6d.csv,fc14113a6d4faa8b675f9f2f1d98bf3e5ca38cf881f330bb5f4a88feb96d8f96,Figure 3 latitude profile,figure_source,main_companion_descriptive,MAIN,FINAL_MAIN,0.0528505236727125,centre line and CI share this exact row | Historical ecology record: model/domain retained; not the September five-control primary analysis.
TOP100V2P0090,Figure 3 latitude profile,Figure 3 latitude profile | W-GPE | LAI | 5-degree cos(latitude)-weighted partial-r profile | 60 to 65 | absolute | top100,5-degree cos(latitude)-weighted partial-r profile,0.0987263646171268,0.0580791502272648,0.138767584521179,Partial r,ecology product overlap,persistent vegetated land,5-degree cos(latitude)-weighted all-valid profile,cos(latitude),,<PROJECT_ROOT>\CANONICAL_WGPE_TOP100_v2\03_SOURCE_DATA\REGISTERED_SOURCES\Figure3_ecology_profile_uncertainty_TOP100__fc14113a6d.csv,fc14113a6d4faa8b675f9f2f1d98bf3e5ca38cf881f330bb5f4a88feb96d8f96,Figure 3 latitude profile,figure_source,main_companion_descriptive,MAIN,FINAL_MAIN,0.0987263646171268,centre line and CI share this exact row | Historical ecology record: model/domain retained; not the September five-control primary analysis.
TOP100V2P0091,Figure 3 latitude profile,Figure 3 latitude profile | W-GPE | LAI | 5-degree cos(latitude)-weighted partial-r profile | 65 to 70 | absolute | top100,5-degree cos(latitude)-weighted partial-r profile,0.152295423208586,0.0998530196441053,0.208134568332039,Partial r,ecology product overlap,persistent vegetated land,5-degree cos(latitude)-weighted all-valid profile,cos(latitude),,<PROJECT_ROOT>\CANONICAL_WGPE_TOP100_v2\03_SOURCE_DATA\REGISTERED_SOURCES\Figure3_ecology_profile_uncertainty_TOP100__fc14113a6d.csv,fc14113a6d4faa8b675f9f2f1d98bf3e5ca38cf881f330bb5f4a88feb96d8f96,Figure 3 latitude profile,figure_source,main_companion_descriptive,MAIN,FINAL_MAIN,0.152295423208586,centre line and CI share this exact row | Historical ecology record: model/domain retained; not the September five-control primary analysis.
TOP100V2P0092,Figure 3 latitude profile,Figure 3 latitude profile | W-GPE | LAI | 5-degree cos(latitude)-weighted partial-r profile | 70 to 75 | absolute | top100,5-degree cos(latitude)-weighted partial-r profile,0.243137780399975,0.162955891622828,0.287876164869611,Partial r,ecology product overlap,persistent vegetated land,5-degree cos(latitude)-weighted all-valid profile,cos(latitude),,<PROJECT_ROOT>\CANONICAL_WGPE_TOP100_v2\03_SOURCE_DATA\REGISTERED_SOURCES\Figure3_ecology_profile_uncertainty_TOP100__fc14113a6d.csv,fc14113a6d4faa8b675f9f2f1d98bf3e5ca38cf881f330bb5f4a88feb96d8f96,Figure 3 latitude profile,figure_source,main_companion_descriptive,MAIN,FINAL_MAIN,0.243137780399975,centre line and CI share this exact row | Historical ecology record: model/domain retained; not the September five-control primary analysis.
TOP100V2P0093,Figure 3 latitude profile,Figure 3 latitude profile | W-GPE | LAI | 5-degree cos(latitude)-weighted partial-r profile | 75 to 80 | absolute | top100,5-degree cos(latitude)-weighted partial-r profile,0.435280590003192,0.434332878873695,0.437176012262187,Partial r,ecology product overlap,persistent vegetated land,5-degree cos(latitude)-weighted all-valid profile,cos(latitude),,<PROJECT_ROOT>\CANONICAL_WGPE_TOP100_v2\03_SOURCE_DATA\REGISTERED_SOURCES\Figure3_ecology_profile_uncertainty_TOP100__fc14113a6d.csv,fc14113a6d4faa8b675f9f2f1d98bf3e5ca38cf881f330bb5f4a88feb96d8f96,Figure 3 latitude profile,figure_source,main_companion_descriptive,MAIN,FINAL_MAIN,0.435280590003192,centre line and CI share this exact row | Historical ecology record: model/domain retained; not the September five-control primary analysis.
TOP100V2P0094,Figure 3 latitude profile,Figure 3 latitude profile | <z> | LAI | 5-degree cos(latitude)-weighted partial-r profile | -55 to -50 | absolute | top100,5-degree cos(latitude)-weighted partial-r profile,0.0913906919472378,0.0913906919472378,0.0913906919472378,Partial r,ecology product overlap,persistent vegetated land,5-degree cos(latitude)-weighted all-valid profile,cos(latitude),,<PROJECT_ROOT>\CANONICAL_WGPE_TOP100_v2\03_SOURCE_DATA\REGISTERED_SOURCES\Figure3_ecology_profile_uncertainty_TOP100__fc14113a6d.csv,fc14113a6d4faa8b675f9f2f1d98bf3e5ca38cf881f330bb5f4a88feb96d8f96,Figure 3 latitude profile,figure_source,main_companion_descriptive,MAIN,FINAL_MAIN,0.0913906919472378,centre line and CI share this exact row | Historical ecology record: model/domain retained; not the September five-control primary analysis.
TOP100V2P0095,Figure 3 latitude profile,Figure 3 latitude profile | <z> | LAI | 5-degree cos(latitude)-weighted partial-r profile | -50 to -45 | absolute | top100,5-degree cos(latitude)-weighted partial-r profile,0.0257021502241878,0.0095785543180361,0.036125156321982,Partial r,ecology product overlap,persistent vegetated land,5-degree cos(latitude)-weighted all-valid profile,cos(latitude),,<PROJECT_ROOT>\CANONICAL_WGPE_TOP100_v2\03_SOURCE_DATA\REGISTERED_SOURCES\Figure3_ecology_profile_uncertainty_TOP100__fc14113a6d.csv,fc14113a6d4faa8b675f9f2f1d98bf3e5ca38cf881f330bb5f4a88feb96d8f96,Figure 3 latitude profile,figure_source,main_companion_descriptive,MAIN,FINAL_MAIN,0.0257021502241878,centre line and CI share this exact row | Historical ecology record: model/domain retained; not the September five-control primary analysis.
TOP100V2P0096,Figure 3 latitude profile,Figure 3 latitude profile | <z> | LAI | 5-degree cos(latitude)-weighted partial-r profile | -45 to -40 | absolute | top100,5-degree cos(latitude)-weighted partial-r profile,0.0834857459388133,0.0565351598492576,0.0954305127698752,Partial r,ecology product overlap,persistent vegetated land,5-degree cos(latitude)-weighted all-valid profile,cos(latitude),,<PROJECT_ROOT>\CANONICAL_WGPE_TOP100_v2\03_SOURCE_DATA\REGISTERED_SOURCES\Figure3_ecology_profile_uncertainty_TOP100__fc14113a6d.csv,fc14113a6d4faa8b675f9f2f1d98bf3e5ca38cf881f330bb5f4a88feb96d8f96,Figure 3 latitude profile,figure_source,main_companion_descriptive,MAIN,FINAL_MAIN,0.0834857459388133,centre line and CI share this exact row | Historical ecology record: model/domain retained; not the September five-control primary analysis.
TOP100V2P0097,Figure 3 latitude profile,Figure 3 latitude profile | <z> | LAI | 5-degree cos(latitude)-weighted partial-r profile | -40 to -35 | absolute | top100,5-degree cos(latitude)-weighted partial-r profile,-0.004993361982591,-0.196437312590953,0.162345220317381,Partial r,ecology product overlap,persistent vegetated land,5-degree cos(latitude)-weighted all-valid profile,cos(latitude),,<PROJECT_ROOT>\CANONICAL_WGPE_TOP100_v2\03_SOURCE_DATA\REGISTERED_SOURCES\Figure3_ecology_profile_uncertainty_TOP100__fc14113a6d.csv,fc14113a6d4faa8b675f9f2f1d98bf3e5ca38cf881f330bb5f4a88feb96d8f96,Figure 3 latitude profile,figure_source,main_companion_descriptive,MAIN,FINAL_MAIN,-0.004993361982591,centre line and CI share this exact row | Historical ecology record: model/domain retained; not the September five-control primary analysis.
TOP100V2P0098,Figure 3 latitude profile,Figure 3 latitude profile | <z> | LAI | 5-degree cos(latitude)-weighted partial-r profile | -35 to -30 | absolute | top100,5-degree cos(latitude)-weighted partial-r profile,-0.137209567968131,-0.166785689542927,-0.0868612797345483,Partial r,ecology product overlap,persistent vegetated land,5-degree cos(latitude)-weighted all-valid profile,cos(latitude),,<PROJECT_ROOT>\CANONICAL_WGPE_TOP100_v2\03_SOURCE_DATA\REGISTERED_SOURCES\Figure3_ecology_profile_uncertainty_TOP100__fc14113a6d.csv,fc14113a6d4faa8b675f9f2f1d98bf3e5ca38cf881f330bb5f4a88feb96d8f96,Figure 3 latitude profile,figure_source,main_companion_descriptive,MAIN,FINAL_MAIN,-0.137209567968131,centre line and CI share this exact row | Historical ecology record: model/domain retained; not the September five-control primary analysis.
TOP100V2P0099,Figure 3 latitude profile,Figure 3 latitude profile | <z> | LAI | 5-degree cos(latitude)-weighted partial-r profile | -30 to -25 | absolute | top100,5-degree cos(latitude)-weighted partial-r profile,-0.198768868222947,-0.247496285071995,-0.141584196371897,Partial r,ecology product overlap,persistent vegetated land,5-degree cos(latitude)-weighted all-valid profile,cos(latitude),,<PROJECT_ROOT>\CANONICAL_WGPE_TOP100_v2\03_SOURCE_DATA\REGISTERED_SOURCES\Figure3_ecology_profile_uncertainty_TOP100__fc14113a6d.csv,fc14113a6d4faa8b675f9f2f1d98bf3e5ca38cf881f330bb5f4a88feb96d8f96,Figure 3 latitude profile,figure_source,main_companion_descriptive,MAIN,FINAL_MAIN,-0.198768868222947,centre line and CI share this exact row | Historical ecology record: model/domain retained; not the September five-control primary analysis.
TOP100V2P0100,Figure 3 latitude profile,Figure 3 latitude profile | <z> | LAI | 5-degree cos(latitude)-weighted partial-r profile | -25 to -20 | absolute | top100,5-degree cos(latitude)-weighted partial-r profile,-0.151079296197891,-0.188723038455943,-0.103427205770253,Partial r,ecology product overlap,persistent vegetated land,5-degree cos(latitude)-weighted all-valid profile,cos(latitude),,<PROJECT_ROOT>\CANONICAL_WGPE_TOP100_v2\03_SOURCE_DATA\REGISTERED_SOURCES\Figure3_ecology_profile_uncertainty_TOP100__fc14113a6d.csv,fc14113a6d4faa8b675f9f2f1d98bf3e5ca38cf881f330bb5f4a88feb96d8f96,Figure 3 latitude profile,figure_source,main_companion_descriptive,MAIN,FINAL_MAIN,-0.151079296197891,centre line and CI share this exact row | Historical ecology record: model/domain retained; not the September five-control primary analysis.
TOP100V2P0101,Figure 3 latitude profile,Figure 3 latitude profile | <z> | LAI | 5-degree cos(latitude)-weighted partial-r profile | -20 to -15 | absolute | top100,5-degree cos(latitude)-weighted partial-r profile,-0.0879207689743281,-0.140362176862345,-0.037943888669981,Partial r,ecology product overlap,persistent vegetated land,5-degree cos(latitude)-weighted all-valid profile,cos(latitude),,<PROJECT_ROOT>\CANONICAL_WGPE_TOP100_v2\03_SOURCE_DATA\REGISTERED_SOURCES\Figure3_ecology_profile_uncertainty_TOP100__fc14113a6d.csv,fc14113a6d4faa8b675f9f2f1d98bf3e5ca38cf881f330bb5f4a88feb96d8f96,Figure 3 latitude profile,figure_source,main_companion_descriptive,MAIN,FINAL_MAIN,-0.0879207689743281,centre line and CI share this exact row | Historical ecology record: model/domain retained; not the September five-control primary analysis.
TOP100V2P0102,Figure 3 latitude profile,Figure 3 latitude profile | <z> | LAI | 5-degree cos(latitude)-weighted partial-r profile | -15 to -10 | absolute | top100,5-degree cos(latitude)-weighted partial-r profile,0.00901026073334,-0.0524418139239237,0.0630227036490261,Partial r,ecology product overlap,persistent vegetated land,5-degree cos(latitude)-weighted all-valid profile,cos(latitude),,<PROJECT_ROOT>\CANONICAL_WGPE_TOP100_v2\03_SOURCE_DATA\REGISTERED_SOURCES\Figure3_ecology_profile_uncertainty_TOP100__fc14113a6d.csv,fc14113a6d4faa8b675f9f2f1d98bf3e5ca38cf881f330bb5f4a88feb96d8f96,Figure 3 latitude profile,figure_source,main_companion_descriptive,MAIN,FINAL_MAIN,0.00901026073334,centre line and CI share this exact row | Historical ecology record: model/domain retained; not the September five-control primary analysis.
TOP100V2P0103,Figure 3 latitude profile,Figure 3 latitude profile | <z> | LAI | 5-degree cos(latitude)-weighted partial-r profile | -10 to -5 | absolute | top100,5-degree cos(latitude)-weighted partial-r profile,0.0289129907555789,-0.0642898325381806,0.158707123612642,Partial r,ecology product overlap,persistent vegetated land,5-degree cos(latitude)-weighted all-valid profile,cos(latitude),,<PROJECT_ROOT>\CANONICAL_WGPE_TOP100_v2\03_SOURCE_DATA\REGISTERED_SOURCES\Figure3_ecology_profile_uncertainty_TOP100__fc14113a6d.csv,fc14113a6d4faa8b675f9f2f1d98bf3e5ca38cf881f330bb5f4a88feb96d8f96,Figure 3 latitude profile,figure_source,main_companion_descriptive,MAIN,FINAL_MAIN,0.0289129907555789,centre line and CI share this exact row | Historical ecology record: model/domain retained; not the September five-control primary analysis.
TOP100V2P0104,Figure 3 latitude profile,Figure 3 latitude profile | <z> | LAI | 5-degree cos(latitude)-weighted partial-r profile | -5 to 0 | absolute | top100,5-degree cos(latitude)-weighted partial-r profile,0.0782769551892118,-0.0609347802947963,0.1828888841568,Partial r,ecology product overlap,persistent vegetated land,5-degree cos(latitude)-weighted all-valid profile,cos(latitude),,<PROJECT_ROOT>\CANONICAL_WGPE_TOP100_v2\03_SOURCE_DATA\REGISTERED_SOURCES\Figure3_ecology_profile_uncertainty_TOP100__fc14113a6d.csv,fc14113a6d4faa8b675f9f2f1d98bf3e5ca38cf881f330bb5f4a88feb96d8f96,Figure 3 latitude profile,figure_source,main_companion_descriptive,MAIN,FINAL_MAIN,0.0782769551892118,centre line and CI share this exact row | Historical ecology record: model/domain retained; not the September five-control primary analysis.
TOP100V2P0105,Figure 3 latitude profile,Figure 3 latitude profile | <z> | LAI | 5-degree cos(latitude)-weighted partial-r profile | 0 to 5 | absolute | top100,5-degree cos(latitude)-weighted partial-r profile,0.21596900782823,0.047958869732669,0.29564852121465,Partial r,ecology product overlap,persistent vegetated land,5-degree cos(latitude)-weighted all-valid profile,cos(latitude),,<PROJECT_ROOT>\CANONICAL_WGPE_TOP100_v2\03_SOURCE_DATA\REGISTERED_SOURCES\Figure3_ecology_profile_uncertainty_TOP100__fc14113a6d.csv,fc14113a6d4faa8b675f9f2f1d98bf3e5ca38cf881f330bb5f4a88feb96d8f96,Figure 3 latitude profile,figure_source,main_companion_descriptive,MAIN,FINAL_MAIN,0.21596900782823,centre line and CI share this exact row | Historical ecology record: model/domain retained; not the September five-control primary analysis.
TOP100V2P0106,Figure 3 latitude profile,Figure 3 latitude profile | <z> | LAI | 5-degree cos(latitude)-weighted partial-r profile | 5 to 10 | absolute | top100,5-degree cos(latitude)-weighted partial-r profile,0.0056611311302464,-0.0984565395912789,0.125855506337848,Partial r,ecology product overlap,persistent vegetated land,5-degree cos(latitude)-weighted all-valid profile,cos(latitude),,<PROJECT_ROOT>\CANONICAL_WGPE_TOP100_v2\03_SOURCE_DATA\REGISTERED_SOURCES\Figure3_ecology_profile_uncertainty_TOP100__fc14113a6d.csv,fc14113a6d4faa8b675f9f2f1d98bf3e5ca38cf881f330bb5f4a88feb96d8f96,Figure 3 latitude profile,figure_source,main_companion_descriptive,MAIN,FINAL_MAIN,0.0056611311302464,centre line and CI share this exact row | Historical ecology record: model/domain retained; not the September five-control primary analysis.
TOP100V2P0107,Figure 3 latitude profile,Figure 3 latitude profile | <z> | LAI | 5-degree cos(latitude)-weighted partial-r profile | 10 to 15 | absolute | top100,5-degree cos(latitude)-weighted partial-r profile,-0.0398082463943163,-0.0566988441677883,-0.0140256977530263,Partial r,ecology product overlap,persistent vegetated land,5-degree cos(latitude)-weighted all-valid profile,cos(latitude),,<PROJECT_ROOT>\CANONICAL_WGPE_TOP100_v2\03_SOURCE_DATA\REGISTERED_SOURCES\Figure3_ecology_profile_uncertainty_TOP100__fc14113a6d.csv,fc14113a6d4faa8b675f9f2f1d98bf3e5ca38cf881f330bb5f4a88feb96d8f96,Figure 3 latitude profile,figure_source,main_companion_descriptive,MAIN,FINAL_MAIN,-0.0398082463943163,centre line and CI share this exact row | Historical ecology record: model/domain retained; not the September five-control primary analysis.
TOP100V2P0108,Figure 3 latitude profile,Figure 3 latitude profile | <z> | LAI | 5-degree cos(latitude)-weighted partial-r profile | 15 to 20 | absolute | top100,5-degree cos(latitude)-weighted partial-r profile,-0.0254183068387122,-0.0953512747897834,0.128238894633836,Partial r,ecology product overlap,persistent vegetated land,5-degree cos(latitude)-weighted all-valid profile,cos(latitude),,<PROJECT_ROOT>\CANONICAL_WGPE_TOP100_v2\03_SOURCE_DATA\REGISTERED_SOURCES\Figure3_ecology_profile_uncertainty_TOP100__fc14113a6d.csv,fc14113a6d4faa8b675f9f2f1d98bf3e5ca38cf881f330bb5f4a88feb96d8f96,Figure 3 latitude profile,figure_source,main_companion_descriptive,MAIN,FINAL_MAIN,-0.0254183068387122,centre line and CI share this exact row | Historical ecology record: model/domain retained; not the September five-control primary analysis.
TOP100V2P0109,Figure 3 latitude profile,Figure 3 latitude profile | <z> | LAI | 5-degree cos(latitude)-weighted partial-r profile | 20 to 25 | absolute | top100,5-degree cos(latitude)-weighted partial-r profile,-0.121130356275867,-0.174226387955098,0.0082770000872727,Partial r,ecology product overlap,persistent vegetated land,5-degree cos(latitude)-weighted all-valid profile,cos(latitude),,<PROJECT_ROOT>\CANONICAL_WGPE_TOP100_v2\03_SOURCE_DATA\REGISTERED_SOURCES\Figure3_ecology_profile_uncertainty_TOP100__fc14113a6d.csv,fc14113a6d4faa8b675f9f2f1d98bf3e5ca38cf881f330bb5f4a88feb96d8f96,Figure 3 latitude profile,figure_source,main_companion_descriptive,MAIN,FINAL_MAIN,-0.121130356275867,centre line and CI share this exact row | Historical ecology record: model/domain retained; not the September five-control primary analysis.
TOP100V2P0110,Figure 3 latitude profile,Figure 3 latitude profile | <z> | LAI | 5-degree cos(latitude)-weighted partial-r profile | 25 to 30 | absolute | top100,5-degree cos(latitude)-weighted partial-r profile,-0.0587136723493365,-0.18022163675473,0.0251956924590936,Partial r,ecology product overlap,persistent vegetated land,5-degree cos(latitude)-weighted all-valid profile,cos(latitude),,<PROJECT_ROOT>\CANONICAL_WGPE_TOP100_v2\03_SOURCE_DATA\REGISTERED_SOURCES\Figure3_ecology_profile_uncertainty_TOP100__fc14113a6d.csv,fc14113a6d4faa8b675f9f2f1d98bf3e5ca38cf881f330bb5f4a88feb96d8f96,Figure 3 latitude profile,figure_source,main_companion_descriptive,MAIN,FINAL_MAIN,-0.0587136723493365,centre line and CI share this exact row | Historical ecology record: model/domain retained; not the September five-control primary analysis.
TOP100V2P0111,Figure 3 latitude profile,Figure 3 latitude profile | <z> | LAI | 5-degree cos(latitude)-weighted partial-r profile | 30 to 35 | absolute | top100,5-degree cos(latitude)-weighted partial-r profile,-0.0608000256765366,-0.125960417280332,0.0042336741307313,Partial r,ecology product overlap,persistent vegetated land,5-degree cos(latitude)-weighted all-valid profile,cos(latitude),,<PROJECT_ROOT>\CANONICAL_WGPE_TOP100_v2\03_SOURCE_DATA\REGISTERED_SOURCES\Figure3_ecology_profile_uncertainty_TOP100__fc14113a6d.csv,fc14113a6d4faa8b675f9f2f1d98bf3e5ca38cf881f330bb5f4a88feb96d8f96,Figure 3 latitude profile,figure_source,main_companion_descriptive,MAIN,FINAL_MAIN,-0.0608000256765366,centre line and CI share this exact row | Historical ecology record: model/domain retained; not the September five-control primary analysis.
TOP100V2P0112,Figure 3 latitude profile,Figure 3 latitude profile | <z> | LAI | 5-degree cos(latitude)-weighted partial-r profile | 35 to 40 | absolute | top100,5-degree cos(latitude)-weighted partial-r profile,-0.0564348487199567,-0.0800752417906607,-0.0362058795565018,Partial r,ecology product overlap,persistent vegetated land,5-degree cos(latitude)-weighted all-valid profile,cos(latitude),,<PROJECT_ROOT>\CANONICAL_WGPE_TOP100_v2\03_SOURCE_DATA\REGISTERED_SOURCES\Figure3_ecology_profile_uncertainty_TOP100__fc14113a6d.csv,fc14113a6d4faa8b675f9f2f1d98bf3e5ca38cf881f330bb5f4a88feb96d8f96,Figure 3 latitude profile,figure_source,main_companion_descriptive,MAIN,FINAL_MAIN,-0.0564348487199567,centre line and CI share this exact row | Historical ecology record: model/domain retained; not the September five-control primary analysis.
TOP100V2P0113,Figure 3 latitude profile,Figure 3 latitude profile | <z> | LAI | 5-degree cos(latitude)-weighted partial-r profile | 40 to 45 | absolute | top100,5-degree cos(latitude)-weighted partial-r profile,-0.0575053396668182,-0.0926191976729407,-0.0123636832177874,Partial r,ecology product overlap,persistent vegetated land,5-degree cos(latitude)-weighted all-valid profile,cos(latitude),,<PROJECT_ROOT>\CANONICAL_WGPE_TOP100_v2\03_SOURCE_DATA\REGISTERED_SOURCES\Figure3_ecology_profile_uncertainty_TOP100__fc14113a6d.csv,fc14113a6d4faa8b675f9f2f1d98bf3e5ca38cf881f330bb5f4a88feb96d8f96,Figure 3 latitude profile,figure_source,main_companion_descriptive,MAIN,FINAL_MAIN,-0.0575053396668182,centre line and CI share this exact row | Historical ecology record: model/domain retained; not the September five-control primary analysis.
TOP100V2P0114,Figure 3 latitude profile,Figure 3 latitude profile | <z> | LAI | 5-degree cos(latitude)-weighted partial-r profile | 45 to 50 | absolute | top100,5-degree cos(latitude)-weighted partial-r profile,-0.0262381600093376,-0.0600385453205243,0.0038568285605967,Partial r,ecology product overlap,persistent vegetated land,5-degree cos(latitude)-weighted all-valid profile,cos(latitude),,<PROJECT_ROOT>\CANONICAL_WGPE_TOP100_v2\03_SOURCE_DATA\REGISTERED_SOURCES\Figure3_ecology_profile_uncertainty_TOP100__fc14113a6d.csv,fc14113a6d4faa8b675f9f2f1d98bf3e5ca38cf881f330bb5f4a88feb96d8f96,Figure 3 latitude profile,figure_source,main_companion_descriptive,MAIN,FINAL_MAIN,-0.0262381600093376,centre line and CI share this exact row | Historical ecology record: model/domain retained; not the September five-control primary analysis.
TOP100V2P0115,Figure 3 latitude profile,Figure 3 latitude profile | <z> | LAI | 5-degree cos(latitude)-weighted partial-r profile | 50 to 55 | absolute | top100,5-degree cos(latitude)-weighted partial-r profile,-0.0064658539785406,-0.0484420806991967,0.0293090450498741,Partial r,ecology product overlap,persistent vegetated land,5-degree cos(latitude)-weighted all-valid profile,cos(latitude),,<PROJECT_ROOT>\CANONICAL_WGPE_TOP100_v2\03_SOURCE_DATA\REGISTERED_SOURCES\Figure3_ecology_profile_uncertainty_TOP100__fc14113a6d.csv,fc14113a6d4faa8b675f9f2f1d98bf3e5ca38cf881f330bb5f4a88feb96d8f96,Figure 3 latitude profile,figure_source,main_companion_descriptive,MAIN,FINAL_MAIN,-0.0064658539785406,centre line and CI share this exact row | Historical ecology record: model/domain retained; not the September five-control primary analysis.
TOP100V2P0116,Figure 3 latitude profile,Figure 3 latitude profile | <z> | LAI | 5-degree cos(latitude)-weighted partial-r profile | 55 to 60 | absolute | top100,5-degree cos(latitude)-weighted partial-r profile,0.0361536548746942,-0.0014530095992176,0.0668001598527598,Partial r,ecology product overlap,persistent vegetated land,5-degree cos(latitude)-weighted all-valid profile,cos(latitude),,<PROJECT_ROOT>\CANONICAL_WGPE_TOP100_v2\03_SOURCE_DATA\REGISTERED_SOURCES\Figure3_ecology_profile_uncertainty_TOP100__fc14113a6d.csv,fc14113a6d4faa8b675f9f2f1d98bf3e5ca38cf881f330bb5f4a88feb96d8f96,Figure 3 latitude profile,figure_source,main_companion_descriptive,MAIN,FINAL_MAIN,0.0361536548746942,centre line and CI share this exact row | Historical ecology record: model/domain retained; not the September five-control primary analysis.
TOP100V2P0117,Figure 3 latitude profile,Figure 3 latitude profile | <z> | LAI | 5-degree cos(latitude)-weighted partial-r profile | 60 to 65 | absolute | top100,5-degree cos(latitude)-weighted partial-r profile,0.0114907192754075,-0.0135982946194208,0.0379597232271626,Partial r,ecology product overlap,persistent vegetated land,5-degree cos(latitude)-weighted all-valid profile,cos(latitude),,<PROJECT_ROOT>\CANONICAL_WGPE_TOP100_v2\03_SOURCE_DATA\REGISTERED_SOURCES\Figure3_ecology_profile_uncertainty_TOP100__fc14113a6d.csv,fc14113a6d4faa8b675f9f2f1d98bf3e5ca38cf881f330bb5f4a88feb96d8f96,Figure 3 latitude profile,figure_source,main_companion_descriptive,MAIN,FINAL_MAIN,0.0114907192754075,centre line and CI share this exact row | Historical ecology record: model/domain retained; not the September five-control primary analysis.
TOP100V2P0118,Figure 3 latitude profile,Figure 3 latitude profile | <z> | LAI | 5-degree cos(latitude)-weighted partial-r profile | 65 to 70 | absolute | top100,5-degree cos(latitude)-weighted partial-r profile,0.0224116104384319,-5.76790538031674e-05,0.0460009270436441,Partial r,ecology product overlap,persistent vegetated land,5-degree cos(latitude)-weighted all-valid profile,cos(latitude),,<PROJECT_ROOT>\CANONICAL_WGPE_TOP100_v2\03_SOURCE_DATA\REGISTERED_SOURCES\Figure3_ecology_profile_uncertainty_TOP100__fc14113a6d.csv,fc14113a6d4faa8b675f9f2f1d98bf3e5ca38cf881f330bb5f4a88feb96d8f96,Figure 3 latitude profile,figure_source,main_companion_descriptive,MAIN,FINAL_MAIN,0.0224116104384319,centre line and CI share this exact row | Historical ecology record: model/domain retained; not the September five-control primary analysis.
TOP100V2P0119,Figure 3 latitude profile,Figure 3 latitude profile | <z> | LAI | 5-degree cos(latitude)-weighted partial-r profile | 70 to 75 | absolute | top100,5-degree cos(latitude)-weighted partial-r profile,0.0343576860600407,0.0078681766722677,0.0528895339282331,Partial r,ecology product overlap,persistent vegetated land,5-degree cos(latitude)-weighted all-valid profile,cos(latitude),,<PROJECT_ROOT>\CANONICAL_WGPE_TOP100_v2\03_SOURCE_DATA\REGISTERED_SOURCES\Figure3_ecology_profile_uncertainty_TOP100__fc14113a6d.csv,fc14113a6d4faa8b675f9f2f1d98bf3e5ca38cf881f330bb5f4a88feb96d8f96,Figure 3 latitude profile,figure_source,main_companion_descriptive,MAIN,FINAL_MAIN,0.0343576860600407,centre line and CI share this exact row | Historical ecology record: model/domain retained; not the September five-control primary analysis.
TOP100V2P0120,Figure 3 latitude profile,Figure 3 latitude profile | <z> | LAI | 5-degree cos(latitude)-weighted partial-r profile | 75 to 80 | absolute | top100,5-degree cos(latitude)-weighted partial-r profile,0.0487741030580305,0.0480122129655014,0.0502978832430887,Partial r,ecology product overlap,persistent vegetated land,5-degree cos(latitude)-weighted all-valid profile,cos(latitude),,<PROJECT_ROOT>\CANONICAL_WGPE_TOP100_v2\03_SOURCE_DATA\REGISTERED_SOURCES\Figure3_ecology_profile_uncertainty_TOP100__fc14113a6d.csv,fc14113a6d4faa8b675f9f2f1d98bf3e5ca38cf881f330bb5f4a88feb96d8f96,Figure 3 latitude profile,figure_source,main_companion_descriptive,MAIN,FINAL_MAIN,0.0487741030580305,centre line and CI share this exact row | Historical ecology record: model/domain retained; not the September five-control primary analysis.
TOP100V2X010001,Fig1d formal source,Fig1d formal source |  |  | IWV spatial trend-pattern r |  | absolute | top100,IWV spatial trend-pattern r,0.399165754477588,0.334804131081534,0.458412495705879,as in source,formal analysis period,all-valid common TOP100 grid,formal TOP100 final,as specified in source,65160.0,<PROJECT_ROOT>\CANONICAL_WGPE_TOP100_v2\03_SOURCE_DATA\REGISTERED_SOURCES\Figure1d_spatial_block_bootstrap_LONGITUDE_FIXED_TOP100__36ac0c49fd.csv,36ac0c49fd13df9bbcf16e2bd87f39782d543ce3abc87c51909c1061661ffdc6,Fig1d formal source,figure_source,main_core,MAIN,FINAL_MAIN,0.399165754477588,materialized for FINAL_LOCKED_ARCHIVE_v2 panel source
TOP100V2X010002,Fig1d formal source,Fig1d formal source |  |  | T2m spatial trend-pattern r |  | absolute | top100,T2m spatial trend-pattern r,-0.516339566900827,-0.570474768308745,-0.453578298383631,as in source,formal analysis period,all-valid common TOP100 grid,formal TOP100 final,as specified in source,65160.0,<PROJECT_ROOT>\CANONICAL_WGPE_TOP100_v2\03_SOURCE_DATA\REGISTERED_SOURCES\Figure1d_spatial_block_bootstrap_LONGITUDE_FIXED_TOP100__36ac0c49fd.csv,36ac0c49fd13df9bbcf16e2bd87f39782d543ce3abc87c51909c1061661ffdc6,Fig1d formal source,figure_source,main_core,MAIN,FINAL_MAIN,-0.516339566900827,materialized for FINAL_LOCKED_ARCHIVE_v2 panel source
TOP100V2X010003,Fig1d formal source,Fig1d formal source |  |  | Precipitation spatial trend-pattern r |  | absolute | top100,Precipitation spatial trend-pattern r,0.242408747441595,0.18298501451409,0.297905097261249,as in source,formal analysis period,all-valid common TOP100 grid,formal TOP100 final,as specified in source,65160.0,<PROJECT_ROOT>\CANONICAL_WGPE_TOP100_v2\03_SOURCE_DATA\REGISTERED_SOURCES\Figure1d_spatial_block_bootstrap_LONGITUDE_FIXED_TOP100__36ac0c49fd.csv,36ac0c49fd13df9bbcf16e2bd87f39782d543ce3abc87c51909c1061661ffdc6,Fig1d formal source,figure_source,main_core,MAIN,FINAL_MAIN,0.242408747441595,materialized for FINAL_LOCKED_ARCHIVE_v2 panel source
TOP100V2X010004,Fig1d formal source,Fig1d formal source |  |  | SSRD spatial trend-pattern r |  | absolute | top100,SSRD spatial trend-pattern r,-0.144992614891357,-0.214304478144536,-0.0748169900545052,as in source,formal analysis period,all-valid common TOP100 grid,formal TOP100 final,as specified in source,65160.0,<PROJECT_ROOT>\CANONICAL_WGPE_TOP100_v2\03_SOURCE_DATA\REGISTERED_SOURCES\Figure1d_spatial_block_bootstrap_LONGITUDE_FIXED_TOP100__36ac0c49fd.csv,36ac0c49fd13df9bbcf16e2bd87f39782d543ce3abc87c51909c1061661ffdc6,Fig1d formal source,figure_source,main_core,MAIN,FINAL_MAIN,-0.144992614891357,materialized for FINAL_LOCKED_ARCHIVE_v2 panel source
TOP100V2X020001,Fig1g formal source,Fig1g formal source | IWV | W-GPE trend | IWV channel trend | Global | absolute | top100,IWV channel trend,398.816630790153,,,as in source,formal analysis period,all-valid common TOP100 grid,exact product decomposition,as specified in source,65160.0,<PROJECT_ROOT>\CANONICAL_WGPE_TOP100_v2\03_SOURCE_DATA\REGISTERED_SOURCES\Figure1_regional_WGPE_decomposition_TOP100__d4b03cc1e1.csv,d4b03cc1e147973cc3f8137603c0026049c8e786a5b672991ba21001d5236d47,Fig1g formal source,figure_source,main_core,MAIN,FINAL_MAIN,398.816630790153,materialized for FINAL_LOCKED_ARCHIVE_v2 panel source
TOP100V2X020002,Fig1g formal source,Fig1g formal source | z | W-GPE trend | z channel trend | Global | absolute | top100,z channel trend,255.255589986277,,,as in source,formal analysis period,all-valid common TOP100 grid,exact product decomposition,as specified in source,65160.0,<PROJECT_ROOT>\CANONICAL_WGPE_TOP100_v2\03_SOURCE_DATA\REGISTERED_SOURCES\Figure1_regional_WGPE_decomposition_TOP100__d4b03cc1e1.csv,d4b03cc1e147973cc3f8137603c0026049c8e786a5b672991ba21001d5236d47,Fig1g formal source,figure_source,main_core,MAIN,FINAL_MAIN,255.255589986277,materialized for FINAL_LOCKED_ARCHIVE_v2 panel source
TOP100V2X020003,Fig1g formal source,Fig1g formal source | interaction | W-GPE trend | interaction channel trend | Global | absolute | top100,interaction channel trend,17.983140284728,,,as in source,formal analysis period,all-valid common TOP100 grid,exact product decomposition,as specified in source,65160.0,<PROJECT_ROOT>\CANONICAL_WGPE_TOP100_v2\03_SOURCE_DATA\REGISTERED_SOURCES\Figure1_regional_WGPE_decomposition_TOP100__d4b03cc1e1.csv,d4b03cc1e147973cc3f8137603c0026049c8e786a5b672991ba21001d5236d47,Fig1g formal source,figure_source,main_core,MAIN,FINAL_MAIN,17.983140284728,materialized for FINAL_LOCKED_ARCHIVE_v2 panel source
TOP100V2X020004,Fig1g formal source,Fig1g formal source | IWV | W-GPE trend | IWV channel trend | S high latitude | absolute | top100,IWV channel trend,7.02139879655895,,,as in source,formal analysis period,all-valid common TOP100 grid,exact product decomposition,as specified in source,8640.0,<PROJECT_ROOT>\CANONICAL_WGPE_TOP100_v2\03_SOURCE_DATA\REGISTERED_SOURCES\Figure1_regional_WGPE_decomposition_TOP100__d4b03cc1e1.csv,d4b03cc1e147973cc3f8137603c0026049c8e786a5b672991ba21001d5236d47,Fig1g formal source,figure_source,main_core,MAIN,FINAL_MAIN,7.02139879655895,materialized for FINAL_LOCKED_ARCHIVE_v2 panel source
TOP100V2X020005,Fig1g formal source,Fig1g formal source | z | W-GPE trend | z channel trend | S high latitude | absolute | top100,z channel trend,-12.5216595757042,,,as in source,formal analysis period,all-valid common TOP100 grid,exact product decomposition,as specified in source,8640.0,<PROJECT_ROOT>\CANONICAL_WGPE_TOP100_v2\03_SOURCE_DATA\REGISTERED_SOURCES\Figure1_regional_WGPE_decomposition_TOP100__d4b03cc1e1.csv,d4b03cc1e147973cc3f8137603c0026049c8e786a5b672991ba21001d5236d47,Fig1g formal source,figure_source,main_core,MAIN,FINAL_MAIN,-12.5216595757042,materialized for FINAL_LOCKED_ARCHIVE_v2 panel source
TOP100V2X020006,Fig1g formal source,Fig1g formal source | interaction | W-GPE trend | interaction channel trend | S high latitude | absolute | top100,interaction channel trend,-0.535664363463613,,,as in source,formal analysis period,all-valid common TOP100 grid,exact product decomposition,as specified in source,8640.0,<PROJECT_ROOT>\CANONICAL_WGPE_TOP100_v2\03_SOURCE_DATA\REGISTERED_SOURCES\Figure1_regional_WGPE_decomposition_TOP100__d4b03cc1e1.csv,d4b03cc1e147973cc3f8137603c0026049c8e786a5b672991ba21001d5236d47,Fig1g formal source,figure_source,main_core,MAIN,FINAL_MAIN,-0.535664363463613,materialized for FINAL_LOCKED_ARCHIVE_v2 panel source
TOP100V2X020007,Fig1g formal source,Fig1g formal source | IWV | W-GPE trend | IWV channel trend | S temperate | absolute | top100,IWV channel trend,154.110636286283,,,as in source,formal analysis period,all-valid common TOP100 grid,exact product decomposition,as specified in source,15480.0,<PROJECT_ROOT>\CANONICAL_WGPE_TOP100_v2\03_SOURCE_DATA\REGISTERED_SOURCES\Figure1_regional_WGPE_decomposition_TOP100__d4b03cc1e1.csv,d4b03cc1e147973cc3f8137603c0026049c8e786a5b672991ba21001d5236d47,Fig1g formal source,figure_source,main_core,MAIN,FINAL_MAIN,154.110636286283,materialized for FINAL_LOCKED_ARCHIVE_v2 panel source
TOP100V2X020008,Fig1g formal source,Fig1g formal source | z | W-GPE trend | z channel trend | S temperate | absolute | top100,z channel trend,126.579807387416,,,as in source,formal analysis period,all-valid common TOP100 grid,exact product decomposition,as specified in source,15480.0,<PROJECT_ROOT>\CANONICAL_WGPE_TOP100_v2\03_SOURCE_DATA\REGISTERED_SOURCES\Figure1_regional_WGPE_decomposition_TOP100__d4b03cc1e1.csv,d4b03cc1e147973cc3f8137603c0026049c8e786a5b672991ba21001d5236d47,Fig1g formal source,figure_source,main_core,MAIN,FINAL_MAIN,126.579807387416,materialized for FINAL_LOCKED_ARCHIVE_v2 panel source
TOP100V2X020009,Fig1g formal source,Fig1g formal source | interaction | W-GPE trend | interaction channel trend | S temperate | absolute | top100,interaction channel trend,11.7420909100716,,,as in source,formal analysis period,all-valid common TOP100 grid,exact product decomposition,as specified in source,15480.0,<PROJECT_ROOT>\CANONICAL_WGPE_TOP100_v2\03_SOURCE_DATA\REGISTERED_SOURCES\Figure1_regional_WGPE_decomposition_TOP100__d4b03cc1e1.csv,d4b03cc1e147973cc3f8137603c0026049c8e786a5b672991ba21001d5236d47,Fig1g formal source,figure_source,main_core,MAIN,FINAL_MAIN,11.7420909100716,materialized for FINAL_LOCKED_ARCHIVE_v2 panel source
TOP100V2X020010,Fig1g formal source,Fig1g formal source | IWV | W-GPE trend | IWV channel trend | Tropics | absolute | top100,IWV channel trend,528.407460980044,,,as in source,formal analysis period,all-valid common TOP100 grid,exact product decomposition,as specified in source,16920.0,<PROJECT_ROOT>\CANONICAL_WGPE_TOP100_v2\03_SOURCE_DATA\REGISTERED_SOURCES\Figure1_regional_WGPE_decomposition_TOP100__d4b03cc1e1.csv,d4b03cc1e147973cc3f8137603c0026049c8e786a5b672991ba21001d5236d47,Fig1g formal source,figure_source,main_core,MAIN,FINAL_MAIN,528.407460980044,materialized for FINAL_LOCKED_ARCHIVE_v2 panel source
TOP100V2X020011,Fig1g formal source,Fig1g formal source | z | W-GPE trend | z channel trend | Tropics | absolute | top100,z channel trend,488.302377395598,,,as in source,formal analysis period,all-valid common TOP100 grid,exact product decomposition,as specified in source,16920.0,<PROJECT_ROOT>\CANONICAL_WGPE_TOP100_v2\03_SOURCE_DATA\REGISTERED_SOURCES\Figure1_regional_WGPE_decomposition_TOP100__d4b03cc1e1.csv,d4b03cc1e147973cc3f8137603c0026049c8e786a5b672991ba21001d5236d47,Fig1g formal source,figure_source,main_core,MAIN,FINAL_MAIN,488.302377395598,materialized for FINAL_LOCKED_ARCHIVE_v2 panel source
TOP100V2X020012,Fig1g formal source,Fig1g formal source | interaction | W-GPE trend | interaction channel trend | Tropics | absolute | top100,interaction channel trend,18.482626649753,,,as in source,formal analysis period,all-valid common TOP100 grid,exact product decomposition,as specified in source,16920.0,<PROJECT_ROOT>\CANONICAL_WGPE_TOP100_v2\03_SOURCE_DATA\REGISTERED_SOURCES\Figure1_regional_WGPE_decomposition_TOP100__d4b03cc1e1.csv,d4b03cc1e147973cc3f8137603c0026049c8e786a5b672991ba21001d5236d47,Fig1g formal source,figure_source,main_core,MAIN,FINAL_MAIN,18.482626649753,materialized for FINAL_LOCKED_ARCHIVE_v2 panel source
TOP100V2X020013,Fig1g formal source,Fig1g formal source | IWV | W-GPE trend | IWV channel trend | N temperate | absolute | top100,IWV channel trend,504.890679565463,,,as in source,formal analysis period,all-valid common TOP100 grid,exact product decomposition,as specified in source,15480.0,<PROJECT_ROOT>\CANONICAL_WGPE_TOP100_v2\03_SOURCE_DATA\REGISTERED_SOURCES\Figure1_regional_WGPE_decomposition_TOP100__d4b03cc1e1.csv,d4b03cc1e147973cc3f8137603c0026049c8e786a5b672991ba21001d5236d47,Fig1g formal source,figure_source,main_core,MAIN,FINAL_MAIN,504.890679565463,materialized for FINAL_LOCKED_ARCHIVE_v2 panel source
TOP100V2X020014,Fig1g formal source,Fig1g formal source | z | W-GPE trend | z channel trend | N temperate | absolute | top100,z channel trend,123.188805655122,,,as in source,formal analysis period,all-valid common TOP100 grid,exact product decomposition,as specified in source,15480.0,<PROJECT_ROOT>\CANONICAL_WGPE_TOP100_v2\03_SOURCE_DATA\REGISTERED_SOURCES\Figure1_regional_WGPE_decomposition_TOP100__d4b03cc1e1.csv,d4b03cc1e147973cc3f8137603c0026049c8e786a5b672991ba21001d5236d47,Fig1g formal source,figure_source,main_core,MAIN,FINAL_MAIN,123.188805655122,materialized for FINAL_LOCKED_ARCHIVE_v2 panel source
TOP100V2X020015,Fig1g formal source,Fig1g formal source | interaction | W-GPE trend | interaction channel trend | N temperate | absolute | top100,interaction channel trend,23.2571550445094,,,as in source,formal analysis period,all-valid common TOP100 grid,exact product decomposition,as specified in source,15480.0,<PROJECT_ROOT>\CANONICAL_WGPE_TOP100_v2\03_SOURCE_DATA\REGISTERED_SOURCES\Figure1_regional_WGPE_decomposition_TOP100__d4b03cc1e1.csv,d4b03cc1e147973cc3f8137603c0026049c8e786a5b672991ba21001d5236d47,Fig1g formal source,figure_source,main_core,MAIN,FINAL_MAIN,23.2571550445094,materialized for FINAL_LOCKED_ARCHIVE_v2 panel source
TOP100V2X020016,Fig1g formal source,Fig1g formal source | IWV | W-GPE trend | IWV channel trend | N high latitude | absolute | top100,IWV channel trend,410.717046427636,,,as in source,formal analysis period,all-valid common TOP100 grid,exact product decomposition,as specified in source,8640.0,<PROJECT_ROOT>\CANONICAL_WGPE_TOP100_v2\03_SOURCE_DATA\REGISTERED_SOURCES\Figure1_regional_WGPE_decomposition_TOP100__d4b03cc1e1.csv,d4b03cc1e147973cc3f8137603c0026049c8e786a5b672991ba21001d5236d47,Fig1g formal source,figure_source,main_core,MAIN,FINAL_MAIN,410.717046427636,materialized for FINAL_LOCKED_ARCHIVE_v2 panel source
TOP100V2X020017,Fig1g formal source,Fig1g formal source | z | W-GPE trend | z channel trend | N high latitude | absolute | top100,z channel trend,-88.6379225309465,,,as in source,formal analysis period,all-valid common TOP100 grid,exact product decomposition,as specified in source,8640.0,<PROJECT_ROOT>\CANONICAL_WGPE_TOP100_v2\03_SOURCE_DATA\REGISTERED_SOURCES\Figure1_regional_WGPE_decomposition_TOP100__d4b03cc1e1.csv,d4b03cc1e147973cc3f8137603c0026049c8e786a5b672991ba21001d5236d47,Fig1g formal source,figure_source,main_core,MAIN,FINAL_MAIN,-88.6379225309465,materialized for FINAL_LOCKED_ARCHIVE_v2 panel source
TOP100V2X020018,Fig1g formal source,Fig1g formal source | interaction | W-GPE trend | interaction channel trend | N high latitude | absolute | top100,interaction channel trend,37.7429937056621,,,as in source,formal analysis period,all-valid common TOP100 grid,exact product decomposition,as specified in source,8640.0,<PROJECT_ROOT>\CANONICAL_WGPE_TOP100_v2\03_SOURCE_DATA\REGISTERED_SOURCES\Figure1_regional_WGPE_decomposition_TOP100__d4b03cc1e1.csv,d4b03cc1e147973cc3f8137603c0026049c8e786a5b672991ba21001d5236d47,Fig1g formal source,figure_source,main_core,MAIN,FINAL_MAIN,37.7429937056621,materialized for FINAL_LOCKED_ARCHIVE_v2 panel source
TOP100V2X030007,Fig2a formal source,Fig2a formal source |  |  | area-weighted mean Pearson r | Global | absolute | top100,area-weighted mean Pearson r,0.435148384012804,,,as in source,formal analysis period,all-valid common TOP100 grid,formal TOP100 final,as specified in source,65160.0,<PROJECT_ROOT>\CANONICAL_WGPE_TOP100_v2\03_SOURCE_DATA\Fig2a_source.csv,b29455da806947f9744427b21c5a2c0af2aaa2c0548e42b7ae5fa637456fa420,Fig2a formal source,figure_source,main_core,MAIN,FINAL_MAIN,0.435148384012804,Official detrended Figure 2a result; coordinate-aligned canonical TOP100 grid.
TOP100V2X030008,Fig2a formal source,Fig2a formal source |  |  | area-weighted mean Pearson r | S high latitude | absolute | top100,area-weighted mean Pearson r,0.486820812643902,,,as in source,formal analysis period,all-valid common TOP100 grid,formal TOP100 final,as specified in source,8640.0,<PROJECT_ROOT>\CANONICAL_WGPE_TOP100_v2\03_SOURCE_DATA\Fig2a_source.csv,b29455da806947f9744427b21c5a2c0af2aaa2c0548e42b7ae5fa637456fa420,Fig2a formal source,figure_source,main_core,MAIN,FINAL_MAIN,0.486820812643902,Official detrended Figure 2a result; coordinate-aligned canonical TOP100 grid.
TOP100V2X030009,Fig2a formal source,Fig2a formal source |  |  | area-weighted mean Pearson r | S temperate | absolute | top100,area-weighted mean Pearson r,0.322974715757004,,,as in source,formal analysis period,all-valid common TOP100 grid,formal TOP100 final,as specified in source,15480.0,<PROJECT_ROOT>\CANONICAL_WGPE_TOP100_v2\03_SOURCE_DATA\Fig2a_source.csv,b29455da806947f9744427b21c5a2c0af2aaa2c0548e42b7ae5fa637456fa420,Fig2a formal source,figure_source,main_core,MAIN,FINAL_MAIN,0.322974715757004,Official detrended Figure 2a result; coordinate-aligned canonical TOP100 grid.
TOP100V2X030010,Fig2a formal source,Fig2a formal source |  |  | area-weighted mean Pearson r | Tropics | absolute | top100,area-weighted mean Pearson r,0.582533356474092,,,as in source,formal analysis period,all-valid common TOP100 grid,formal TOP100 final,as specified in source,16920.0,<PROJECT_ROOT>\CANONICAL_WGPE_TOP100_v2\03_SOURCE_DATA\Fig2a_source.csv,b29455da806947f9744427b21c5a2c0af2aaa2c0548e42b7ae5fa637456fa420,Fig2a formal source,figure_source,main_core,MAIN,FINAL_MAIN,0.582533356474092,Official detrended Figure 2a result; coordinate-aligned canonical TOP100 grid.
TOP100V2X030011,Fig2a formal source,Fig2a formal source |  |  | area-weighted mean Pearson r | N temperate | absolute | top100,area-weighted mean Pearson r,0.345404998252634,,,as in source,formal analysis period,all-valid common TOP100 grid,formal TOP100 final,as specified in source,15480.0,<PROJECT_ROOT>\CANONICAL_WGPE_TOP100_v2\03_SOURCE_DATA\Fig2a_source.csv,b29455da806947f9744427b21c5a2c0af2aaa2c0548e42b7ae5fa637456fa420,Fig2a formal source,figure_source,main_core,MAIN,FINAL_MAIN,0.345404998252634,Official detrended Figure 2a result; coordinate-aligned canonical TOP100 grid.
TOP100V2X030012,Fig2a formal source,Fig2a formal source |  |  | area-weighted mean Pearson r | N high latitude | absolute | top100,area-weighted mean Pearson r,0.228070376328984,,,as in source,formal analysis period,all-valid common TOP100 grid,formal TOP100 final,as specified in source,8640.0,<PROJECT_ROOT>\CANONICAL_WGPE_TOP100_v2\03_SOURCE_DATA\Fig2a_source.csv,b29455da806947f9744427b21c5a2c0af2aaa2c0548e42b7ae5fa637456fa420,Fig2a formal source,figure_source,main_core,MAIN,FINAL_MAIN,0.228070376328984,Official detrended Figure 2a result; coordinate-aligned canonical TOP100 grid.
TOP100V2X040001,Fig2b formal source,Fig2b formal source |  |  | IWV_anomaly | Global | absolute | top100,IWV_anomaly,0.44026588114646,,,as in source,formal analysis period,all-valid common TOP100 grid,formal TOP100 final,as specified in source,,<PROJECT_ROOT>\CANONICAL_WGPE_TOP100_v2\03_SOURCE_DATA\REGISTERED_SOURCES\ENSO_ONIstandard_absolute_global_summary__2359a998df.csv,2359a998dff6ae0fcb5b129d1a1fdf65bc6d340f9f4b26a90070a4cc922ef4e8,Fig2b formal source,figure_source,main_core,MAIN,FINAL_MAIN,0.44026588114646,materialized for FINAL_LOCKED_ARCHIVE_v2 panel source
TOP100V2X040002,Fig2b formal source,Fig2b formal source |  |  | IWV_channel | Global | absolute | top100,IWV_channel,9065.59745236828,3418.5091864242,14220.0067137654,as in source,formal analysis period,all-valid common TOP100 grid,formal TOP100 final,as specified in source,,<PROJECT_ROOT>\CANONICAL_WGPE_TOP100_v2\03_SOURCE_DATA\REGISTERED_SOURCES\ENSO_ONIstandard_absolute_global_summary__2359a998df.csv,2359a998dff6ae0fcb5b129d1a1fdf65bc6d340f9f4b26a90070a4cc922ef4e8,Fig2b formal source,figure_source,main_core,MAIN,FINAL_MAIN,9065.59745236828,materialized for FINAL_LOCKED_ARCHIVE_v2 panel source
TOP100V2X040003,Fig2b formal source,Fig2b formal source |  |  | actual | Global | absolute | top100,actual,11723.9052689687,3933.04825304531,19244.5344359887,as in source,formal analysis period,all-valid common TOP100 grid,formal TOP100 final,as specified in source,,<PROJECT_ROOT>\CANONICAL_WGPE_TOP100_v2\03_SOURCE_DATA\REGISTERED_SOURCES\ENSO_ONIstandard_absolute_global_summary__2359a998df.csv,2359a998dff6ae0fcb5b129d1a1fdf65bc6d340f9f4b26a90070a4cc922ef4e8,Fig2b formal source,figure_source,main_core,MAIN,FINAL_MAIN,11723.9052689687,materialized for FINAL_LOCKED_ARCHIVE_v2 panel source
TOP100V2X040004,Fig2b formal source,Fig2b formal source |  |  | interaction_channel | Global | absolute | top100,interaction_channel,577.042907215633,85.3183186796576,1309.59777415265,as in source,formal analysis period,all-valid common TOP100 grid,formal TOP100 final,as specified in source,,<PROJECT_ROOT>\CANONICAL_WGPE_TOP100_v2\03_SOURCE_DATA\REGISTERED_SOURCES\ENSO_ONIstandard_absolute_global_summary__2359a998df.csv,2359a998dff6ae0fcb5b129d1a1fdf65bc6d340f9f4b26a90070a4cc922ef4e8,Fig2b formal source,figure_source,main_core,MAIN,FINAL_MAIN,577.042907215633,materialized for FINAL_LOCKED_ARCHIVE_v2 panel source
TOP100V2X040005,Fig2b formal source,Fig2b formal source |  |  | precip_anomaly | Global | absolute | top100,precip_anomaly,1.66396323009854e-05,,,as in source,formal analysis period,all-valid common TOP100 grid,formal TOP100 final,as specified in source,,<PROJECT_ROOT>\CANONICAL_WGPE_TOP100_v2\03_SOURCE_DATA\REGISTERED_SOURCES\ENSO_ONIstandard_absolute_global_summary__2359a998df.csv,2359a998dff6ae0fcb5b129d1a1fdf65bc6d340f9f4b26a90070a4cc922ef4e8,Fig2b formal source,figure_source,main_core,MAIN,FINAL_MAIN,1.66396323009854e-05,materialized for FINAL_LOCKED_ARCHIVE_v2 panel source
TOP100V2X040006,Fig2b formal source,Fig2b formal source |  |  | z_anomaly | Global | absolute | top100,z_anomaly,8.58359160433644,,,as in source,formal analysis period,all-valid common TOP100 grid,formal TOP100 final,as specified in source,,<PROJECT_ROOT>\CANONICAL_WGPE_TOP100_v2\03_SOURCE_DATA\REGISTERED_SOURCES\ENSO_ONIstandard_absolute_global_summary__2359a998df.csv,2359a998dff6ae0fcb5b129d1a1fdf65bc6d340f9f4b26a90070a4cc922ef4e8,Fig2b formal source,figure_source,main_core,MAIN,FINAL_MAIN,8.58359160433644,materialized for FINAL_LOCKED_ARCHIVE_v2 panel source
TOP100V2X040007,Fig2b formal source,Fig2b formal source |  |  | z_channel | Global | absolute | top100,z_channel,2081.26490938483,-606.493554365148,4449.59152998395,as in source,formal analysis period,all-valid common TOP100 grid,formal TOP100 final,as specified in source,,<PROJECT_ROOT>\CANONICAL_WGPE_TOP100_v2\03_SOURCE_DATA\REGISTERED_SOURCES\ENSO_ONIstandard_absolute_global_summary__2359a998df.csv,2359a998dff6ae0fcb5b129d1a1fdf65bc6d340f9f4b26a90070a4cc922ef4e8,Fig2b formal source,figure_source,main_core,MAIN,FINAL_MAIN,2081.26490938483,materialized for FINAL_LOCKED_ARCHIVE_v2 panel source
TOP100V2X050001,Fig2d formal source,Fig2d formal source |  |  | IWV_channel | Global | absolute | top100,IWV_channel,9065.59745236828,3418.5091864242,14220.0067137654,as in source,formal analysis period,all-valid common TOP100 grid,formal TOP100 final,as specified in source,,<PROJECT_ROOT>\CANONICAL_WGPE_TOP100_v2\03_SOURCE_DATA\REGISTERED_SOURCES\ENSO_ONIstandard_absolute_channel_decomposition__8ff06b73cb.csv,8ff06b73cbf3d8d75808b4613438d1b313c7cf51637942250a5c77077813663c,Fig2d formal source,figure_source,main_core,MAIN,FINAL_MAIN,9065.59745236828,materialized for FINAL_LOCKED_ARCHIVE_v2 panel source
TOP100V2X050002,Fig2d formal source,Fig2d formal source |  |  | actual | Global | absolute | top100,actual,11723.9052689687,3933.04825304531,19244.5344359887,as in source,formal analysis period,all-valid common TOP100 grid,formal TOP100 final,as specified in source,,<PROJECT_ROOT>\CANONICAL_WGPE_TOP100_v2\03_SOURCE_DATA\REGISTERED_SOURCES\ENSO_ONIstandard_absolute_channel_decomposition__8ff06b73cb.csv,8ff06b73cbf3d8d75808b4613438d1b313c7cf51637942250a5c77077813663c,Fig2d formal source,figure_source,main_core,MAIN,FINAL_MAIN,11723.9052689687,materialized for FINAL_LOCKED_ARCHIVE_v2 panel source
TOP100V2X050003,Fig2d formal source,Fig2d formal source |  |  | interaction_channel | Global | absolute | top100,interaction_channel,577.042907215633,85.3183186796576,1309.59777415265,as in source,formal analysis period,all-valid common TOP100 grid,formal TOP100 final,as specified in source,,<PROJECT_ROOT>\CANONICAL_WGPE_TOP100_v2\03_SOURCE_DATA\REGISTERED_SOURCES\ENSO_ONIstandard_absolute_channel_decomposition__8ff06b73cb.csv,8ff06b73cbf3d8d75808b4613438d1b313c7cf51637942250a5c77077813663c,Fig2d formal source,figure_source,main_core,MAIN,FINAL_MAIN,577.042907215633,materialized for FINAL_LOCKED_ARCHIVE_v2 panel source
TOP100V2X050004,Fig2d formal source,Fig2d formal source |  |  | z_channel | Global | absolute | top100,z_channel,2081.26490938483,-606.493554365148,4449.59152998395,as in source,formal analysis period,all-valid common TOP100 grid,formal TOP100 final,as specified in source,,<PROJECT_ROOT>\CANONICAL_WGPE_TOP100_v2\03_SOURCE_DATA\REGISTERED_SOURCES\ENSO_ONIstandard_absolute_channel_decomposition__8ff06b73cb.csv,8ff06b73cbf3d8d75808b4613438d1b313c7cf51637942250a5c77077813663c,Fig2d formal source,figure_source,main_core,MAIN,FINAL_MAIN,2081.26490938483,materialized for FINAL_LOCKED_ARCHIVE_v2 panel source
TOP100V2X050005,Fig2d formal source,Fig2d formal source |  |  | IWV_channel | N high latitude | absolute | top100,IWV_channel,-77.8579012506934,-2448.14649874756,2006.5660752784,as in source,formal analysis period,all-valid common TOP100 grid,formal TOP100 final,as specified in source,,<PROJECT_ROOT>\CANONICAL_WGPE_TOP100_v2\03_SOURCE_DATA\REGISTERED_SOURCES\ENSO_ONIstandard_absolute_channel_decomposition__8ff06b73cb.csv,8ff06b73cbf3d8d75808b4613438d1b313c7cf51637942250a5c77077813663c,Fig2d formal source,figure_source,main_core,MAIN,FINAL_MAIN,-77.8579012506934,materialized for FINAL_LOCKED_ARCHIVE_v2 panel source
TOP100V2X050006,Fig2d formal source,Fig2d formal source |  |  | actual | N high latitude | absolute | top100,actual,68.4302965435314,-2439.47560636965,2415.14024106617,as in source,formal analysis period,all-valid common TOP100 grid,formal TOP100 final,as specified in source,,<PROJECT_ROOT>\CANONICAL_WGPE_TOP100_v2\03_SOURCE_DATA\REGISTERED_SOURCES\ENSO_ONIstandard_absolute_channel_decomposition__8ff06b73cb.csv,8ff06b73cbf3d8d75808b4613438d1b313c7cf51637942250a5c77077813663c,Fig2d formal source,figure_source,main_core,MAIN,FINAL_MAIN,68.4302965435314,materialized for FINAL_LOCKED_ARCHIVE_v2 panel source
TOP100V2X050007,Fig2d formal source,Fig2d formal source |  |  | interaction_channel | N high latitude | absolute | top100,interaction_channel,28.4988968175536,-61.7302567736663,97.3259075579279,as in source,formal analysis period,all-valid common TOP100 grid,formal TOP100 final,as specified in source,,<PROJECT_ROOT>\CANONICAL_WGPE_TOP100_v2\03_SOURCE_DATA\REGISTERED_SOURCES\ENSO_ONIstandard_absolute_channel_decomposition__8ff06b73cb.csv,8ff06b73cbf3d8d75808b4613438d1b313c7cf51637942250a5c77077813663c,Fig2d formal source,figure_source,main_core,MAIN,FINAL_MAIN,28.4988968175536,materialized for FINAL_LOCKED_ARCHIVE_v2 panel source
TOP100V2X050008,Fig2d formal source,Fig2d formal source |  |  | z_channel | N high latitude | absolute | top100,z_channel,117.789300976671,-479.502025299854,781.29823728393,as in source,formal analysis period,all-valid common TOP100 grid,formal TOP100 final,as specified in source,,<PROJECT_ROOT>\CANONICAL_WGPE_TOP100_v2\03_SOURCE_DATA\REGISTERED_SOURCES\ENSO_ONIstandard_absolute_channel_decomposition__8ff06b73cb.csv,8ff06b73cbf3d8d75808b4613438d1b313c7cf51637942250a5c77077813663c,Fig2d formal source,figure_source,main_core,MAIN,FINAL_MAIN,117.789300976671,materialized for FINAL_LOCKED_ARCHIVE_v2 panel source
TOP100V2X050009,Fig2d formal source,Fig2d formal source |  |  | IWV_channel | N temperate | absolute | top100,IWV_channel,5256.68890276274,1191.43705750359,9091.91429491345,as in source,formal analysis period,all-valid common TOP100 grid,formal TOP100 final,as specified in source,,<PROJECT_ROOT>\CANONICAL_WGPE_TOP100_v2\03_SOURCE_DATA\REGISTERED_SOURCES\ENSO_ONIstandard_absolute_channel_decomposition__8ff06b73cb.csv,8ff06b73cbf3d8d75808b4613438d1b313c7cf51637942250a5c77077813663c,Fig2d formal source,figure_source,main_core,MAIN,FINAL_MAIN,5256.68890276274,materialized for FINAL_LOCKED_ARCHIVE_v2 panel source
TOP100V2X050010,Fig2d formal source,Fig2d formal source |  |  | actual | N temperate | absolute | top100,actual,5100.13612818021,161.027784269023,9673.40218852406,as in source,formal analysis period,all-valid common TOP100 grid,formal TOP100 final,as specified in source,,<PROJECT_ROOT>\CANONICAL_WGPE_TOP100_v2\03_SOURCE_DATA\REGISTERED_SOURCES\ENSO_ONIstandard_absolute_channel_decomposition__8ff06b73cb.csv,8ff06b73cbf3d8d75808b4613438d1b313c7cf51637942250a5c77077813663c,Fig2d formal source,figure_source,main_core,MAIN,FINAL_MAIN,5100.13612818021,materialized for FINAL_LOCKED_ARCHIVE_v2 panel source
TOP100V2X050011,Fig2d formal source,Fig2d formal source |  |  | interaction_channel | N temperate | absolute | top100,interaction_channel,-58.9791925973277,-153.779563528391,35.6692049927825,as in source,formal analysis period,all-valid common TOP100 grid,formal TOP100 final,as specified in source,,<PROJECT_ROOT>\CANONICAL_WGPE_TOP100_v2\03_SOURCE_DATA\REGISTERED_SOURCES\ENSO_ONIstandard_absolute_channel_decomposition__8ff06b73cb.csv,8ff06b73cbf3d8d75808b4613438d1b313c7cf51637942250a5c77077813663c,Fig2d formal source,figure_source,main_core,MAIN,FINAL_MAIN,-58.9791925973277,materialized for FINAL_LOCKED_ARCHIVE_v2 panel source
TOP100V2X050012,Fig2d formal source,Fig2d formal source |  |  | z_channel | N temperate | absolute | top100,z_channel,-97.573581985197,-1521.56972075547,1309.77398993289,as in source,formal analysis period,all-valid common TOP100 grid,formal TOP100 final,as specified in source,,<PROJECT_ROOT>\CANONICAL_WGPE_TOP100_v2\03_SOURCE_DATA\REGISTERED_SOURCES\ENSO_ONIstandard_absolute_channel_decomposition__8ff06b73cb.csv,8ff06b73cbf3d8d75808b4613438d1b313c7cf51637942250a5c77077813663c,Fig2d formal source,figure_source,main_core,MAIN,FINAL_MAIN,-97.573581985197,materialized for FINAL_LOCKED_ARCHIVE_v2 panel source
TOP100V2X050013,Fig2d formal source,Fig2d formal source |  |  | IWV_channel | S high latitude | absolute | top100,IWV_channel,2760.68535902696,916.002483063444,4864.13110428189,as in source,formal analysis period,all-valid common TOP100 grid,formal TOP100 final,as specified in source,,<PROJECT_ROOT>\CANONICAL_WGPE_TOP100_v2\03_SOURCE_DATA\REGISTERED_SOURCES\ENSO_ONIstandard_absolute_channel_decomposition__8ff06b73cb.csv,8ff06b73cbf3d8d75808b4613438d1b313c7cf51637942250a5c77077813663c,Fig2d formal source,figure_source,main_core,MAIN,FINAL_MAIN,2760.68535902696,materialized for FINAL_LOCKED_ARCHIVE_v2 panel source
TOP100V2X050014,Fig2d formal source,Fig2d formal source |  |  | actual | S high latitude | absolute | top100,actual,3492.01841717841,1294.32466996694,6055.39091720773,as in source,formal analysis period,all-valid common TOP100 grid,formal TOP100 final,as specified in source,,<PROJECT_ROOT>\CANONICAL_WGPE_TOP100_v2\03_SOURCE_DATA\REGISTERED_SOURCES\ENSO_ONIstandard_absolute_channel_decomposition__8ff06b73cb.csv,8ff06b73cbf3d8d75808b4613438d1b313c7cf51637942250a5c77077813663c,Fig2d formal source,figure_source,main_core,MAIN,FINAL_MAIN,3492.01841717841,materialized for FINAL_LOCKED_ARCHIVE_v2 panel source
TOP100V2X050015,Fig2d formal source,Fig2d formal source |  |  | interaction_channel | S high latitude | absolute | top100,interaction_channel,20.0243068156103,-9.21647553292591,55.4773968044,as in source,formal analysis period,all-valid common TOP100 grid,formal TOP100 final,as specified in source,,<PROJECT_ROOT>\CANONICAL_WGPE_TOP100_v2\03_SOURCE_DATA\REGISTERED_SOURCES\ENSO_ONIstandard_absolute_channel_decomposition__8ff06b73cb.csv,8ff06b73cbf3d8d75808b4613438d1b313c7cf51637942250a5c77077813663c,Fig2d formal source,figure_source,main_core,MAIN,FINAL_MAIN,20.0243068156103,materialized for FINAL_LOCKED_ARCHIVE_v2 panel source
TOP100V2X050016,Fig2d formal source,Fig2d formal source |  |  | z_channel | S high latitude | absolute | top100,z_channel,711.308751335842,226.347888254401,1243.88137428502,as in source,formal analysis period,all-valid common TOP100 grid,formal TOP100 final,as specified in source,,<PROJECT_ROOT>\CANONICAL_WGPE_TOP100_v2\03_SOURCE_DATA\REGISTERED_SOURCES\ENSO_ONIstandard_absolute_channel_decomposition__8ff06b73cb.csv,8ff06b73cbf3d8d75808b4613438d1b313c7cf51637942250a5c77077813663c,Fig2d formal source,figure_source,main_core,MAIN,FINAL_MAIN,711.308751335842,materialized for FINAL_LOCKED_ARCHIVE_v2 panel source
TOP100V2X050017,Fig2d formal source,Fig2d formal source |  |  | IWV_channel | S temperate | absolute | top100,IWV_channel,-583.414471138148,-5190.84085282601,3862.19804547713,as in source,formal analysis period,all-valid common TOP100 grid,formal TOP100 final,as specified in source,,<PROJECT_ROOT>\CANONICAL_WGPE_TOP100_v2\03_SOURCE_DATA\REGISTERED_SOURCES\ENSO_ONIstandard_absolute_channel_decomposition__8ff06b73cb.csv,8ff06b73cbf3d8d75808b4613438d1b313c7cf51637942250a5c77077813663c,Fig2d formal source,figure_source,main_core,MAIN,FINAL_MAIN,-583.414471138148,materialized for FINAL_LOCKED_ARCHIVE_v2 panel source
TOP100V2X050018,Fig2d formal source,Fig2d formal source |  |  | actual | S temperate | absolute | top100,actual,1355.86465592988,-5118.03042000439,7350.3525476971,as in source,formal analysis period,all-valid common TOP100 grid,formal TOP100 final,as specified in source,,<PROJECT_ROOT>\CANONICAL_WGPE_TOP100_v2\03_SOURCE_DATA\REGISTERED_SOURCES\ENSO_ONIstandard_absolute_channel_decomposition__8ff06b73cb.csv,8ff06b73cbf3d8d75808b4613438d1b313c7cf51637942250a5c77077813663c,Fig2d formal source,figure_source,main_core,MAIN,FINAL_MAIN,1355.86465592988,materialized for FINAL_LOCKED_ARCHIVE_v2 panel source
TOP100V2X050019,Fig2d formal source,Fig2d formal source |  |  | interaction_channel | S temperate | absolute | top100,interaction_channel,46.6482022453438,-108.89316574857,231.906278635495,as in source,formal analysis period,all-valid common TOP100 grid,formal TOP100 final,as specified in source,,<PROJECT_ROOT>\CANONICAL_WGPE_TOP100_v2\03_SOURCE_DATA\REGISTERED_SOURCES\ENSO_ONIstandard_absolute_channel_decomposition__8ff06b73cb.csv,8ff06b73cbf3d8d75808b4613438d1b313c7cf51637942250a5c77077813663c,Fig2d formal source,figure_source,main_core,MAIN,FINAL_MAIN,46.6482022453438,materialized for FINAL_LOCKED_ARCHIVE_v2 panel source
TOP100V2X050020,Fig2d formal source,Fig2d formal source |  |  | z_channel | S temperate | absolute | top100,z_channel,1892.63092482269,-390.965638044118,4009.79911681008,as in source,formal analysis period,all-valid common TOP100 grid,formal TOP100 final,as specified in source,,<PROJECT_ROOT>\CANONICAL_WGPE_TOP100_v2\03_SOURCE_DATA\REGISTERED_SOURCES\ENSO_ONIstandard_absolute_channel_decomposition__8ff06b73cb.csv,8ff06b73cbf3d8d75808b4613438d1b313c7cf51637942250a5c77077813663c,Fig2d formal source,figure_source,main_core,MAIN,FINAL_MAIN,1892.63092482269,materialized for FINAL_LOCKED_ARCHIVE_v2 panel source
TOP100V2X050021,Fig2d formal source,Fig2d formal source |  |  | IWV_channel | Tropics | absolute | top100,IWV_channel,19418.0812017306,8884.00211262997,30101.4105427072,as in source,formal analysis period,all-valid common TOP100 grid,formal TOP100 final,as specified in source,,<PROJECT_ROOT>\CANONICAL_WGPE_TOP100_v2\03_SOURCE_DATA\REGISTERED_SOURCES\ENSO_ONIstandard_absolute_channel_decomposition__8ff06b73cb.csv,8ff06b73cbf3d8d75808b4613438d1b313c7cf51637942250a5c77077813663c,Fig2d formal source,figure_source,main_core,MAIN,FINAL_MAIN,19418.0812017306,materialized for FINAL_LOCKED_ARCHIVE_v2 panel source
TOP100V2X050022,Fig2d formal source,Fig2d formal source |  |  | actual | Tropics | absolute | top100,actual,24834.5829776933,8763.05258996864,42103.624641187,as in source,formal analysis period,all-valid common TOP100 grid,formal TOP100 final,as specified in source,,<PROJECT_ROOT>\CANONICAL_WGPE_TOP100_v2\03_SOURCE_DATA\REGISTERED_SOURCES\ENSO_ONIstandard_absolute_channel_decomposition__8ff06b73cb.csv,8ff06b73cbf3d8d75808b4613438d1b313c7cf51637942250a5c77077813663c,Fig2d formal source,figure_source,main_core,MAIN,FINAL_MAIN,24834.5829776933,materialized for FINAL_LOCKED_ARCHIVE_v2 panel source
TOP100V2X050023,Fig2d formal source,Fig2d formal source |  |  | interaction_channel | Tropics | absolute | top100,interaction_channel,1450.04789380361,277.601519448947,3261.44930148195,as in source,formal analysis period,all-valid common TOP100 grid,formal TOP100 final,as specified in source,,<PROJECT_ROOT>\CANONICAL_WGPE_TOP100_v2\03_SOURCE_DATA\REGISTERED_SOURCES\ENSO_ONIstandard_absolute_channel_decomposition__8ff06b73cb.csv,8ff06b73cbf3d8d75808b4613438d1b313c7cf51637942250a5c77077813663c,Fig2d formal source,figure_source,main_core,MAIN,FINAL_MAIN,1450.04789380361,materialized for FINAL_LOCKED_ARCHIVE_v2 panel source
TOP100V2X050024,Fig2d formal source,Fig2d formal source |  |  | z_channel | Tropics | absolute | top100,z_channel,3966.45388215908,-1939.76244310501,10218.6864526024,as in source,formal analysis period,all-valid common TOP100 grid,formal TOP100 final,as specified in source,,<PROJECT_ROOT>\CANONICAL_WGPE_TOP100_v2\03_SOURCE_DATA\REGISTERED_SOURCES\ENSO_ONIstandard_absolute_channel_decomposition__8ff06b73cb.csv,8ff06b73cbf3d8d75808b4613438d1b313c7cf51637942250a5c77077813663c,Fig2d formal source,figure_source,main_core,MAIN,FINAL_MAIN,3966.45388215908,materialized for FINAL_LOCKED_ARCHIVE_v2 panel source
ARC_F2E_001,lag-3 net temporal asymmetry,lag-3 net temporal asymmetry | W-GPE | precipitation | forward-only minus reverse-only | -90 to -85 | absolute | top100,forward-only minus reverse-only,7.3321653488586,1.77677959630548,13.809584165859,percentage points,1979-2024,all valid,nested lag test; BH-FDR,as specified in source,1800.0,<PROJECT_ROOT>\CANONICAL_WGPE_TOP100_v2\03_SOURCE_DATA\REGISTERED_SOURCES\Figure2e_NET_ASYMMETRY_FINAL_SOURCE__ce9784774d.csv,ce9784774d2583fc1a925a8e6c40ff06a99b2755e6a6afd02291a06c590baf84,,precip_temporal,main_companion_descriptive,MAIN,FINAL_MAIN,7.3321653488586,Figure 2e line and CI same source
ARC_F2E_002,lag-3 net temporal asymmetry,lag-3 net temporal asymmetry | W-GPE | precipitation | forward-only minus reverse-only | -85 to -80 | absolute | top100,forward-only minus reverse-only,4.13677446000517,-3.0335972646109,12.2658233335438,percentage points,1979-2024,all valid,nested lag test; BH-FDR,as specified in source,1800.0,<PROJECT_ROOT>\CANONICAL_WGPE_TOP100_v2\03_SOURCE_DATA\REGISTERED_SOURCES\Figure2e_NET_ASYMMETRY_FINAL_SOURCE__ce9784774d.csv,ce9784774d2583fc1a925a8e6c40ff06a99b2755e6a6afd02291a06c590baf84,,precip_temporal,main_companion_descriptive,MAIN,FINAL_MAIN,4.13677446000517,Figure 2e line and CI same source
ARC_F2E_003,lag-3 net temporal asymmetry,lag-3 net temporal asymmetry | W-GPE | precipitation | forward-only minus reverse-only | -80 to -75 | absolute | top100,forward-only minus reverse-only,1.097895790411,-0.680687170322032,3.76122529349439,percentage points,1979-2024,all valid,nested lag test; BH-FDR,as specified in source,1800.0,<PROJECT_ROOT>\CANONICAL_WGPE_TOP100_v2\03_SOURCE_DATA\REGISTERED_SOURCES\Figure2e_NET_ASYMMETRY_FINAL_SOURCE__ce9784774d.csv,ce9784774d2583fc1a925a8e6c40ff06a99b2755e6a6afd02291a06c590baf84,,precip_temporal,main_companion_descriptive,MAIN,FINAL_MAIN,1.097895790411,Figure 2e line and CI same source
ARC_F2E_004,lag-3 net temporal asymmetry,lag-3 net temporal asymmetry | W-GPE | precipitation | forward-only minus reverse-only | -75 to -70 | absolute | top100,forward-only minus reverse-only,2.40354081103975,-0.0139448569223522,5.57542130664244,percentage points,1979-2024,all valid,nested lag test; BH-FDR,as specified in source,1800.0,<PROJECT_ROOT>\CANONICAL_WGPE_TOP100_v2\03_SOURCE_DATA\REGISTERED_SOURCES\Figure2e_NET_ASYMMETRY_FINAL_SOURCE__ce9784774d.csv,ce9784774d2583fc1a925a8e6c40ff06a99b2755e6a6afd02291a06c590baf84,,precip_temporal,main_companion_descriptive,MAIN,FINAL_MAIN,2.40354081103975,Figure 2e line and CI same source
ARC_F2E_005,lag-3 net temporal asymmetry,lag-3 net temporal asymmetry | W-GPE | precipitation | forward-only minus reverse-only | -70 to -65 | absolute | top100,forward-only minus reverse-only,-0.541167888228853,-2.8878812393593,1.32370598238794,percentage points,1979-2024,all valid,nested lag test; BH-FDR,as specified in source,1800.0,<PROJECT_ROOT>\CANONICAL_WGPE_TOP100_v2\03_SOURCE_DATA\REGISTERED_SOURCES\Figure2e_NET_ASYMMETRY_FINAL_SOURCE__ce9784774d.csv,ce9784774d2583fc1a925a8e6c40ff06a99b2755e6a6afd02291a06c590baf84,,precip_temporal,main_companion_descriptive,MAIN,FINAL_MAIN,-0.541167888228853,Figure 2e line and CI same source
ARC_F2E_006,lag-3 net temporal asymmetry,lag-3 net temporal asymmetry | W-GPE | precipitation | forward-only minus reverse-only | -65 to -60 | absolute | top100,forward-only minus reverse-only,-2.00868385873384,-6.53204424590771,2.0400990651314,percentage points,1979-2024,all valid,nested lag test; BH-FDR,as specified in source,1800.0,<PROJECT_ROOT>\CANONICAL_WGPE_TOP100_v2\03_SOURCE_DATA\REGISTERED_SOURCES\Figure2e_NET_ASYMMETRY_FINAL_SOURCE__ce9784774d.csv,ce9784774d2583fc1a925a8e6c40ff06a99b2755e6a6afd02291a06c590baf84,,precip_temporal,main_companion_descriptive,MAIN,FINAL_MAIN,-2.00868385873384,Figure 2e line and CI same source
ARC_F2E_007,lag-3 net temporal asymmetry,lag-3 net temporal asymmetry | W-GPE | precipitation | forward-only minus reverse-only | -60 to -55 | absolute | top100,forward-only minus reverse-only,-11.2119239286656,-20.8554884648485,-2.24368457965738,percentage points,1979-2024,all valid,nested lag test; BH-FDR,as specified in source,1800.0,<PROJECT_ROOT>\CANONICAL_WGPE_TOP100_v2\03_SOURCE_DATA\REGISTERED_SOURCES\Figure2e_NET_ASYMMETRY_FINAL_SOURCE__ce9784774d.csv,ce9784774d2583fc1a925a8e6c40ff06a99b2755e6a6afd02291a06c590baf84,,precip_temporal,main_companion_descriptive,MAIN,FINAL_MAIN,-11.2119239286656,Figure 2e line and CI same source
ARC_F2E_008,lag-3 net temporal asymmetry,lag-3 net temporal asymmetry | W-GPE | precipitation | forward-only minus reverse-only | -55 to -50 | absolute | top100,forward-only minus reverse-only,-4.85265107416962,-10.943078645025,0.246533759667515,percentage points,1979-2024,all valid,nested lag test; BH-FDR,as specified in source,1800.0,<PROJECT_ROOT>\CANONICAL_WGPE_TOP100_v2\03_SOURCE_DATA\REGISTERED_SOURCES\Figure2e_NET_ASYMMETRY_FINAL_SOURCE__ce9784774d.csv,ce9784774d2583fc1a925a8e6c40ff06a99b2755e6a6afd02291a06c590baf84,,precip_temporal,main_companion_descriptive,MAIN,FINAL_MAIN,-4.85265107416962,Figure 2e line and CI same source
ARC_F2E_009,lag-3 net temporal asymmetry,lag-3 net temporal asymmetry | W-GPE | precipitation | forward-only minus reverse-only | -50 to -45 | absolute | top100,forward-only minus reverse-only,-4.48848367103005,-9.45153981412561,0.450745634897111,percentage points,1979-2024,all valid,nested lag test; BH-FDR,as specified in source,1800.0,<PROJECT_ROOT>\CANONICAL_WGPE_TOP100_v2\03_SOURCE_DATA\REGISTERED_SOURCES\Figure2e_NET_ASYMMETRY_FINAL_SOURCE__ce9784774d.csv,ce9784774d2583fc1a925a8e6c40ff06a99b2755e6a6afd02291a06c590baf84,,precip_temporal,main_companion_descriptive,MAIN,FINAL_MAIN,-4.48848367103005,Figure 2e line and CI same source
ARC_F2E_010,lag-3 net temporal asymmetry,lag-3 net temporal asymmetry | W-GPE | precipitation | forward-only minus reverse-only | -45 to -40 | absolute | top100,forward-only minus reverse-only,0.865156084884288,-4.5983600562023,7.0080994111091,percentage points,1979-2024,all valid,nested lag test; BH-FDR,as specified in source,1800.0,<PROJECT_ROOT>\CANONICAL_WGPE_TOP100_v2\03_SOURCE_DATA\REGISTERED_SOURCES\Figure2e_NET_ASYMMETRY_FINAL_SOURCE__ce9784774d.csv,ce9784774d2583fc1a925a8e6c40ff06a99b2755e6a6afd02291a06c590baf84,,precip_temporal,main_companion_descriptive,MAIN,FINAL_MAIN,0.865156084884288,Figure 2e line and CI same source
ARC_F2E_011,lag-3 net temporal asymmetry,lag-3 net temporal asymmetry | W-GPE | precipitation | forward-only minus reverse-only | -40 to -35 | absolute | top100,forward-only minus reverse-only,2.13400936511668,-5.86939501950175,10.2664737643829,percentage points,1979-2024,all valid,nested lag test; BH-FDR,as specified in source,1800.0,<PROJECT_ROOT>\CANONICAL_WGPE_TOP100_v2\03_SOURCE_DATA\REGISTERED_SOURCES\Figure2e_NET_ASYMMETRY_FINAL_SOURCE__ce9784774d.csv,ce9784774d2583fc1a925a8e6c40ff06a99b2755e6a6afd02291a06c590baf84,,precip_temporal,main_companion_descriptive,MAIN,FINAL_MAIN,2.13400936511668,Figure 2e line and CI same source
ARC_F2E_012,lag-3 net temporal asymmetry,lag-3 net temporal asymmetry | W-GPE | precipitation | forward-only minus reverse-only | -35 to -30 | absolute | top100,forward-only minus reverse-only,14.5706042042851,5.59622667575194,23.5996039002816,percentage points,1979-2024,all valid,nested lag test; BH-FDR,as specified in source,1800.0,<PROJECT_ROOT>\CANONICAL_WGPE_TOP100_v2\03_SOURCE_DATA\REGISTERED_SOURCES\Figure2e_NET_ASYMMETRY_FINAL_SOURCE__ce9784774d.csv,ce9784774d2583fc1a925a8e6c40ff06a99b2755e6a6afd02291a06c590baf84,,precip_temporal,main_companion_descriptive,MAIN,FINAL_MAIN,14.5706042042851,Figure 2e line and CI same source
ARC_F2E_013,lag-3 net temporal asymmetry,lag-3 net temporal asymmetry | W-GPE | precipitation | forward-only minus reverse-only | -30 to -25 | absolute | top100,forward-only minus reverse-only,26.7110777322892,17.7172608833762,37.2503534725806,percentage points,1979-2024,all valid,nested lag test; BH-FDR,as specified in source,1800.0,<PROJECT_ROOT>\CANONICAL_WGPE_TOP100_v2\03_SOURCE_DATA\REGISTERED_SOURCES\Figure2e_NET_ASYMMETRY_FINAL_SOURCE__ce9784774d.csv,ce9784774d2583fc1a925a8e6c40ff06a99b2755e6a6afd02291a06c590baf84,,precip_temporal,main_companion_descriptive,MAIN,FINAL_MAIN,26.7110777322892,Figure 2e line and CI same source
ARC_F2E_014,lag-3 net temporal asymmetry,lag-3 net temporal asymmetry | W-GPE | precipitation | forward-only minus reverse-only | -25 to -20 | absolute | top100,forward-only minus reverse-only,34.2056919282425,23.7382116401935,44.9499484587292,percentage points,1979-2024,all valid,nested lag test; BH-FDR,as specified in source,1800.0,<PROJECT_ROOT>\CANONICAL_WGPE_TOP100_v2\03_SOURCE_DATA\REGISTERED_SOURCES\Figure2e_NET_ASYMMETRY_FINAL_SOURCE__ce9784774d.csv,ce9784774d2583fc1a925a8e6c40ff06a99b2755e6a6afd02291a06c590baf84,,precip_temporal,main_companion_descriptive,MAIN,FINAL_MAIN,34.2056919282425,Figure 2e line and CI same source
ARC_F2E_015,lag-3 net temporal asymmetry,lag-3 net temporal asymmetry | W-GPE | precipitation | forward-only minus reverse-only | -20 to -15 | absolute | top100,forward-only minus reverse-only,20.2788976945114,9.48685129115283,30.9324071093325,percentage points,1979-2024,all valid,nested lag test; BH-FDR,as specified in source,1800.0,<PROJECT_ROOT>\CANONICAL_WGPE_TOP100_v2\03_SOURCE_DATA\REGISTERED_SOURCES\Figure2e_NET_ASYMMETRY_FINAL_SOURCE__ce9784774d.csv,ce9784774d2583fc1a925a8e6c40ff06a99b2755e6a6afd02291a06c590baf84,,precip_temporal,main_companion_descriptive,MAIN,FINAL_MAIN,20.2788976945114,Figure 2e line and CI same source
ARC_F2E_016,lag-3 net temporal asymmetry,lag-3 net temporal asymmetry | W-GPE | precipitation | forward-only minus reverse-only | -15 to -10 | absolute | top100,forward-only minus reverse-only,17.6750390586358,5.96527207339527,30.0277118190841,percentage points,1979-2024,all valid,nested lag test; BH-FDR,as specified in source,1800.0,<PROJECT_ROOT>\CANONICAL_WGPE_TOP100_v2\03_SOURCE_DATA\REGISTERED_SOURCES\Figure2e_NET_ASYMMETRY_FINAL_SOURCE__ce9784774d.csv,ce9784774d2583fc1a925a8e6c40ff06a99b2755e6a6afd02291a06c590baf84,,precip_temporal,main_companion_descriptive,MAIN,FINAL_MAIN,17.6750390586358,Figure 2e line and CI same source
ARC_F2E_017,lag-3 net temporal asymmetry,lag-3 net temporal asymmetry | W-GPE | precipitation | forward-only minus reverse-only | -10 to -5 | absolute | top100,forward-only minus reverse-only,30.0629150832054,20.8906943181597,39.1712534854276,percentage points,1979-2024,all valid,nested lag test; BH-FDR,as specified in source,1800.0,<PROJECT_ROOT>\CANONICAL_WGPE_TOP100_v2\03_SOURCE_DATA\REGISTERED_SOURCES\Figure2e_NET_ASYMMETRY_FINAL_SOURCE__ce9784774d.csv,ce9784774d2583fc1a925a8e6c40ff06a99b2755e6a6afd02291a06c590baf84,,precip_temporal,main_companion_descriptive,MAIN,FINAL_MAIN,30.0629150832054,Figure 2e line and CI same source
ARC_F2E_018,lag-3 net temporal asymmetry,lag-3 net temporal asymmetry | W-GPE | precipitation | forward-only minus reverse-only | -5 to 0 | absolute | top100,forward-only minus reverse-only,29.6046980852832,17.4357576350222,41.5477153085316,percentage points,1979-2024,all valid,nested lag test; BH-FDR,as specified in source,1800.0,<PROJECT_ROOT>\CANONICAL_WGPE_TOP100_v2\03_SOURCE_DATA\REGISTERED_SOURCES\Figure2e_NET_ASYMMETRY_FINAL_SOURCE__ce9784774d.csv,ce9784774d2583fc1a925a8e6c40ff06a99b2755e6a6afd02291a06c590baf84,,precip_temporal,main_companion_descriptive,MAIN,FINAL_MAIN,29.6046980852832,Figure 2e line and CI same source
ARC_F2E_019,lag-3 net temporal asymmetry,lag-3 net temporal asymmetry | W-GPE | precipitation | forward-only minus reverse-only | 0 to 5 | absolute | top100,forward-only minus reverse-only,24.3877371235059,13.4978349784074,35.390868123182,percentage points,1979-2024,all valid,nested lag test; BH-FDR,as specified in source,1800.0,<PROJECT_ROOT>\CANONICAL_WGPE_TOP100_v2\03_SOURCE_DATA\REGISTERED_SOURCES\Figure2e_NET_ASYMMETRY_FINAL_SOURCE__ce9784774d.csv,ce9784774d2583fc1a925a8e6c40ff06a99b2755e6a6afd02291a06c590baf84,,precip_temporal,main_companion_descriptive,MAIN,FINAL_MAIN,24.3877371235059,Figure 2e line and CI same source
ARC_F2E_020,lag-3 net temporal asymmetry,lag-3 net temporal asymmetry | W-GPE | precipitation | forward-only minus reverse-only | 5 to 10 | absolute | top100,forward-only minus reverse-only,24.1838652114259,16.5594957844371,32.3863191556784,percentage points,1979-2024,all valid,nested lag test; BH-FDR,as specified in source,1800.0,<PROJECT_ROOT>\CANONICAL_WGPE_TOP100_v2\03_SOURCE_DATA\REGISTERED_SOURCES\Figure2e_NET_ASYMMETRY_FINAL_SOURCE__ce9784774d.csv,ce9784774d2583fc1a925a8e6c40ff06a99b2755e6a6afd02291a06c590baf84,,precip_temporal,main_companion_descriptive,MAIN,FINAL_MAIN,24.1838652114259,Figure 2e line and CI same source
ARC_F2E_021,lag-3 net temporal asymmetry,lag-3 net temporal asymmetry | W-GPE | precipitation | forward-only minus reverse-only | 10 to 15 | absolute | top100,forward-only minus reverse-only,17.264433031309,6.86936693872227,28.7704574823288,percentage points,1979-2024,all valid,nested lag test; BH-FDR,as specified in source,1800.0,<PROJECT_ROOT>\CANONICAL_WGPE_TOP100_v2\03_SOURCE_DATA\REGISTERED_SOURCES\Figure2e_NET_ASYMMETRY_FINAL_SOURCE__ce9784774d.csv,ce9784774d2583fc1a925a8e6c40ff06a99b2755e6a6afd02291a06c590baf84,,precip_temporal,main_companion_descriptive,MAIN,FINAL_MAIN,17.264433031309,Figure 2e line and CI same source
ARC_F2E_022,lag-3 net temporal asymmetry,lag-3 net temporal asymmetry | W-GPE | precipitation | forward-only minus reverse-only | 15 to 20 | absolute | top100,forward-only minus reverse-only,15.8776544037269,6.42013055291667,25.3986008867095,percentage points,1979-2024,all valid,nested lag test; BH-FDR,as specified in source,1800.0,<PROJECT_ROOT>\CANONICAL_WGPE_TOP100_v2\03_SOURCE_DATA\REGISTERED_SOURCES\Figure2e_NET_ASYMMETRY_FINAL_SOURCE__ce9784774d.csv,ce9784774d2583fc1a925a8e6c40ff06a99b2755e6a6afd02291a06c590baf84,,precip_temporal,main_companion_descriptive,MAIN,FINAL_MAIN,15.8776544037269,Figure 2e line and CI same source
ARC_F2E_023,lag-3 net temporal asymmetry,lag-3 net temporal asymmetry | W-GPE | precipitation | forward-only minus reverse-only | 20 to 25 | absolute | top100,forward-only minus reverse-only,7.32089129958276,-0.360176605167602,15.4221912330468,percentage points,1979-2024,all valid,nested lag test; BH-FDR,as specified in source,1800.0,<PROJECT_ROOT>\CANONICAL_WGPE_TOP100_v2\03_SOURCE_DATA\REGISTERED_SOURCES\Figure2e_NET_ASYMMETRY_FINAL_SOURCE__ce9784774d.csv,ce9784774d2583fc1a925a8e6c40ff06a99b2755e6a6afd02291a06c590baf84,,precip_temporal,main_companion_descriptive,MAIN,FINAL_MAIN,7.32089129958276,Figure 2e line and CI same source
ARC_F2E_024,lag-3 net temporal asymmetry,lag-3 net temporal asymmetry | W-GPE | precipitation | forward-only minus reverse-only | 25 to 30 | absolute | top100,forward-only minus reverse-only,11.4005331534964,3.86909833265788,19.5708136868978,percentage points,1979-2024,all valid,nested lag test; BH-FDR,as specified in source,1800.0,<PROJECT_ROOT>\CANONICAL_WGPE_TOP100_v2\03_SOURCE_DATA\REGISTERED_SOURCES\Figure2e_NET_ASYMMETRY_FINAL_SOURCE__ce9784774d.csv,ce9784774d2583fc1a925a8e6c40ff06a99b2755e6a6afd02291a06c590baf84,,precip_temporal,main_companion_descriptive,MAIN,FINAL_MAIN,11.4005331534964,Figure 2e line and CI same source
ARC_F2E_025,lag-3 net temporal asymmetry,lag-3 net temporal asymmetry | W-GPE | precipitation | forward-only minus reverse-only | 30 to 35 | absolute | top100,forward-only minus reverse-only,7.12603402291682,2.90351626110461,11.7110268132917,percentage points,1979-2024,all valid,nested lag test; BH-FDR,as specified in source,1800.0,<PROJECT_ROOT>\CANONICAL_WGPE_TOP100_v2\03_SOURCE_DATA\REGISTERED_SOURCES\Figure2e_NET_ASYMMETRY_FINAL_SOURCE__ce9784774d.csv,ce9784774d2583fc1a925a8e6c40ff06a99b2755e6a6afd02291a06c590baf84,,precip_temporal,main_companion_descriptive,MAIN,FINAL_MAIN,7.12603402291682,Figure 2e line and CI same source
ARC_F2E_026,lag-3 net temporal asymmetry,lag-3 net temporal asymmetry | W-GPE | precipitation | forward-only minus reverse-only | 35 to 40 | absolute | top100,forward-only minus reverse-only,-0.48593719322613,-2.66522865477103,1.56035846571576,percentage points,1979-2024,all valid,nested lag test; BH-FDR,as specified in source,1800.0,<PROJECT_ROOT>\CANONICAL_WGPE_TOP100_v2\03_SOURCE_DATA\REGISTERED_SOURCES\Figure2e_NET_ASYMMETRY_FINAL_SOURCE__ce9784774d.csv,ce9784774d2583fc1a925a8e6c40ff06a99b2755e6a6afd02291a06c590baf84,,precip_temporal,main_companion_descriptive,MAIN,FINAL_MAIN,-0.48593719322613,Figure 2e line and CI same source
ARC_F2E_027,lag-3 net temporal asymmetry,lag-3 net temporal asymmetry | W-GPE | precipitation | forward-only minus reverse-only | 40 to 45 | absolute | top100,forward-only minus reverse-only,-0.859343092232719,-2.75541619323831,0.843417759724657,percentage points,1979-2024,all valid,nested lag test; BH-FDR,as specified in source,1800.0,<PROJECT_ROOT>\CANONICAL_WGPE_TOP100_v2\03_SOURCE_DATA\REGISTERED_SOURCES\Figure2e_NET_ASYMMETRY_FINAL_SOURCE__ce9784774d.csv,ce9784774d2583fc1a925a8e6c40ff06a99b2755e6a6afd02291a06c590baf84,,precip_temporal,main_companion_descriptive,MAIN,FINAL_MAIN,-0.859343092232719,Figure 2e line and CI same source
ARC_F2E_028,lag-3 net temporal asymmetry,lag-3 net temporal asymmetry | W-GPE | precipitation | forward-only minus reverse-only | 45 to 50 | absolute | top100,forward-only minus reverse-only,-0.809406610400693,-3.33617135940493,1.38153565328296,percentage points,1979-2024,all valid,nested lag test; BH-FDR,as specified in source,1800.0,<PROJECT_ROOT>\CANONICAL_WGPE_TOP100_v2\03_SOURCE_DATA\REGISTERED_SOURCES\Figure2e_NET_ASYMMETRY_FINAL_SOURCE__ce9784774d.csv,ce9784774d2583fc1a925a8e6c40ff06a99b2755e6a6afd02291a06c590baf84,,precip_temporal,main_companion_descriptive,MAIN,FINAL_MAIN,-0.809406610400693,Figure 2e line and CI same source
ARC_F2E_029,lag-3 net temporal asymmetry,lag-3 net temporal asymmetry | W-GPE | precipitation | forward-only minus reverse-only | 50 to 55 | absolute | top100,forward-only minus reverse-only,0.361837499055823,-2.25310461858418,3.15108263691357,percentage points,1979-2024,all valid,nested lag test; BH-FDR,as specified in source,1800.0,<PROJECT_ROOT>\CANONICAL_WGPE_TOP100_v2\03_SOURCE_DATA\REGISTERED_SOURCES\Figure2e_NET_ASYMMETRY_FINAL_SOURCE__ce9784774d.csv,ce9784774d2583fc1a925a8e6c40ff06a99b2755e6a6afd02291a06c590baf84,,precip_temporal,main_companion_descriptive,MAIN,FINAL_MAIN,0.361837499055823,Figure 2e line and CI same source
ARC_F2E_030,lag-3 net temporal asymmetry,lag-3 net temporal asymmetry | W-GPE | precipitation | forward-only minus reverse-only | 55 to 60 | absolute | top100,forward-only minus reverse-only,-0.822745812366342,-4.38070674502169,2.50521584362283,percentage points,1979-2024,all valid,nested lag test; BH-FDR,as specified in source,1800.0,<PROJECT_ROOT>\CANONICAL_WGPE_TOP100_v2\03_SOURCE_DATA\REGISTERED_SOURCES\Figure2e_NET_ASYMMETRY_FINAL_SOURCE__ce9784774d.csv,ce9784774d2583fc1a925a8e6c40ff06a99b2755e6a6afd02291a06c590baf84,,precip_temporal,main_companion_descriptive,MAIN,FINAL_MAIN,-0.822745812366342,Figure 2e line and CI same source
ARC_F2E_031,lag-3 net temporal asymmetry,lag-3 net temporal asymmetry | W-GPE | precipitation | forward-only minus reverse-only | 60 to 65 | absolute | top100,forward-only minus reverse-only,2.00126171292279,-1.00800495786175,4.92093257904424,percentage points,1979-2024,all valid,nested lag test; BH-FDR,as specified in source,1800.0,<PROJECT_ROOT>\CANONICAL_WGPE_TOP100_v2\03_SOURCE_DATA\REGISTERED_SOURCES\Figure2e_NET_ASYMMETRY_FINAL_SOURCE__ce9784774d.csv,ce9784774d2583fc1a925a8e6c40ff06a99b2755e6a6afd02291a06c590baf84,,precip_temporal,main_companion_descriptive,MAIN,FINAL_MAIN,2.00126171292279,Figure 2e line and CI same source
ARC_F2E_032,lag-3 net temporal asymmetry,lag-3 net temporal asymmetry | W-GPE | precipitation | forward-only minus reverse-only | 65 to 70 | absolute | top100,forward-only minus reverse-only,1.97712084187168,-2.31059444435206,6.17896487874669,percentage points,1979-2024,all valid,nested lag test; BH-FDR,as specified in source,1800.0,<PROJECT_ROOT>\CANONICAL_WGPE_TOP100_v2\03_SOURCE_DATA\REGISTERED_SOURCES\Figure2e_NET_ASYMMETRY_FINAL_SOURCE__ce9784774d.csv,ce9784774d2583fc1a925a8e6c40ff06a99b2755e6a6afd02291a06c590baf84,,precip_temporal,main_companion_descriptive,MAIN,FINAL_MAIN,1.97712084187168,Figure 2e line and CI same source
ARC_F2E_033,lag-3 net temporal asymmetry,lag-3 net temporal asymmetry | W-GPE | precipitation | forward-only minus reverse-only | 70 to 75 | absolute | top100,forward-only minus reverse-only,0.429773910825956,-4.79432616182846,4.81362233232142,percentage points,1979-2024,all valid,nested lag test; BH-FDR,as specified in source,1800.0,<PROJECT_ROOT>\CANONICAL_WGPE_TOP100_v2\03_SOURCE_DATA\REGISTERED_SOURCES\Figure2e_NET_ASYMMETRY_FINAL_SOURCE__ce9784774d.csv,ce9784774d2583fc1a925a8e6c40ff06a99b2755e6a6afd02291a06c590baf84,,precip_temporal,main_companion_descriptive,MAIN,FINAL_MAIN,0.429773910825956,Figure 2e line and CI same source
ARC_F2E_034,lag-3 net temporal asymmetry,lag-3 net temporal asymmetry | W-GPE | precipitation | forward-only minus reverse-only | 75 to 80 | absolute | top100,forward-only minus reverse-only,5.17396662925261,1.33785159994836,9.49082715106742,percentage points,1979-2024,all valid,nested lag test; BH-FDR,as specified in source,1800.0,<PROJECT_ROOT>\CANONICAL_WGPE_TOP100_v2\03_SOURCE_DATA\REGISTERED_SOURCES\Figure2e_NET_ASYMMETRY_FINAL_SOURCE__ce9784774d.csv,ce9784774d2583fc1a925a8e6c40ff06a99b2755e6a6afd02291a06c590baf84,,precip_temporal,main_companion_descriptive,MAIN,FINAL_MAIN,5.17396662925261,Figure 2e line and CI same source
ARC_F2E_035,lag-3 net temporal asymmetry,lag-3 net temporal asymmetry | W-GPE | precipitation | forward-only minus reverse-only | 80 to 85 | absolute | top100,forward-only minus reverse-only,2.85540349956046,-3.62564616073459,8.91750758998284,percentage points,1979-2024,all valid,nested lag test; BH-FDR,as specified in source,1800.0,<PROJECT_ROOT>\CANONICAL_WGPE_TOP100_v2\03_SOURCE_DATA\REGISTERED_SOURCES\Figure2e_NET_ASYMMETRY_FINAL_SOURCE__ce9784774d.csv,ce9784774d2583fc1a925a8e6c40ff06a99b2755e6a6afd02291a06c590baf84,,precip_temporal,main_companion_descriptive,MAIN,FINAL_MAIN,2.85540349956046,Figure 2e line and CI same source
ARC_F2E_036,lag-3 net temporal asymmetry,lag-3 net temporal asymmetry | W-GPE | precipitation | forward-only minus reverse-only | 85 to 90 | absolute | top100,forward-only minus reverse-only,0.0,0.0,0.0,percentage points,1979-2024,all valid,nested lag test; BH-FDR,as specified in source,2160.0,<PROJECT_ROOT>\CANONICAL_WGPE_TOP100_v2\03_SOURCE_DATA\REGISTERED_SOURCES\Figure2e_NET_ASYMMETRY_FINAL_SOURCE__ce9784774d.csv,ce9784774d2583fc1a925a8e6c40ff06a99b2755e6a6afd02291a06c590baf84,,precip_temporal,main_companion_descriptive,MAIN,FINAL_MAIN,0,Figure 2e line and CI same source
TOP100R000322,surface endpoint method comparison,surface endpoint method comparison |  |  | trend | Global | absolute | top100,trend,672.055360999501,,,J m-2 yr-1,1979-2024,all valid grid cells,P0_current_crossing,as specified in source,65160.0,<PROJECT_ROOT>\CANONICAL_WGPE_TOP100_v2\03_SOURCE_DATA\REGISTERED_SOURCES\SURFACE_METHOD_COMPARISON__cc2084cc83.csv,cc2084cc835cc6603ddf12a49396132f45fa0de7cb0c5a86ca00f9fcad5f7476,,surface_truncation,main_core,MAIN,FINAL_MAIN,672.055360999501,
TOP100R000323,surface endpoint method comparison,surface endpoint method comparison |  |  | trend | S high latitude | absolute | top100,trend,-6.03592502913372,,,J m-2 yr-1,1979-2024,all valid grid cells,P0_current_crossing,as specified in source,8640.0,<PROJECT_ROOT>\CANONICAL_WGPE_TOP100_v2\03_SOURCE_DATA\REGISTERED_SOURCES\SURFACE_METHOD_COMPARISON__cc2084cc83.csv,cc2084cc835cc6603ddf12a49396132f45fa0de7cb0c5a86ca00f9fcad5f7476,,surface_truncation,main_core,MAIN,FINAL_MAIN,-6.03592502913372,
TOP100R000324,surface endpoint method comparison,surface endpoint method comparison |  |  | trend | S temperate | absolute | top100,trend,292.432535613108,,,J m-2 yr-1,1979-2024,all valid grid cells,P0_current_crossing,as specified in source,15480.0,<PROJECT_ROOT>\CANONICAL_WGPE_TOP100_v2\03_SOURCE_DATA\REGISTERED_SOURCES\SURFACE_METHOD_COMPARISON__cc2084cc83.csv,cc2084cc835cc6603ddf12a49396132f45fa0de7cb0c5a86ca00f9fcad5f7476,,surface_truncation,main_core,MAIN,FINAL_MAIN,292.432535613108,
TOP100R000325,surface endpoint method comparison,surface endpoint method comparison |  |  | trend | Tropics | absolute | top100,trend,1035.19246435666,,,J m-2 yr-1,1979-2024,all valid grid cells,P0_current_crossing,as specified in source,16920.0,<PROJECT_ROOT>\CANONICAL_WGPE_TOP100_v2\03_SOURCE_DATA\REGISTERED_SOURCES\SURFACE_METHOD_COMPARISON__cc2084cc83.csv,cc2084cc835cc6603ddf12a49396132f45fa0de7cb0c5a86ca00f9fcad5f7476,,surface_truncation,main_core,MAIN,FINAL_MAIN,1035.19246435666,
TOP100R000326,surface endpoint method comparison,surface endpoint method comparison |  |  | trend | N temperate | absolute | top100,trend,651.336640001431,,,J m-2 yr-1,1979-2024,all valid grid cells,P0_current_crossing,as specified in source,15480.0,<PROJECT_ROOT>\CANONICAL_WGPE_TOP100_v2\03_SOURCE_DATA\REGISTERED_SOURCES\SURFACE_METHOD_COMPARISON__cc2084cc83.csv,cc2084cc835cc6603ddf12a49396132f45fa0de7cb0c5a86ca00f9fcad5f7476,,surface_truncation,main_core,MAIN,FINAL_MAIN,651.336640001431,
TOP100R000327,surface endpoint method comparison,surface endpoint method comparison |  |  | trend | N high latitude | absolute | top100,trend,359.82211764748,,,J m-2 yr-1,1979-2024,all valid grid cells,P0_current_crossing,as specified in source,8640.0,<PROJECT_ROOT>\CANONICAL_WGPE_TOP100_v2\03_SOURCE_DATA\REGISTERED_SOURCES\SURFACE_METHOD_COMPARISON__cc2084cc83.csv,cc2084cc835cc6603ddf12a49396132f45fa0de7cb0c5a86ca00f9fcad5f7476,,surface_truncation,main_core,MAIN,FINAL_MAIN,359.82211764748,
TOP100R001347,temporal precedence effect size,temporal precedence effect size | W-GPE | precipitation | lag1:partial_R2 | Global | absolute | top100,lag1:partial_R2,0.0031106812341523,0.0028608038833357,0.0033880133179786,delta R2,,all valid grid cells,nested lag model and blocked cross-validation,as specified in source,65160.0,<PROJECT_ROOT>\CANONICAL_WGPE_TOP100_v2\03_SOURCE_DATA\REGISTERED_SOURCES\PRECIP_TEMPORAL_EFFECT_SIZE_SUMMARY_TOP100__e5c173f619.csv,e5c173f6190debd1816a947ed43e748ecae2be267dafc0dda35379d91f464c23,,temporal_precedence,extended_data,MAIN,FINAL_MAIN,0.0031106812341523,
TOP100R001348,temporal precedence effect size,temporal precedence effect size | W-GPE | precipitation | lag1:delta_cv_R2 | Global | absolute | top100,lag1:delta_cv_R2,-0.001381639069055,-0.0016440718215033,-0.0011161100529122,delta R2,,all valid grid cells,nested lag model and blocked cross-validation,as specified in source,65160.0,<PROJECT_ROOT>\CANONICAL_WGPE_TOP100_v2\03_SOURCE_DATA\REGISTERED_SOURCES\PRECIP_TEMPORAL_EFFECT_SIZE_SUMMARY_TOP100__e5c173f619.csv,e5c173f6190debd1816a947ed43e748ecae2be267dafc0dda35379d91f464c23,,temporal_precedence,extended_data,MAIN,FINAL_MAIN,-0.001381639069055,
TOP100R001349,temporal precedence effect size,temporal precedence effect size | W-GPE | precipitation | lag1:delta_RMSE_improvement | Global | absolute | top100,lag1:delta_RMSE_improvement,-0.0006930336414763,-0.0008269747407007,-0.0005588507865603,RMSE,,all valid grid cells,nested lag model and blocked cross-validation,as specified in source,65160.0,<PROJECT_ROOT>\CANONICAL_WGPE_TOP100_v2\03_SOURCE_DATA\REGISTERED_SOURCES\PRECIP_TEMPORAL_EFFECT_SIZE_SUMMARY_TOP100__e5c173f619.csv,e5c173f6190debd1816a947ed43e748ecae2be267dafc0dda35379d91f464c23,,temporal_precedence,extended_data,MAIN,FINAL_MAIN,-0.0006930336414763,
TOP100R001350,temporal precedence effect size,temporal precedence effect size | W-GPE | precipitation | lag1:partial_R2 | S high latitude | absolute | top100,lag1:partial_R2,0.0034834353523077,0.0028128137547274,0.0042423444068124,delta R2,,all valid grid cells,nested lag model and blocked cross-validation,as specified in source,8640.0,<PROJECT_ROOT>\CANONICAL_WGPE_TOP100_v2\03_SOURCE_DATA\REGISTERED_SOURCES\PRECIP_TEMPORAL_EFFECT_SIZE_SUMMARY_TOP100__e5c173f619.csv,e5c173f6190debd1816a947ed43e748ecae2be267dafc0dda35379d91f464c23,,temporal_precedence,extended_data,MAIN,FINAL_MAIN,0.0034834353523077,
TOP100R001351,temporal precedence effect size,temporal precedence effect size | W-GPE | precipitation | lag1:delta_cv_R2 | S high latitude | absolute | top100,lag1:delta_cv_R2,-0.0003495311648844,-0.0011117410124252,0.0004434216921382,delta R2,,all valid grid cells,nested lag model and blocked cross-validation,as specified in source,8640.0,<PROJECT_ROOT>\CANONICAL_WGPE_TOP100_v2\03_SOURCE_DATA\REGISTERED_SOURCES\PRECIP_TEMPORAL_EFFECT_SIZE_SUMMARY_TOP100__e5c173f619.csv,e5c173f6190debd1816a947ed43e748ecae2be267dafc0dda35379d91f464c23,,temporal_precedence,extended_data,MAIN,FINAL_MAIN,-0.0003495311648844,
TOP100R001352,temporal precedence effect size,temporal precedence effect size | W-GPE | precipitation | lag1:delta_RMSE_improvement | S high latitude | absolute | top100,lag1:delta_RMSE_improvement,-0.0001707044134917,-0.0005510183034832,0.0002247162253924,RMSE,,all valid grid cells,nested lag model and blocked cross-validation,as specified in source,8640.0,<PROJECT_ROOT>\CANONICAL_WGPE_TOP100_v2\03_SOURCE_DATA\REGISTERED_SOURCES\PRECIP_TEMPORAL_EFFECT_SIZE_SUMMARY_TOP100__e5c173f619.csv,e5c173f6190debd1816a947ed43e748ecae2be267dafc0dda35379d91f464c23,,temporal_precedence,extended_data,MAIN,FINAL_MAIN,-0.0001707044134917,
TOP100R001353,temporal precedence effect size,temporal precedence effect size | W-GPE | precipitation | lag1:partial_R2 | S temperate | absolute | top100,lag1:partial_R2,0.0025051469585294,0.0022430388399311,0.0028122353380004,delta R2,,all valid grid cells,nested lag model and blocked cross-validation,as specified in source,15480.0,<PROJECT_ROOT>\CANONICAL_WGPE_TOP100_v2\03_SOURCE_DATA\REGISTERED_SOURCES\PRECIP_TEMPORAL_EFFECT_SIZE_SUMMARY_TOP100__e5c173f619.csv,e5c173f6190debd1816a947ed43e748ecae2be267dafc0dda35379d91f464c23,,temporal_precedence,extended_data,MAIN,FINAL_MAIN,0.0025051469585294,
TOP100R001354,temporal precedence effect size,temporal precedence effect size | W-GPE | precipitation | lag1:delta_cv_R2 | S temperate | absolute | top100,lag1:delta_cv_R2,-0.0018295770226932,-0.0021873941140148,-0.0014344998561991,delta R2,,all valid grid cells,nested lag model and blocked cross-validation,as specified in source,15480.0,<PROJECT_ROOT>\CANONICAL_WGPE_TOP100_v2\03_SOURCE_DATA\REGISTERED_SOURCES\PRECIP_TEMPORAL_EFFECT_SIZE_SUMMARY_TOP100__e5c173f619.csv,e5c173f6190debd1816a947ed43e748ecae2be267dafc0dda35379d91f464c23,,temporal_precedence,extended_data,MAIN,FINAL_MAIN,-0.0018295770226932,
TOP100R001355,temporal precedence effect size,temporal precedence effect size | W-GPE | precipitation | lag1:delta_RMSE_improvement | S temperate | absolute | top100,lag1:delta_RMSE_improvement,-0.0009092343459324,-0.0010886056197861,-0.0007130473553998,RMSE,,all valid grid cells,nested lag model and blocked cross-validation,as specified in source,15480.0,<PROJECT_ROOT>\CANONICAL_WGPE_TOP100_v2\03_SOURCE_DATA\REGISTERED_SOURCES\PRECIP_TEMPORAL_EFFECT_SIZE_SUMMARY_TOP100__e5c173f619.csv,e5c173f6190debd1816a947ed43e748ecae2be267dafc0dda35379d91f464c23,,temporal_precedence,extended_data,MAIN,FINAL_MAIN,-0.0009092343459324,
TOP100R001356,temporal precedence effect size,temporal precedence effect size | W-GPE | precipitation | lag1:partial_R2 | Tropics | absolute | top100,lag1:partial_R2,0.0039999628154921,0.0034254772239124,0.0046190387032139,delta R2,,all valid grid cells,nested lag model and blocked cross-validation,as specified in source,16920.0,<PROJECT_ROOT>\CANONICAL_WGPE_TOP100_v2\03_SOURCE_DATA\REGISTERED_SOURCES\PRECIP_TEMPORAL_EFFECT_SIZE_SUMMARY_TOP100__e5c173f619.csv,e5c173f6190debd1816a947ed43e748ecae2be267dafc0dda35379d91f464c23,,temporal_precedence,extended_data,MAIN,FINAL_MAIN,0.0039999628154921,
TOP100R001357,temporal precedence effect size,temporal precedence effect size | W-GPE | precipitation | lag1:delta_cv_R2 | Tropics | absolute | top100,lag1:delta_cv_R2,-0.0006288392469974,-0.0011286454015446,-7.73925761193013e-05,delta R2,,all valid grid cells,nested lag model and blocked cross-validation,as specified in source,16920.0,<PROJECT_ROOT>\CANONICAL_WGPE_TOP100_v2\03_SOURCE_DATA\REGISTERED_SOURCES\PRECIP_TEMPORAL_EFFECT_SIZE_SUMMARY_TOP100__e5c173f619.csv,e5c173f6190debd1816a947ed43e748ecae2be267dafc0dda35379d91f464c23,,temporal_precedence,extended_data,MAIN,FINAL_MAIN,-0.0006288392469974,
TOP100R001358,temporal precedence effect size,temporal precedence effect size | W-GPE | precipitation | lag1:delta_RMSE_improvement | Tropics | absolute | top100,lag1:delta_RMSE_improvement,-0.0003284471432682,-0.0005859593389172,-4.74229684422127e-05,RMSE,,all valid grid cells,nested lag model and blocked cross-validation,as specified in source,16920.0,<PROJECT_ROOT>\CANONICAL_WGPE_TOP100_v2\03_SOURCE_DATA\REGISTERED_SOURCES\PRECIP_TEMPORAL_EFFECT_SIZE_SUMMARY_TOP100__e5c173f619.csv,e5c173f6190debd1816a947ed43e748ecae2be267dafc0dda35379d91f464c23,,temporal_precedence,extended_data,MAIN,FINAL_MAIN,-0.0003284471432682,
TOP100R001359,temporal precedence effect size,temporal precedence effect size | W-GPE | precipitation | lag1:partial_R2 | N temperate | absolute | top100,lag1:partial_R2,0.002360039854801,0.0021525679567259,0.0025584886856139,delta R2,,all valid grid cells,nested lag model and blocked cross-validation,as specified in source,15480.0,<PROJECT_ROOT>\CANONICAL_WGPE_TOP100_v2\03_SOURCE_DATA\REGISTERED_SOURCES\PRECIP_TEMPORAL_EFFECT_SIZE_SUMMARY_TOP100__e5c173f619.csv,e5c173f6190debd1816a947ed43e748ecae2be267dafc0dda35379d91f464c23,,temporal_precedence,extended_data,MAIN,FINAL_MAIN,0.002360039854801,
TOP100R001360,temporal precedence effect size,temporal precedence effect size | W-GPE | precipitation | lag1:delta_cv_R2 | N temperate | absolute | top100,lag1:delta_cv_R2,-0.0019680935517358,-0.002230767155656,-0.0017367038387325,delta R2,,all valid grid cells,nested lag model and blocked cross-validation,as specified in source,15480.0,<PROJECT_ROOT>\CANONICAL_WGPE_TOP100_v2\03_SOURCE_DATA\REGISTERED_SOURCES\PRECIP_TEMPORAL_EFFECT_SIZE_SUMMARY_TOP100__e5c173f619.csv,e5c173f6190debd1816a947ed43e748ecae2be267dafc0dda35379d91f464c23,,temporal_precedence,extended_data,MAIN,FINAL_MAIN,-0.0019680935517358,
TOP100R001361,temporal precedence effect size,temporal precedence effect size | W-GPE | precipitation | lag1:delta_RMSE_improvement | N temperate | absolute | top100,lag1:delta_RMSE_improvement,-0.0009780729135895,-0.0011089650460454,-0.0008627513187229,RMSE,,all valid grid cells,nested lag model and blocked cross-validation,as specified in source,15480.0,<PROJECT_ROOT>\CANONICAL_WGPE_TOP100_v2\03_SOURCE_DATA\REGISTERED_SOURCES\PRECIP_TEMPORAL_EFFECT_SIZE_SUMMARY_TOP100__e5c173f619.csv,e5c173f6190debd1816a947ed43e748ecae2be267dafc0dda35379d91f464c23,,temporal_precedence,extended_data,MAIN,FINAL_MAIN,-0.0009780729135895,
TOP100R001362,temporal precedence effect size,temporal precedence effect size | W-GPE | precipitation | lag1:partial_R2 | N high latitude | absolute | top100,lag1:partial_R2,0.0026621792535137,0.0023048844176493,0.0030522701469663,delta R2,,all valid grid cells,nested lag model and blocked cross-validation,as specified in source,8640.0,<PROJECT_ROOT>\CANONICAL_WGPE_TOP100_v2\03_SOURCE_DATA\REGISTERED_SOURCES\PRECIP_TEMPORAL_EFFECT_SIZE_SUMMARY_TOP100__e5c173f619.csv,e5c173f6190debd1816a947ed43e748ecae2be267dafc0dda35379d91f464c23,,temporal_precedence,extended_data,MAIN,FINAL_MAIN,0.0026621792535137,
TOP100R001363,temporal precedence effect size,temporal precedence effect size | W-GPE | precipitation | lag1:delta_cv_R2 | N high latitude | absolute | top100,lag1:delta_cv_R2,-0.0031883916111891,-0.0036520002051692,-0.0027007547655382,delta R2,,all valid grid cells,nested lag model and blocked cross-validation,as specified in source,8640.0,<PROJECT_ROOT>\CANONICAL_WGPE_TOP100_v2\03_SOURCE_DATA\REGISTERED_SOURCES\PRECIP_TEMPORAL_EFFECT_SIZE_SUMMARY_TOP100__e5c173f619.csv,e5c173f6190debd1816a947ed43e748ecae2be267dafc0dda35379d91f464c23,,temporal_precedence,extended_data,MAIN,FINAL_MAIN,-0.0031883916111891,
TOP100R001364,temporal precedence effect size,temporal precedence effect size | W-GPE | precipitation | lag1:delta_RMSE_improvement | N high latitude | absolute | top100,lag1:delta_RMSE_improvement,-0.0015888027585273,-0.0018202513392972,-0.0013455885759505,RMSE,,all valid grid cells,nested lag model and blocked cross-validation,as specified in source,8640.0,<PROJECT_ROOT>\CANONICAL_WGPE_TOP100_v2\03_SOURCE_DATA\REGISTERED_SOURCES\PRECIP_TEMPORAL_EFFECT_SIZE_SUMMARY_TOP100__e5c173f619.csv,e5c173f6190debd1816a947ed43e748ecae2be267dafc0dda35379d91f464c23,,temporal_precedence,extended_data,MAIN,FINAL_MAIN,-0.0015888027585273,
TOP100R001365,temporal precedence effect size,temporal precedence effect size | W-GPE | precipitation | lag2:partial_R2 | Global | absolute | top100,lag2:partial_R2,0.0051698032595891,0.004885309733042,0.0054695212964095,delta R2,,all valid grid cells,nested lag model and blocked cross-validation,as specified in source,65160.0,<PROJECT_ROOT>\CANONICAL_WGPE_TOP100_v2\03_SOURCE_DATA\REGISTERED_SOURCES\PRECIP_TEMPORAL_EFFECT_SIZE_SUMMARY_TOP100__e5c173f619.csv,e5c173f6190debd1816a947ed43e748ecae2be267dafc0dda35379d91f464c23,,temporal_precedence,extended_data,MAIN,FINAL_MAIN,0.0051698032595891,
TOP100R001366,temporal precedence effect size,temporal precedence effect size | W-GPE | precipitation | lag2:delta_cv_R2 | Global | absolute | top100,lag2:delta_cv_R2,-0.0034740449148997,-0.0037921689975997,-0.0031855973108753,delta R2,,all valid grid cells,nested lag model and blocked cross-validation,as specified in source,65160.0,<PROJECT_ROOT>\CANONICAL_WGPE_TOP100_v2\03_SOURCE_DATA\REGISTERED_SOURCES\PRECIP_TEMPORAL_EFFECT_SIZE_SUMMARY_TOP100__e5c173f619.csv,e5c173f6190debd1816a947ed43e748ecae2be267dafc0dda35379d91f464c23,,temporal_precedence,extended_data,MAIN,FINAL_MAIN,-0.0034740449148997,
TOP100R001367,temporal precedence effect size,temporal precedence effect size | W-GPE | precipitation | lag2:delta_RMSE_improvement | Global | absolute | top100,lag2:delta_RMSE_improvement,-0.001738649427583,-0.0018991613160989,-0.0015898098503269,RMSE,,all valid grid cells,nested lag model and blocked cross-validation,as specified in source,65160.0,<PROJECT_ROOT>\CANONICAL_WGPE_TOP100_v2\03_SOURCE_DATA\REGISTERED_SOURCES\PRECIP_TEMPORAL_EFFECT_SIZE_SUMMARY_TOP100__e5c173f619.csv,e5c173f6190debd1816a947ed43e748ecae2be267dafc0dda35379d91f464c23,,temporal_precedence,extended_data,MAIN,FINAL_MAIN,-0.001738649427583,
TOP100R001368,temporal precedence effect size,temporal precedence effect size | W-GPE | precipitation | lag2:partial_R2 | S high latitude | absolute | top100,lag2:partial_R2,0.0050826840762714,0.004407236911039,0.0058349378672368,delta R2,,all valid grid cells,nested lag model and blocked cross-validation,as specified in source,8640.0,<PROJECT_ROOT>\CANONICAL_WGPE_TOP100_v2\03_SOURCE_DATA\REGISTERED_SOURCES\PRECIP_TEMPORAL_EFFECT_SIZE_SUMMARY_TOP100__e5c173f619.csv,e5c173f6190debd1816a947ed43e748ecae2be267dafc0dda35379d91f464c23,,temporal_precedence,extended_data,MAIN,FINAL_MAIN,0.0050826840762714,
TOP100R001369,temporal precedence effect size,temporal precedence effect size | W-GPE | precipitation | lag2:delta_cv_R2 | S high latitude | absolute | top100,lag2:delta_cv_R2,-0.0032895945306537,-0.0041916871872234,-0.0022964233344171,delta R2,,all valid grid cells,nested lag model and blocked cross-validation,as specified in source,8640.0,<PROJECT_ROOT>\CANONICAL_WGPE_TOP100_v2\03_SOURCE_DATA\REGISTERED_SOURCES\PRECIP_TEMPORAL_EFFECT_SIZE_SUMMARY_TOP100__e5c173f619.csv,e5c173f6190debd1816a947ed43e748ecae2be267dafc0dda35379d91f464c23,,temporal_precedence,extended_data,MAIN,FINAL_MAIN,-0.0032895945306537,
TOP100R001370,temporal precedence effect size,temporal precedence effect size | W-GPE | precipitation | lag2:delta_RMSE_improvement | S high latitude | absolute | top100,lag2:delta_RMSE_improvement,-0.0016313783791022,-0.0020805038697349,-0.001137262861238,RMSE,,all valid grid cells,nested lag model and blocked cross-validation,as specified in source,8640.0,<PROJECT_ROOT>\CANONICAL_WGPE_TOP100_v2\03_SOURCE_DATA\REGISTERED_SOURCES\PRECIP_TEMPORAL_EFFECT_SIZE_SUMMARY_TOP100__e5c173f619.csv,e5c173f6190debd1816a947ed43e748ecae2be267dafc0dda35379d91f464c23,,temporal_precedence,extended_data,MAIN,FINAL_MAIN,-0.0016313783791022,
TOP100R001371,temporal precedence effect size,temporal precedence effect size | W-GPE | precipitation | lag2:partial_R2 | S temperate | absolute | top100,lag2:partial_R2,0.0045749685710704,0.0042523152391009,0.0049220218575136,delta R2,,all valid grid cells,nested lag model and blocked cross-validation,as specified in source,15480.0,<PROJECT_ROOT>\CANONICAL_WGPE_TOP100_v2\03_SOURCE_DATA\REGISTERED_SOURCES\PRECIP_TEMPORAL_EFFECT_SIZE_SUMMARY_TOP100__e5c173f619.csv,e5c173f6190debd1816a947ed43e748ecae2be267dafc0dda35379d91f464c23,,temporal_precedence,extended_data,MAIN,FINAL_MAIN,0.0045749685710704,
TOP100R001372,temporal precedence effect size,temporal precedence effect size | W-GPE | precipitation | lag2:delta_cv_R2 | S temperate | absolute | top100,lag2:delta_cv_R2,-0.0039480874899456,-0.004362940730735,-0.0034893249986944,delta R2,,all valid grid cells,nested lag model and blocked cross-validation,as specified in source,15480.0,<PROJECT_ROOT>\CANONICAL_WGPE_TOP100_v2\03_SOURCE_DATA\REGISTERED_SOURCES\PRECIP_TEMPORAL_EFFECT_SIZE_SUMMARY_TOP100__e5c173f619.csv,e5c173f6190debd1816a947ed43e748ecae2be267dafc0dda35379d91f464c23,,temporal_precedence,extended_data,MAIN,FINAL_MAIN,-0.0039480874899456,
TOP100R001373,temporal precedence effect size,temporal precedence effect size | W-GPE | precipitation | lag2:delta_RMSE_improvement | S temperate | absolute | top100,lag2:delta_RMSE_improvement,-0.0019601554848743,-0.0021668004916854,-0.0017315845377782,RMSE,,all valid grid cells,nested lag model and blocked cross-validation,as specified in source,15480.0,<PROJECT_ROOT>\CANONICAL_WGPE_TOP100_v2\03_SOURCE_DATA\REGISTERED_SOURCES\PRECIP_TEMPORAL_EFFECT_SIZE_SUMMARY_TOP100__e5c173f619.csv,e5c173f6190debd1816a947ed43e748ecae2be267dafc0dda35379d91f464c23,,temporal_precedence,extended_data,MAIN,FINAL_MAIN,-0.0019601554848743,
TOP100R001374,temporal precedence effect size,temporal precedence effect size | W-GPE | precipitation | lag2:partial_R2 | Tropics | absolute | top100,lag2:partial_R2,0.0061544074082671,0.0055494986232686,0.0068793664036308,delta R2,,all valid grid cells,nested lag model and blocked cross-validation,as specified in source,16920.0,<PROJECT_ROOT>\CANONICAL_WGPE_TOP100_v2\03_SOURCE_DATA\REGISTERED_SOURCES\PRECIP_TEMPORAL_EFFECT_SIZE_SUMMARY_TOP100__e5c173f619.csv,e5c173f6190debd1816a947ed43e748ecae2be267dafc0dda35379d91f464c23,,temporal_precedence,extended_data,MAIN,FINAL_MAIN,0.0061544074082671,
TOP100R001375,temporal precedence effect size,temporal precedence effect size | W-GPE | precipitation | lag2:delta_cv_R2 | Tropics | absolute | top100,lag2:delta_cv_R2,-0.0024732083584701,-0.003039562286679,-0.001838113022403,delta R2,,all valid grid cells,nested lag model and blocked cross-validation,as specified in source,16920.0,<PROJECT_ROOT>\CANONICAL_WGPE_TOP100_v2\03_SOURCE_DATA\REGISTERED_SOURCES\PRECIP_TEMPORAL_EFFECT_SIZE_SUMMARY_TOP100__e5c173f619.csv,e5c173f6190debd1816a947ed43e748ecae2be267dafc0dda35379d91f464c23,,temporal_precedence,extended_data,MAIN,FINAL_MAIN,-0.0024732083584701,
TOP100R001376,temporal precedence effect size,temporal precedence effect size | W-GPE | precipitation | lag2:delta_RMSE_improvement | Tropics | absolute | top100,lag2:delta_RMSE_improvement,-0.0012624821012575,-0.0015636079746125,-0.0009317606544424,RMSE,,all valid grid cells,nested lag model and blocked cross-validation,as specified in source,16920.0,<PROJECT_ROOT>\CANONICAL_WGPE_TOP100_v2\03_SOURCE_DATA\REGISTERED_SOURCES\PRECIP_TEMPORAL_EFFECT_SIZE_SUMMARY_TOP100__e5c173f619.csv,e5c173f6190debd1816a947ed43e748ecae2be267dafc0dda35379d91f464c23,,temporal_precedence,extended_data,MAIN,FINAL_MAIN,-0.0012624821012575,
TOP100R001377,temporal precedence effect size,temporal precedence effect size | W-GPE | precipitation | lag2:partial_R2 | N temperate | absolute | top100,lag2:partial_R2,0.004264622855768,0.0039912074961932,0.0045094749264453,delta R2,,all valid grid cells,nested lag model and blocked cross-validation,as specified in source,15480.0,<PROJECT_ROOT>\CANONICAL_WGPE_TOP100_v2\03_SOURCE_DATA\REGISTERED_SOURCES\PRECIP_TEMPORAL_EFFECT_SIZE_SUMMARY_TOP100__e5c173f619.csv,e5c173f6190debd1816a947ed43e748ecae2be267dafc0dda35379d91f464c23,,temporal_precedence,extended_data,MAIN,FINAL_MAIN,0.004264622855768,
TOP100R001378,temporal precedence effect size,temporal precedence effect size | W-GPE | precipitation | lag2:delta_cv_R2 | N temperate | absolute | top100,lag2:delta_cv_R2,-0.0042934233682358,-0.0046312365586013,-0.0039521634432125,delta R2,,all valid grid cells,nested lag model and blocked cross-validation,as specified in source,15480.0,<PROJECT_ROOT>\CANONICAL_WGPE_TOP100_v2\03_SOURCE_DATA\REGISTERED_SOURCES\PRECIP_TEMPORAL_EFFECT_SIZE_SUMMARY_TOP100__e5c173f619.csv,e5c173f6190debd1816a947ed43e748ecae2be267dafc0dda35379d91f464c23,,temporal_precedence,extended_data,MAIN,FINAL_MAIN,-0.0042934233682358,
TOP100R001379,temporal precedence effect size,temporal precedence effect size | W-GPE | precipitation | lag2:delta_RMSE_improvement | N temperate | absolute | top100,lag2:delta_RMSE_improvement,-0.0021312225595008,-0.002299323321631,-0.0019613726090909,RMSE,,all valid grid cells,nested lag model and blocked cross-validation,as specified in source,15480.0,<PROJECT_ROOT>\CANONICAL_WGPE_TOP100_v2\03_SOURCE_DATA\REGISTERED_SOURCES\PRECIP_TEMPORAL_EFFECT_SIZE_SUMMARY_TOP100__e5c173f619.csv,e5c173f6190debd1816a947ed43e748ecae2be267dafc0dda35379d91f464c23,,temporal_precedence,extended_data,MAIN,FINAL_MAIN,-0.0021312225595008,
TOP100R001380,temporal precedence effect size,temporal precedence effect size | W-GPE | precipitation | lag2:partial_R2 | N high latitude | absolute | top100,lag2:partial_R2,0.0051634909392876,0.0047152898625709,0.0056712950449411,delta R2,,all valid grid cells,nested lag model and blocked cross-validation,as specified in source,8640.0,<PROJECT_ROOT>\CANONICAL_WGPE_TOP100_v2\03_SOURCE_DATA\REGISTERED_SOURCES\PRECIP_TEMPORAL_EFFECT_SIZE_SUMMARY_TOP100__e5c173f619.csv,e5c173f6190debd1816a947ed43e748ecae2be267dafc0dda35379d91f464c23,,temporal_precedence,extended_data,MAIN,FINAL_MAIN,0.0051634909392876,
TOP100R001381,temporal precedence effect size,temporal precedence effect size | W-GPE | precipitation | lag2:delta_cv_R2 | N high latitude | absolute | top100,lag2:delta_cv_R2,-0.0051997267478728,-0.0057948485790205,-0.0046015709842904,delta R2,,all valid grid cells,nested lag model and blocked cross-validation,as specified in source,8640.0,<PROJECT_ROOT>\CANONICAL_WGPE_TOP100_v2\03_SOURCE_DATA\REGISTERED_SOURCES\PRECIP_TEMPORAL_EFFECT_SIZE_SUMMARY_TOP100__e5c173f619.csv,e5c173f6190debd1816a947ed43e748ecae2be267dafc0dda35379d91f464c23,,temporal_precedence,extended_data,MAIN,FINAL_MAIN,-0.0051997267478728,
TOP100R001382,temporal precedence effect size,temporal precedence effect size | W-GPE | precipitation | lag2:delta_RMSE_improvement | N high latitude | absolute | top100,lag2:delta_RMSE_improvement,-0.0025872616528677,-0.0028846294362729,-0.0022907398085954,RMSE,,all valid grid cells,nested lag model and blocked cross-validation,as specified in source,8640.0,<PROJECT_ROOT>\CANONICAL_WGPE_TOP100_v2\03_SOURCE_DATA\REGISTERED_SOURCES\PRECIP_TEMPORAL_EFFECT_SIZE_SUMMARY_TOP100__e5c173f619.csv,e5c173f6190debd1816a947ed43e748ecae2be267dafc0dda35379d91f464c23,,temporal_precedence,extended_data,MAIN,FINAL_MAIN,-0.0025872616528677,
TOP100R001383,temporal precedence effect size,temporal precedence effect size | W-GPE | precipitation | lag3:partial_R2 | Global | absolute | top100,lag3:partial_R2,0.007411034925282,0.0070609545410575,0.0077893180027836,delta R2,,all valid grid cells,nested lag model and blocked cross-validation,as specified in source,65160.0,<PROJECT_ROOT>\CANONICAL_WGPE_TOP100_v2\03_SOURCE_DATA\REGISTERED_SOURCES\PRECIP_TEMPORAL_EFFECT_SIZE_SUMMARY_TOP100__e5c173f619.csv,e5c173f6190debd1816a947ed43e748ecae2be267dafc0dda35379d91f464c23,,temporal_precedence,main_companion_descriptive,MAIN,FINAL_MAIN,0.007411034925282,
TOP100R001384,temporal precedence effect size,temporal precedence effect size | W-GPE | precipitation | lag3:delta_cv_R2 | Global | absolute | top100,lag3:delta_cv_R2,-0.0054117995748597,-0.0057732744316257,-0.0050350800355858,delta R2,,all valid grid cells,nested lag model and blocked cross-validation,as specified in source,65160.0,<PROJECT_ROOT>\CANONICAL_WGPE_TOP100_v2\03_SOURCE_DATA\REGISTERED_SOURCES\PRECIP_TEMPORAL_EFFECT_SIZE_SUMMARY_TOP100__e5c173f619.csv,e5c173f6190debd1816a947ed43e748ecae2be267dafc0dda35379d91f464c23,,temporal_precedence,main_companion_descriptive,MAIN,FINAL_MAIN,-0.0054117995748597,
TOP100R001385,temporal precedence effect size,temporal precedence effect size | W-GPE | precipitation | lag3:delta_RMSE_improvement | Global | absolute | top100,lag3:delta_RMSE_improvement,-0.0027008467319752,-0.0028863352391331,-0.0025090496814144,RMSE,,all valid grid cells,nested lag model and blocked cross-validation,as specified in source,65160.0,<PROJECT_ROOT>\CANONICAL_WGPE_TOP100_v2\03_SOURCE_DATA\REGISTERED_SOURCES\PRECIP_TEMPORAL_EFFECT_SIZE_SUMMARY_TOP100__e5c173f619.csv,e5c173f6190debd1816a947ed43e748ecae2be267dafc0dda35379d91f464c23,,temporal_precedence,main_companion_descriptive,MAIN,FINAL_MAIN,-0.0027008467319752,
TOP100R001386,temporal precedence effect size,temporal precedence effect size | W-GPE | precipitation | lag3:partial_R2 | S high latitude | absolute | top100,lag3:partial_R2,0.0076917006499599,0.0068953263714067,0.0086538320694108,delta R2,,all valid grid cells,nested lag model and blocked cross-validation,as specified in source,8640.0,<PROJECT_ROOT>\CANONICAL_WGPE_TOP100_v2\03_SOURCE_DATA\REGISTERED_SOURCES\PRECIP_TEMPORAL_EFFECT_SIZE_SUMMARY_TOP100__e5c173f619.csv,e5c173f6190debd1816a947ed43e748ecae2be267dafc0dda35379d91f464c23,,temporal_precedence,main_companion_descriptive,MAIN,FINAL_MAIN,0.0076917006499599,
TOP100R001387,temporal precedence effect size,temporal precedence effect size | W-GPE | precipitation | lag3:delta_cv_R2 | S high latitude | absolute | top100,lag3:delta_cv_R2,-0.0048112395412543,-0.0058210473668687,-0.0036760404755664,delta R2,,all valid grid cells,nested lag model and blocked cross-validation,as specified in source,8640.0,<PROJECT_ROOT>\CANONICAL_WGPE_TOP100_v2\03_SOURCE_DATA\REGISTERED_SOURCES\PRECIP_TEMPORAL_EFFECT_SIZE_SUMMARY_TOP100__e5c173f619.csv,e5c173f6190debd1816a947ed43e748ecae2be267dafc0dda35379d91f464c23,,temporal_precedence,main_companion_descriptive,MAIN,FINAL_MAIN,-0.0048112395412543,
TOP100R001388,temporal precedence effect size,temporal precedence effect size | W-GPE | precipitation | lag3:delta_RMSE_improvement | S high latitude | absolute | top100,lag3:delta_RMSE_improvement,-0.0023873216173315,-0.0028905704555926,-0.0018220600034699,RMSE,,all valid grid cells,nested lag model and blocked cross-validation,as specified in source,8640.0,<PROJECT_ROOT>\CANONICAL_WGPE_TOP100_v2\03_SOURCE_DATA\REGISTERED_SOURCES\PRECIP_TEMPORAL_EFFECT_SIZE_SUMMARY_TOP100__e5c173f619.csv,e5c173f6190debd1816a947ed43e748ecae2be267dafc0dda35379d91f464c23,,temporal_precedence,main_companion_descriptive,MAIN,FINAL_MAIN,-0.0023873216173315,
TOP100R001389,temporal precedence effect size,temporal precedence effect size | W-GPE | precipitation | lag3:partial_R2 | S temperate | absolute | top100,lag3:partial_R2,0.0064829612394433,0.0061212487113701,0.0068673304449265,delta R2,,all valid grid cells,nested lag model and blocked cross-validation,as specified in source,15480.0,<PROJECT_ROOT>\CANONICAL_WGPE_TOP100_v2\03_SOURCE_DATA\REGISTERED_SOURCES\PRECIP_TEMPORAL_EFFECT_SIZE_SUMMARY_TOP100__e5c173f619.csv,e5c173f6190debd1816a947ed43e748ecae2be267dafc0dda35379d91f464c23,,temporal_precedence,main_companion_descriptive,MAIN,FINAL_MAIN,0.0064829612394433,
TOP100R001390,temporal precedence effect size,temporal precedence effect size | W-GPE | precipitation | lag3:delta_cv_R2 | S temperate | absolute | top100,lag3:delta_cv_R2,-0.0062652223886598,-0.0067155590802332,-0.005765282774329,delta R2,,all valid grid cells,nested lag model and blocked cross-validation,as specified in source,15480.0,<PROJECT_ROOT>\CANONICAL_WGPE_TOP100_v2\03_SOURCE_DATA\REGISTERED_SOURCES\PRECIP_TEMPORAL_EFFECT_SIZE_SUMMARY_TOP100__e5c173f619.csv,e5c173f6190debd1816a947ed43e748ecae2be267dafc0dda35379d91f464c23,,temporal_precedence,main_companion_descriptive,MAIN,FINAL_MAIN,-0.0062652223886598,
TOP100R001391,temporal precedence effect size,temporal precedence effect size | W-GPE | precipitation | lag3:delta_RMSE_improvement | S temperate | absolute | top100,lag3:delta_RMSE_improvement,-0.0031075349729849,-0.0033307949647633,-0.0028606156260557,RMSE,,all valid grid cells,nested lag model and blocked cross-validation,as specified in source,15480.0,<PROJECT_ROOT>\CANONICAL_WGPE_TOP100_v2\03_SOURCE_DATA\REGISTERED_SOURCES\PRECIP_TEMPORAL_EFFECT_SIZE_SUMMARY_TOP100__e5c173f619.csv,e5c173f6190debd1816a947ed43e748ecae2be267dafc0dda35379d91f464c23,,temporal_precedence,main_companion_descriptive,MAIN,FINAL_MAIN,-0.0031075349729849,
TOP100R001392,temporal precedence effect size,temporal precedence effect size | W-GPE | precipitation | lag3:partial_R2 | Tropics | absolute | top100,lag3:partial_R2,0.008859433950336,0.0080952272671656,0.0097127078226441,delta R2,,all valid grid cells,nested lag model and blocked cross-validation,as specified in source,16920.0,<PROJECT_ROOT>\CANONICAL_WGPE_TOP100_v2\03_SOURCE_DATA\REGISTERED_SOURCES\PRECIP_TEMPORAL_EFFECT_SIZE_SUMMARY_TOP100__e5c173f619.csv,e5c173f6190debd1816a947ed43e748ecae2be267dafc0dda35379d91f464c23,,temporal_precedence,main_companion_descriptive,MAIN,FINAL_MAIN,0.008859433950336,
TOP100R001393,temporal precedence effect size,temporal precedence effect size | W-GPE | precipitation | lag3:delta_cv_R2 | Tropics | absolute | top100,lag3:delta_cv_R2,-0.0038707104246803,-0.0045589459971433,-0.0030596263405758,delta R2,,all valid grid cells,nested lag model and blocked cross-validation,as specified in source,16920.0,<PROJECT_ROOT>\CANONICAL_WGPE_TOP100_v2\03_SOURCE_DATA\REGISTERED_SOURCES\PRECIP_TEMPORAL_EFFECT_SIZE_SUMMARY_TOP100__e5c173f619.csv,e5c173f6190debd1816a947ed43e748ecae2be267dafc0dda35379d91f464c23,,temporal_precedence,main_companion_descriptive,MAIN,FINAL_MAIN,-0.0038707104246803,
TOP100R001394,temporal precedence effect size,temporal precedence effect size | W-GPE | precipitation | lag3:delta_RMSE_improvement | Tropics | absolute | top100,lag3:delta_RMSE_improvement,-0.0019608251414656,-0.0023148233124821,-0.0015467205503025,RMSE,,all valid grid cells,nested lag model and blocked cross-validation,as specified in source,16920.0,<PROJECT_ROOT>\CANONICAL_WGPE_TOP100_v2\03_SOURCE_DATA\REGISTERED_SOURCES\PRECIP_TEMPORAL_EFFECT_SIZE_SUMMARY_TOP100__e5c173f619.csv,e5c173f6190debd1816a947ed43e748ecae2be267dafc0dda35379d91f464c23,,temporal_precedence,main_companion_descriptive,MAIN,FINAL_MAIN,-0.0019608251414656,
TOP100R001395,temporal precedence effect size,temporal precedence effect size | W-GPE | precipitation | lag3:partial_R2 | N temperate | absolute | top100,lag3:partial_R2,0.0061959567758017,0.0058858081457623,0.006505883704065,delta R2,,all valid grid cells,nested lag model and blocked cross-validation,as specified in source,15480.0,<PROJECT_ROOT>\CANONICAL_WGPE_TOP100_v2\03_SOURCE_DATA\REGISTERED_SOURCES\PRECIP_TEMPORAL_EFFECT_SIZE_SUMMARY_TOP100__e5c173f619.csv,e5c173f6190debd1816a947ed43e748ecae2be267dafc0dda35379d91f464c23,,temporal_precedence,main_companion_descriptive,MAIN,FINAL_MAIN,0.0061959567758017,
TOP100R001396,temporal precedence effect size,temporal precedence effect size | W-GPE | precipitation | lag3:delta_cv_R2 | N temperate | absolute | top100,lag3:delta_cv_R2,-0.0066310426476306,-0.0070551341373037,-0.0061817420946063,delta R2,,all valid grid cells,nested lag model and blocked cross-validation,as specified in source,15480.0,<PROJECT_ROOT>\CANONICAL_WGPE_TOP100_v2\03_SOURCE_DATA\REGISTERED_SOURCES\PRECIP_TEMPORAL_EFFECT_SIZE_SUMMARY_TOP100__e5c173f619.csv,e5c173f6190debd1816a947ed43e748ecae2be267dafc0dda35379d91f464c23,,temporal_precedence,main_companion_descriptive,MAIN,FINAL_MAIN,-0.0066310426476306,
TOP100R001397,temporal precedence effect size,temporal precedence effect size | W-GPE | precipitation | lag3:delta_RMSE_improvement | N temperate | absolute | top100,lag3:delta_RMSE_improvement,-0.0032883262637206,-0.0034989930145108,-0.0030648026065713,RMSE,,all valid grid cells,nested lag model and blocked cross-validation,as specified in source,15480.0,<PROJECT_ROOT>\CANONICAL_WGPE_TOP100_v2\03_SOURCE_DATA\REGISTERED_SOURCES\PRECIP_TEMPORAL_EFFECT_SIZE_SUMMARY_TOP100__e5c173f619.csv,e5c173f6190debd1816a947ed43e748ecae2be267dafc0dda35379d91f464c23,,temporal_precedence,main_companion_descriptive,MAIN,FINAL_MAIN,-0.0032883262637206,
TOP100R001398,temporal precedence effect size,temporal precedence effect size | W-GPE | precipitation | lag3:partial_R2 | N high latitude | absolute | top100,lag3:partial_R2,0.0065962877122743,0.0060861240358655,0.0071667666440191,delta R2,,all valid grid cells,nested lag model and blocked cross-validation,as specified in source,8640.0,<PROJECT_ROOT>\CANONICAL_WGPE_TOP100_v2\03_SOURCE_DATA\REGISTERED_SOURCES\PRECIP_TEMPORAL_EFFECT_SIZE_SUMMARY_TOP100__e5c173f619.csv,e5c173f6190debd1816a947ed43e748ecae2be267dafc0dda35379d91f464c23,,temporal_precedence,main_companion_descriptive,MAIN,FINAL_MAIN,0.0065962877122743,
TOP100R001399,temporal precedence effect size,temporal precedence effect size | W-GPE | precipitation | lag3:delta_cv_R2 | N high latitude | absolute | top100,lag3:delta_cv_R2,-0.0078787858745152,-0.0084668902231956,-0.0072310889798905,delta R2,,all valid grid cells,nested lag model and blocked cross-validation,as specified in source,8640.0,<PROJECT_ROOT>\CANONICAL_WGPE_TOP100_v2\03_SOURCE_DATA\REGISTERED_SOURCES\PRECIP_TEMPORAL_EFFECT_SIZE_SUMMARY_TOP100__e5c173f619.csv,e5c173f6190debd1816a947ed43e748ecae2be267dafc0dda35379d91f464c23,,temporal_precedence,main_companion_descriptive,MAIN,FINAL_MAIN,-0.0078787858745152,
TOP100R001400,temporal precedence effect size,temporal precedence effect size | W-GPE | precipitation | lag3:delta_RMSE_improvement | N high latitude | absolute | top100,lag3:delta_RMSE_improvement,-0.0039175814095078,-0.0042083267495019,-0.0035965055408177,RMSE,,all valid grid cells,nested lag model and blocked cross-validation,as specified in source,8640.0,<PROJECT_ROOT>\CANONICAL_WGPE_TOP100_v2\03_SOURCE_DATA\REGISTERED_SOURCES\PRECIP_TEMPORAL_EFFECT_SIZE_SUMMARY_TOP100__e5c173f619.csv,e5c173f6190debd1816a947ed43e748ecae2be267dafc0dda35379d91f464c23,,temporal_precedence,main_companion_descriptive,MAIN,FINAL_MAIN,-0.0039175814095078,
TOP100R001401,temporal precedence effect size,temporal precedence effect size | W-GPE | precipitation | lag4:partial_R2 | Global | absolute | top100,lag4:partial_R2,0.0095437864637252,0.0091682839186411,0.0099365290026118,delta R2,,all valid grid cells,nested lag model and blocked cross-validation,as specified in source,65160.0,<PROJECT_ROOT>\CANONICAL_WGPE_TOP100_v2\03_SOURCE_DATA\REGISTERED_SOURCES\PRECIP_TEMPORAL_EFFECT_SIZE_SUMMARY_TOP100__e5c173f619.csv,e5c173f6190debd1816a947ed43e748ecae2be267dafc0dda35379d91f464c23,,temporal_precedence,extended_data,MAIN,FINAL_MAIN,0.0095437864637252,
TOP100R001402,temporal precedence effect size,temporal precedence effect size | W-GPE | precipitation | lag4:delta_cv_R2 | Global | absolute | top100,lag4:delta_cv_R2,-0.0074275415929252,-0.0078367279925645,-0.0070263940972924,delta R2,,all valid grid cells,nested lag model and blocked cross-validation,as specified in source,65160.0,<PROJECT_ROOT>\CANONICAL_WGPE_TOP100_v2\03_SOURCE_DATA\REGISTERED_SOURCES\PRECIP_TEMPORAL_EFFECT_SIZE_SUMMARY_TOP100__e5c173f619.csv,e5c173f6190debd1816a947ed43e748ecae2be267dafc0dda35379d91f464c23,,temporal_precedence,extended_data,MAIN,FINAL_MAIN,-0.0074275415929252,
TOP100R001403,temporal precedence effect size,temporal precedence effect size | W-GPE | precipitation | lag4:delta_RMSE_improvement | Global | absolute | top100,lag4:delta_RMSE_improvement,-0.0037058070214116,-0.0039116589630059,-0.0035009711057402,RMSE,,all valid grid cells,nested lag model and blocked cross-validation,as specified in source,65160.0,<PROJECT_ROOT>\CANONICAL_WGPE_TOP100_v2\03_SOURCE_DATA\REGISTERED_SOURCES\PRECIP_TEMPORAL_EFFECT_SIZE_SUMMARY_TOP100__e5c173f619.csv,e5c173f6190debd1816a947ed43e748ecae2be267dafc0dda35379d91f464c23,,temporal_precedence,extended_data,MAIN,FINAL_MAIN,-0.0037058070214116,
TOP100R001404,temporal precedence effect size,temporal precedence effect size | W-GPE | precipitation | lag4:partial_R2 | S high latitude | absolute | top100,lag4:partial_R2,0.0094877923362872,0.0086567643270564,0.0104440519299479,delta R2,,all valid grid cells,nested lag model and blocked cross-validation,as specified in source,8640.0,<PROJECT_ROOT>\CANONICAL_WGPE_TOP100_v2\03_SOURCE_DATA\REGISTERED_SOURCES\PRECIP_TEMPORAL_EFFECT_SIZE_SUMMARY_TOP100__e5c173f619.csv,e5c173f6190debd1816a947ed43e748ecae2be267dafc0dda35379d91f464c23,,temporal_precedence,extended_data,MAIN,FINAL_MAIN,0.0094877923362872,
TOP100R001405,temporal precedence effect size,temporal precedence effect size | W-GPE | precipitation | lag4:delta_cv_R2 | S high latitude | absolute | top100,lag4:delta_cv_R2,-0.0068929552494399,-0.0079446071383815,-0.0057814885209587,delta R2,,all valid grid cells,nested lag model and blocked cross-validation,as specified in source,8640.0,<PROJECT_ROOT>\CANONICAL_WGPE_TOP100_v2\03_SOURCE_DATA\REGISTERED_SOURCES\PRECIP_TEMPORAL_EFFECT_SIZE_SUMMARY_TOP100__e5c173f619.csv,e5c173f6190debd1816a947ed43e748ecae2be267dafc0dda35379d91f464c23,,temporal_precedence,extended_data,MAIN,FINAL_MAIN,-0.0068929552494399,
TOP100R001406,temporal precedence effect size,temporal precedence effect size | W-GPE | precipitation | lag4:delta_RMSE_improvement | S high latitude | absolute | top100,lag4:delta_RMSE_improvement,-0.0034171816972061,-0.0039412978577993,-0.0028660057274504,RMSE,,all valid grid cells,nested lag model and blocked cross-validation,as specified in source,8640.0,<PROJECT_ROOT>\CANONICAL_WGPE_TOP100_v2\03_SOURCE_DATA\REGISTERED_SOURCES\PRECIP_TEMPORAL_EFFECT_SIZE_SUMMARY_TOP100__e5c173f619.csv,e5c173f6190debd1816a947ed43e748ecae2be267dafc0dda35379d91f464c23,,temporal_precedence,extended_data,MAIN,FINAL_MAIN,-0.0034171816972061,
TOP100R001407,temporal precedence effect size,temporal precedence effect size | W-GPE | precipitation | lag4:partial_R2 | S temperate | absolute | top100,lag4:partial_R2,0.0085575671257883,0.0081598967057081,0.0089864410830231,delta R2,,all valid grid cells,nested lag model and blocked cross-validation,as specified in source,15480.0,<PROJECT_ROOT>\CANONICAL_WGPE_TOP100_v2\03_SOURCE_DATA\REGISTERED_SOURCES\PRECIP_TEMPORAL_EFFECT_SIZE_SUMMARY_TOP100__e5c173f619.csv,e5c173f6190debd1816a947ed43e748ecae2be267dafc0dda35379d91f464c23,,temporal_precedence,extended_data,MAIN,FINAL_MAIN,0.0085575671257883,
TOP100R001408,temporal precedence effect size,temporal precedence effect size | W-GPE | precipitation | lag4:delta_cv_R2 | S temperate | absolute | top100,lag4:delta_cv_R2,-0.0084924551512083,-0.0090662087819057,-0.0078835506105934,delta R2,,all valid grid cells,nested lag model and blocked cross-validation,as specified in source,15480.0,<PROJECT_ROOT>\CANONICAL_WGPE_TOP100_v2\03_SOURCE_DATA\REGISTERED_SOURCES\PRECIP_TEMPORAL_EFFECT_SIZE_SUMMARY_TOP100__e5c173f619.csv,e5c173f6190debd1816a947ed43e748ecae2be267dafc0dda35379d91f464c23,,temporal_precedence,extended_data,MAIN,FINAL_MAIN,-0.0084924551512083,
TOP100R001409,temporal precedence effect size,temporal precedence effect size | W-GPE | precipitation | lag4:delta_RMSE_improvement | S temperate | absolute | top100,lag4:delta_RMSE_improvement,-0.004204313102896,-0.0044866013847507,-0.0039025199395851,RMSE,,all valid grid cells,nested lag model and blocked cross-validation,as specified in source,15480.0,<PROJECT_ROOT>\CANONICAL_WGPE_TOP100_v2\03_SOURCE_DATA\REGISTERED_SOURCES\PRECIP_TEMPORAL_EFFECT_SIZE_SUMMARY_TOP100__e5c173f619.csv,e5c173f6190debd1816a947ed43e748ecae2be267dafc0dda35379d91f464c23,,temporal_precedence,extended_data,MAIN,FINAL_MAIN,-0.004204313102896,
TOP100R001410,temporal precedence effect size,temporal precedence effect size | W-GPE | precipitation | lag4:partial_R2 | Tropics | absolute | top100,lag4:partial_R2,0.0111442094331851,0.0103330126176338,0.0120531982144054,delta R2,,all valid grid cells,nested lag model and blocked cross-validation,as specified in source,16920.0,<PROJECT_ROOT>\CANONICAL_WGPE_TOP100_v2\03_SOURCE_DATA\REGISTERED_SOURCES\PRECIP_TEMPORAL_EFFECT_SIZE_SUMMARY_TOP100__e5c173f619.csv,e5c173f6190debd1816a947ed43e748ecae2be267dafc0dda35379d91f464c23,,temporal_precedence,extended_data,MAIN,FINAL_MAIN,0.0111442094331851,
TOP100R001411,temporal precedence effect size,temporal precedence effect size | W-GPE | precipitation | lag4:delta_cv_R2 | Tropics | absolute | top100,lag4:delta_cv_R2,-0.0057643904790973,-0.0065390708511513,-0.004924519518551,delta R2,,all valid grid cells,nested lag model and blocked cross-validation,as specified in source,16920.0,<PROJECT_ROOT>\CANONICAL_WGPE_TOP100_v2\03_SOURCE_DATA\REGISTERED_SOURCES\PRECIP_TEMPORAL_EFFECT_SIZE_SUMMARY_TOP100__e5c173f619.csv,e5c173f6190debd1816a947ed43e748ecae2be267dafc0dda35379d91f464c23,,temporal_precedence,extended_data,MAIN,FINAL_MAIN,-0.0057643904790973,
TOP100R001412,temporal precedence effect size,temporal precedence effect size | W-GPE | precipitation | lag4:delta_RMSE_improvement | Tropics | absolute | top100,lag4:delta_RMSE_improvement,-0.0029215103084171,-0.0033144696997041,-0.0024931945754948,RMSE,,all valid grid cells,nested lag model and blocked cross-validation,as specified in source,16920.0,<PROJECT_ROOT>\CANONICAL_WGPE_TOP100_v2\03_SOURCE_DATA\REGISTERED_SOURCES\PRECIP_TEMPORAL_EFFECT_SIZE_SUMMARY_TOP100__e5c173f619.csv,e5c173f6190debd1816a947ed43e748ecae2be267dafc0dda35379d91f464c23,,temporal_precedence,extended_data,MAIN,FINAL_MAIN,-0.0029215103084171,
TOP100R001413,temporal precedence effect size,temporal precedence effect size | W-GPE | precipitation | lag4:partial_R2 | N temperate | absolute | top100,lag4:partial_R2,0.0082113362460234,0.0078411407086325,0.0085728704211605,delta R2,,all valid grid cells,nested lag model and blocked cross-validation,as specified in source,15480.0,<PROJECT_ROOT>\CANONICAL_WGPE_TOP100_v2\03_SOURCE_DATA\REGISTERED_SOURCES\PRECIP_TEMPORAL_EFFECT_SIZE_SUMMARY_TOP100__e5c173f619.csv,e5c173f6190debd1816a947ed43e748ecae2be267dafc0dda35379d91f464c23,,temporal_precedence,extended_data,MAIN,FINAL_MAIN,0.0082113362460234,
TOP100R001414,temporal precedence effect size,temporal precedence effect size | W-GPE | precipitation | lag4:delta_cv_R2 | N temperate | absolute | top100,lag4:delta_cv_R2,-0.0087195031974655,-0.009223379599209,-0.008178079919741,delta R2,,all valid grid cells,nested lag model and blocked cross-validation,as specified in source,15480.0,<PROJECT_ROOT>\CANONICAL_WGPE_TOP100_v2\03_SOURCE_DATA\REGISTERED_SOURCES\PRECIP_TEMPORAL_EFFECT_SIZE_SUMMARY_TOP100__e5c173f619.csv,e5c173f6190debd1816a947ed43e748ecae2be267dafc0dda35379d91f464c23,,temporal_precedence,extended_data,MAIN,FINAL_MAIN,-0.0087195031974655,
TOP100R001415,temporal precedence effect size,temporal precedence effect size | W-GPE | precipitation | lag4:delta_RMSE_improvement | N temperate | absolute | top100,lag4:delta_RMSE_improvement,-0.0043198590494146,-0.0045691725387102,-0.0040513744353521,RMSE,,all valid grid cells,nested lag model and blocked cross-validation,as specified in source,15480.0,<PROJECT_ROOT>\CANONICAL_WGPE_TOP100_v2\03_SOURCE_DATA\REGISTERED_SOURCES\PRECIP_TEMPORAL_EFFECT_SIZE_SUMMARY_TOP100__e5c173f619.csv,e5c173f6190debd1816a947ed43e748ecae2be267dafc0dda35379d91f464c23,,temporal_precedence,extended_data,MAIN,FINAL_MAIN,-0.0043198590494146,
TOP100R001416,temporal precedence effect size,temporal precedence effect size | W-GPE | precipitation | lag4:partial_R2 | N high latitude | absolute | top100,lag4:partial_R2,0.0087006162131331,0.0080422831114393,0.0093558265841417,delta R2,,all valid grid cells,nested lag model and blocked cross-validation,as specified in source,8640.0,<PROJECT_ROOT>\CANONICAL_WGPE_TOP100_v2\03_SOURCE_DATA\REGISTERED_SOURCES\PRECIP_TEMPORAL_EFFECT_SIZE_SUMMARY_TOP100__e5c173f619.csv,e5c173f6190debd1816a947ed43e748ecae2be267dafc0dda35379d91f464c23,,temporal_precedence,extended_data,MAIN,FINAL_MAIN,0.0087006162131331,
TOP100R001417,temporal precedence effect size,temporal precedence effect size | W-GPE | precipitation | lag4:delta_cv_R2 | N high latitude | absolute | top100,lag4:delta_cv_R2,-0.0092258582696259,-0.0099350338758416,-0.0084750892169376,delta R2,,all valid grid cells,nested lag model and blocked cross-validation,as specified in source,8640.0,<PROJECT_ROOT>\CANONICAL_WGPE_TOP100_v2\03_SOURCE_DATA\REGISTERED_SOURCES\PRECIP_TEMPORAL_EFFECT_SIZE_SUMMARY_TOP100__e5c173f619.csv,e5c173f6190debd1816a947ed43e748ecae2be267dafc0dda35379d91f464c23,,temporal_precedence,extended_data,MAIN,FINAL_MAIN,-0.0092258582696259,
TOP100R001418,temporal precedence effect size,temporal precedence effect size | W-GPE | precipitation | lag4:delta_RMSE_improvement | N high latitude | absolute | top100,lag4:delta_RMSE_improvement,-0.004583370427847,-0.004936492982019,-0.0042097586988911,RMSE,,all valid grid cells,nested lag model and blocked cross-validation,as specified in source,8640.0,<PROJECT_ROOT>\CANONICAL_WGPE_TOP100_v2\03_SOURCE_DATA\REGISTERED_SOURCES\PRECIP_TEMPORAL_EFFECT_SIZE_SUMMARY_TOP100__e5c173f619.csv,e5c173f6190debd1816a947ed43e748ecae2be267dafc0dda35379d91f464c23,,temporal_precedence,extended_data,MAIN,FINAL_MAIN,-0.004583370427847,
TOP100R000091,TOP100/TOP200/TOP300 boundary comparison,TOP100/TOP200/TOP300 boundary comparison |  |  | climatological_mean | Global | absolute geopotential height | top100,climatological_mean,484856.162457023,,,J m-2,1979-01 to 2024-12,common all-valid TOP100/TOP200/TOP300 grid,calendar-month climatology removed; grid-cell OLS first; area mean second,as specified in source,65160.0,<PROJECT_ROOT>\CANONICAL_WGPE_TOP100_v2\03_SOURCE_DATA\REGISTERED_SOURCES\TOP_BOUNDARY_GLOBAL_RESULTS__1d26892f98.csv,1d26892f980affd182cd8c8688b91bf63b9b603d40d7da5547df2a3dcb1d6975,,top_boundary,main_core,MAIN,FINAL_MAIN,484856.162457023,TOP200 is convergence sensitivity; TOP300 is truncation sensitivity
TOP100R000092,TOP100/TOP200/TOP300 boundary comparison,TOP100/TOP200/TOP300 boundary comparison |  |  | trend_deseasonalized | Global | absolute geopotential height | top100,trend_deseasonalized,672.055528244818,,,J m-2 yr-1,1979-01 to 2024-12,common all-valid TOP100/TOP200/TOP300 grid,calendar-month climatology removed; grid-cell OLS first; area mean second,as specified in source,65160.0,<PROJECT_ROOT>\CANONICAL_WGPE_TOP100_v2\03_SOURCE_DATA\REGISTERED_SOURCES\TOP_BOUNDARY_GLOBAL_RESULTS__1d26892f98.csv,1d26892f980affd182cd8c8688b91bf63b9b603d40d7da5547df2a3dcb1d6975,,top_boundary,main_core,MAIN,FINAL_MAIN,672.055528244818,TOP200 is convergence sensitivity; TOP300 is truncation sensitivity
TOP100R000093,TOP100/TOP200/TOP300 boundary comparison,TOP100/TOP200/TOP300 boundary comparison |  |  | trend_raw | Global | absolute geopotential height | top100,trend_raw,676.579340714594,,,J m-2 yr-1,1979-01 to 2024-12,common all-valid TOP100/TOP200/TOP300 grid,calendar-month climatology removed; grid-cell OLS first; area mean second,as specified in source,65160.0,<PROJECT_ROOT>\CANONICAL_WGPE_TOP100_v2\03_SOURCE_DATA\REGISTERED_SOURCES\TOP_BOUNDARY_GLOBAL_RESULTS__1d26892f98.csv,1d26892f980affd182cd8c8688b91bf63b9b603d40d7da5547df2a3dcb1d6975,,top_boundary,main_core,MAIN,FINAL_MAIN,676.579340714594,TOP200 is convergence sensitivity; TOP300 is truncation sensitivity
ARC_F2C_001,exact grid-month product decomposition,exact grid-month product decomposition | event | Wet | actual | Global | absolute | top100,actual,68316.0140951077,62610.8948380444,73786.9888420286,J m-2,1979-2024,all valid,P90/P10 precipitation anomalies,as specified in source,65160.0,<PROJECT_ROOT>\CANONICAL_WGPE_TOP100_v2\03_SOURCE_DATA\REGISTERED_SOURCES\Figure2c_WET_DRY_FINAL_SOURCE__223ef41f4e.csv,223ef41f4ec6ed8e21cb21e5105c2b05b7be4256ee364c3371beb924c785bb47,,wet_dry,main_core,MAIN,FINAL_MAIN,68316.0140951077,Figure 2c direct locked source
ARC_F2C_002,exact grid-month product decomposition,exact grid-month product decomposition | event | Wet | IWV_channel | Global | absolute | top100,IWV_channel,45981.97356013,42910.748525434,48943.1815259766,J m-2,1979-2024,all valid,P90/P10 precipitation anomalies,as specified in source,65160.0,<PROJECT_ROOT>\CANONICAL_WGPE_TOP100_v2\03_SOURCE_DATA\REGISTERED_SOURCES\Figure2c_WET_DRY_FINAL_SOURCE__223ef41f4e.csv,223ef41f4ec6ed8e21cb21e5105c2b05b7be4256ee364c3371beb924c785bb47,,wet_dry,main_core,MAIN,FINAL_MAIN,45981.97356013,Figure 2c direct locked source
ARC_F2C_003,exact grid-month product decomposition,exact grid-month product decomposition | event | Wet | z_channel | Global | absolute | top100,z_channel,20464.5092520284,18060.0269408804,22704.7285465302,J m-2,1979-2024,all valid,P90/P10 precipitation anomalies,as specified in source,65160.0,<PROJECT_ROOT>\CANONICAL_WGPE_TOP100_v2\03_SOURCE_DATA\REGISTERED_SOURCES\Figure2c_WET_DRY_FINAL_SOURCE__223ef41f4e.csv,223ef41f4ec6ed8e21cb21e5105c2b05b7be4256ee364c3371beb924c785bb47,,wet_dry,main_core,MAIN,FINAL_MAIN,20464.5092520284,Figure 2c direct locked source
ARC_F2C_004,exact grid-month product decomposition,exact grid-month product decomposition | event | Wet | interaction_channel | Global | absolute | top100,interaction_channel,1869.53128294934,1554.18470523356,2214.80917322637,J m-2,1979-2024,all valid,P90/P10 precipitation anomalies,as specified in source,65160.0,<PROJECT_ROOT>\CANONICAL_WGPE_TOP100_v2\03_SOURCE_DATA\REGISTERED_SOURCES\Figure2c_WET_DRY_FINAL_SOURCE__223ef41f4e.csv,223ef41f4ec6ed8e21cb21e5105c2b05b7be4256ee364c3371beb924c785bb47,,wet_dry,main_core,MAIN,FINAL_MAIN,1869.53128294934,Figure 2c direct locked source
ARC_F2C_005,exact grid-month product decomposition,exact grid-month product decomposition | event | Dry | actual | Global | absolute | top100,actual,-58490.6329749297,-63481.257319726,-53222.6879430724,J m-2,1979-2024,all valid,P90/P10 precipitation anomalies,as specified in source,65160.0,<PROJECT_ROOT>\CANONICAL_WGPE_TOP100_v2\03_SOURCE_DATA\REGISTERED_SOURCES\Figure2c_WET_DRY_FINAL_SOURCE__223ef41f4e.csv,223ef41f4ec6ed8e21cb21e5105c2b05b7be4256ee364c3371beb924c785bb47,,wet_dry,main_core,MAIN,FINAL_MAIN,-58490.6329749297,Figure 2c direct locked source
ARC_F2C_006,exact grid-month product decomposition,exact grid-month product decomposition | event | Dry | IWV_channel | Global | absolute | top100,IWV_channel,-41071.4854384243,-44068.1613065603,-38002.5856487197,J m-2,1979-2024,all valid,P90/P10 precipitation anomalies,as specified in source,65160.0,<PROJECT_ROOT>\CANONICAL_WGPE_TOP100_v2\03_SOURCE_DATA\REGISTERED_SOURCES\Figure2c_WET_DRY_FINAL_SOURCE__223ef41f4e.csv,223ef41f4ec6ed8e21cb21e5105c2b05b7be4256ee364c3371beb924c785bb47,,wet_dry,main_core,MAIN,FINAL_MAIN,-41071.4854384243,Figure 2c direct locked source
ARC_F2C_007,exact grid-month product decomposition,exact grid-month product decomposition | event | Dry | z_channel | Global | absolute | top100,z_channel,-18451.9686473758,-20763.182026388,-16052.3883955455,J m-2,1979-2024,all valid,P90/P10 precipitation anomalies,as specified in source,65160.0,<PROJECT_ROOT>\CANONICAL_WGPE_TOP100_v2\03_SOURCE_DATA\REGISTERED_SOURCES\Figure2c_WET_DRY_FINAL_SOURCE__223ef41f4e.csv,223ef41f4ec6ed8e21cb21e5105c2b05b7be4256ee364c3371beb924c785bb47,,wet_dry,main_core,MAIN,FINAL_MAIN,-18451.9686473758,Figure 2c direct locked source
ARC_F2C_008,exact grid-month product decomposition,exact grid-month product decomposition | event | Dry | interaction_channel | Global | absolute | top100,interaction_channel,1032.82111087045,818.692195175832,1250.62751889365,J m-2,1979-2024,all valid,P90/P10 precipitation anomalies,as specified in source,65160.0,<PROJECT_ROOT>\CANONICAL_WGPE_TOP100_v2\03_SOURCE_DATA\REGISTERED_SOURCES\Figure2c_WET_DRY_FINAL_SOURCE__223ef41f4e.csv,223ef41f4ec6ed8e21cb21e5105c2b05b7be4256ee364c3371beb924c785bb47,,wet_dry,main_core,MAIN,FINAL_MAIN,1032.82111087045,Figure 2c direct locked source
TOP100R000403,exact grid-month wet/dry W-GPE decomposition,exact grid-month wet/dry W-GPE decomposition | precipitation event | Wet | actual | Global | absolute | top100,actual,2834.39823950823,1990.13023025195,3690.8145274554,J m-2,1979-2024,all valid grid cells,grid-cell >90th/<10th percentile of detrended deseasoned precipitation; exact monthly-climatology product decomposition,as specified in source,65160.0,<PROJECT_ROOT>\CANONICAL_WGPE_TOP100_v2\03_SOURCE_DATA\REGISTERED_SOURCES\WET_DRY_EXACT_SUMMARY_TOP100__472c3b1347.csv,472c3b1347b1182c33d514f6ab0273092a919635c44e13b4514817c396fa7eff,,wet_dry,main_core,MAIN,FINAL_MAIN,2834.39823950823,
TOP100R000404,exact grid-month wet/dry W-GPE decomposition,exact grid-month wet/dry W-GPE decomposition | precipitation event | Wet | IWV_channel | Global | absolute | top100,IWV_channel,1962.82102083395,1388.33446408361,2503.53428829687,J m-2,1979-2024,all valid grid cells,grid-cell >90th/<10th percentile of detrended deseasoned precipitation; exact monthly-climatology product decomposition,as specified in source,65160.0,<PROJECT_ROOT>\CANONICAL_WGPE_TOP100_v2\03_SOURCE_DATA\REGISTERED_SOURCES\WET_DRY_EXACT_SUMMARY_TOP100__472c3b1347.csv,472c3b1347b1182c33d514f6ab0273092a919635c44e13b4514817c396fa7eff,,wet_dry,main_core,MAIN,FINAL_MAIN,1962.82102083395,
TOP100R000405,exact grid-month wet/dry W-GPE decomposition,exact grid-month wet/dry W-GPE decomposition | precipitation event | Wet | z_channel | Global | absolute | top100,z_channel,769.903803787895,459.699565777876,1090.35969778504,J m-2,1979-2024,all valid grid cells,grid-cell >90th/<10th percentile of detrended deseasoned precipitation; exact monthly-climatology product decomposition,as specified in source,65160.0,<PROJECT_ROOT>\CANONICAL_WGPE_TOP100_v2\03_SOURCE_DATA\REGISTERED_SOURCES\WET_DRY_EXACT_SUMMARY_TOP100__472c3b1347.csv,472c3b1347b1182c33d514f6ab0273092a919635c44e13b4514817c396fa7eff,,wet_dry,main_core,MAIN,FINAL_MAIN,769.903803787895,
TOP100R000406,exact grid-month wet/dry W-GPE decomposition,exact grid-month wet/dry W-GPE decomposition | precipitation event | Wet | interaction_channel | Global | absolute | top100,interaction_channel,101.673414886385,42.7214670720923,174.037700187601,J m-2,1979-2024,all valid grid cells,grid-cell >90th/<10th percentile of detrended deseasoned precipitation; exact monthly-climatology product decomposition,as specified in source,65160.0,<PROJECT_ROOT>\CANONICAL_WGPE_TOP100_v2\03_SOURCE_DATA\REGISTERED_SOURCES\WET_DRY_EXACT_SUMMARY_TOP100__472c3b1347.csv,472c3b1347b1182c33d514f6ab0273092a919635c44e13b4514817c396fa7eff,,wet_dry,main_core,MAIN,FINAL_MAIN,101.673414886385,
TOP100R000407,exact grid-month wet/dry W-GPE decomposition,exact grid-month wet/dry W-GPE decomposition | precipitation event | Wet | closure_residual | Global | absolute | top100,closure_residual,-7.35284993660715e-14,-1.66294956924109e-13,1.7502992724498702e-14,J m-2,1979-2024,all valid grid cells,grid-cell >90th/<10th percentile of detrended deseasoned precipitation; exact monthly-climatology product decomposition,as specified in source,65160.0,<PROJECT_ROOT>\CANONICAL_WGPE_TOP100_v2\03_SOURCE_DATA\REGISTERED_SOURCES\WET_DRY_EXACT_SUMMARY_TOP100__472c3b1347.csv,472c3b1347b1182c33d514f6ab0273092a919635c44e13b4514817c396fa7eff,,wet_dry,main_core,MAIN,FINAL_MAIN,-7.35284993660715e-14,
TOP100R000408,exact grid-month wet/dry W-GPE decomposition,exact grid-month wet/dry W-GPE decomposition | precipitation event | Wet | precip_anomaly | Global | absolute | top100,precip_anomaly,0.0028953711668454,0.0027342215068376,0.0030668449216874,m,1979-2024,all valid grid cells,grid-cell >90th/<10th percentile of detrended deseasoned precipitation; exact monthly-climatology product decomposition,as specified in source,65160.0,<PROJECT_ROOT>\CANONICAL_WGPE_TOP100_v2\03_SOURCE_DATA\REGISTERED_SOURCES\WET_DRY_EXACT_SUMMARY_TOP100__472c3b1347.csv,472c3b1347b1182c33d514f6ab0273092a919635c44e13b4514817c396fa7eff,,wet_dry,main_core,MAIN,FINAL_MAIN,0.0028953711668454,
TOP100R000409,exact grid-month wet/dry W-GPE decomposition,exact grid-month wet/dry W-GPE decomposition | precipitation event | Wet | actual | S high latitude | absolute | top100,actual,-599.681437637452,-864.687394722952,-359.007125733122,J m-2,1979-2024,all valid grid cells,grid-cell >90th/<10th percentile of detrended deseasoned precipitation; exact monthly-climatology product decomposition,as specified in source,8640.0,<PROJECT_ROOT>\CANONICAL_WGPE_TOP100_v2\03_SOURCE_DATA\REGISTERED_SOURCES\WET_DRY_EXACT_SUMMARY_TOP100__472c3b1347.csv,472c3b1347b1182c33d514f6ab0273092a919635c44e13b4514817c396fa7eff,,wet_dry,main_core,MAIN,FINAL_MAIN,-599.681437637452,
TOP100R000410,exact grid-month wet/dry W-GPE decomposition,exact grid-month wet/dry W-GPE decomposition | precipitation event | Wet | IWV_channel | S high latitude | absolute | top100,IWV_channel,-475.372762750341,-718.912733390969,-253.560461638351,J m-2,1979-2024,all valid grid cells,grid-cell >90th/<10th percentile of detrended deseasoned precipitation; exact monthly-climatology product decomposition,as specified in source,8640.0,<PROJECT_ROOT>\CANONICAL_WGPE_TOP100_v2\03_SOURCE_DATA\REGISTERED_SOURCES\WET_DRY_EXACT_SUMMARY_TOP100__472c3b1347.csv,472c3b1347b1182c33d514f6ab0273092a919635c44e13b4514817c396fa7eff,,wet_dry,main_core,MAIN,FINAL_MAIN,-475.372762750341,
TOP100R000411,exact grid-month wet/dry W-GPE decomposition,exact grid-month wet/dry W-GPE decomposition | precipitation event | Wet | z_channel | S high latitude | absolute | top100,z_channel,-140.308389570873,-188.837686390568,-91.5889813687254,J m-2,1979-2024,all valid grid cells,grid-cell >90th/<10th percentile of detrended deseasoned precipitation; exact monthly-climatology product decomposition,as specified in source,8640.0,<PROJECT_ROOT>\CANONICAL_WGPE_TOP100_v2\03_SOURCE_DATA\REGISTERED_SOURCES\WET_DRY_EXACT_SUMMARY_TOP100__472c3b1347.csv,472c3b1347b1182c33d514f6ab0273092a919635c44e13b4514817c396fa7eff,,wet_dry,main_core,MAIN,FINAL_MAIN,-140.308389570873,
TOP100R000412,exact grid-month wet/dry W-GPE decomposition,exact grid-month wet/dry W-GPE decomposition | precipitation event | Wet | interaction_channel | S high latitude | absolute | top100,interaction_channel,15.9997146837622,7.3392640180785,24.7282097383322,J m-2,1979-2024,all valid grid cells,grid-cell >90th/<10th percentile of detrended deseasoned precipitation; exact monthly-climatology product decomposition,as specified in source,8640.0,<PROJECT_ROOT>\CANONICAL_WGPE_TOP100_v2\03_SOURCE_DATA\REGISTERED_SOURCES\WET_DRY_EXACT_SUMMARY_TOP100__472c3b1347.csv,472c3b1347b1182c33d514f6ab0273092a919635c44e13b4514817c396fa7eff,,wet_dry,main_core,MAIN,FINAL_MAIN,15.9997146837622,
TOP100R000413,exact grid-month wet/dry W-GPE decomposition,exact grid-month wet/dry W-GPE decomposition | precipitation event | Wet | closure_residual | S high latitude | absolute | top100,closure_residual,2.16316712370162e-14,-1.9049088058707e-15,4.79005337229373e-14,J m-2,1979-2024,all valid grid cells,grid-cell >90th/<10th percentile of detrended deseasoned precipitation; exact monthly-climatology product decomposition,as specified in source,8640.0,<PROJECT_ROOT>\CANONICAL_WGPE_TOP100_v2\03_SOURCE_DATA\REGISTERED_SOURCES\WET_DRY_EXACT_SUMMARY_TOP100__472c3b1347.csv,472c3b1347b1182c33d514f6ab0273092a919635c44e13b4514817c396fa7eff,,wet_dry,main_core,MAIN,FINAL_MAIN,2.16316712370162e-14,
TOP100R000414,exact grid-month wet/dry W-GPE decomposition,exact grid-month wet/dry W-GPE decomposition | precipitation event | Wet | precip_anomaly | S high latitude | absolute | top100,precip_anomaly,0.0008161259985045,0.0007091960877455,0.0009192631196332,m,1979-2024,all valid grid cells,grid-cell >90th/<10th percentile of detrended deseasoned precipitation; exact monthly-climatology product decomposition,as specified in source,8640.0,<PROJECT_ROOT>\CANONICAL_WGPE_TOP100_v2\03_SOURCE_DATA\REGISTERED_SOURCES\WET_DRY_EXACT_SUMMARY_TOP100__472c3b1347.csv,472c3b1347b1182c33d514f6ab0273092a919635c44e13b4514817c396fa7eff,,wet_dry,main_core,MAIN,FINAL_MAIN,0.0008161259985045,
TOP100R000415,exact grid-month wet/dry W-GPE decomposition,exact grid-month wet/dry W-GPE decomposition | precipitation event | Wet | actual | S temperate | absolute | top100,actual,600.5860503077,42.702419124091,1214.25187405752,J m-2,1979-2024,all valid grid cells,grid-cell >90th/<10th percentile of detrended deseasoned precipitation; exact monthly-climatology product decomposition,as specified in source,15480.0,<PROJECT_ROOT>\CANONICAL_WGPE_TOP100_v2\03_SOURCE_DATA\REGISTERED_SOURCES\WET_DRY_EXACT_SUMMARY_TOP100__472c3b1347.csv,472c3b1347b1182c33d514f6ab0273092a919635c44e13b4514817c396fa7eff,,wet_dry,main_core,MAIN,FINAL_MAIN,600.5860503077,
TOP100R000416,exact grid-month wet/dry W-GPE decomposition,exact grid-month wet/dry W-GPE decomposition | precipitation event | Wet | IWV_channel | S temperate | absolute | top100,IWV_channel,567.261660724055,165.181027573904,1031.43611807914,J m-2,1979-2024,all valid grid cells,grid-cell >90th/<10th percentile of detrended deseasoned precipitation; exact monthly-climatology product decomposition,as specified in source,15480.0,<PROJECT_ROOT>\CANONICAL_WGPE_TOP100_v2\03_SOURCE_DATA\REGISTERED_SOURCES\WET_DRY_EXACT_SUMMARY_TOP100__472c3b1347.csv,472c3b1347b1182c33d514f6ab0273092a919635c44e13b4514817c396fa7eff,,wet_dry,main_core,MAIN,FINAL_MAIN,567.261660724055,
TOP100R000417,exact grid-month wet/dry W-GPE decomposition,exact grid-month wet/dry W-GPE decomposition | precipitation event | Wet | z_channel | S temperate | absolute | top100,z_channel,27.5536138890576,-177.591463992863,239.503675540655,J m-2,1979-2024,all valid grid cells,grid-cell >90th/<10th percentile of detrended deseasoned precipitation; exact monthly-climatology product decomposition,as specified in source,15480.0,<PROJECT_ROOT>\CANONICAL_WGPE_TOP100_v2\03_SOURCE_DATA\REGISTERED_SOURCES\WET_DRY_EXACT_SUMMARY_TOP100__472c3b1347.csv,472c3b1347b1182c33d514f6ab0273092a919635c44e13b4514817c396fa7eff,,wet_dry,main_core,MAIN,FINAL_MAIN,27.5536138890576,
TOP100R000418,exact grid-month wet/dry W-GPE decomposition,exact grid-month wet/dry W-GPE decomposition | precipitation event | Wet | interaction_channel | S temperate | absolute | top100,interaction_channel,5.77077569458781,-12.7917501065557,23.891064971277,J m-2,1979-2024,all valid grid cells,grid-cell >90th/<10th percentile of detrended deseasoned precipitation; exact monthly-climatology product decomposition,as specified in source,15480.0,<PROJECT_ROOT>\CANONICAL_WGPE_TOP100_v2\03_SOURCE_DATA\REGISTERED_SOURCES\WET_DRY_EXACT_SUMMARY_TOP100__472c3b1347.csv,472c3b1347b1182c33d514f6ab0273092a919635c44e13b4514817c396fa7eff,,wet_dry,main_core,MAIN,FINAL_MAIN,5.77077569458781,
TOP100R000419,exact grid-month wet/dry W-GPE decomposition,exact grid-month wet/dry W-GPE decomposition | precipitation event | Wet | closure_residual | S temperate | absolute | top100,closure_residual,6.820756023687031e-15,-9.011173434363551e-14,9.722944157838971e-14,J m-2,1979-2024,all valid grid cells,grid-cell >90th/<10th percentile of detrended deseasoned precipitation; exact monthly-climatology product decomposition,as specified in source,15480.0,<PROJECT_ROOT>\CANONICAL_WGPE_TOP100_v2\03_SOURCE_DATA\REGISTERED_SOURCES\WET_DRY_EXACT_SUMMARY_TOP100__472c3b1347.csv,472c3b1347b1182c33d514f6ab0273092a919635c44e13b4514817c396fa7eff,,wet_dry,main_core,MAIN,FINAL_MAIN,6.82075602368703e-15,
TOP100R000420,exact grid-month wet/dry W-GPE decomposition,exact grid-month wet/dry W-GPE decomposition | precipitation event | Wet | precip_anomaly | S temperate | absolute | top100,precip_anomaly,0.0021076981125165,0.0019580157257136,0.0022683981613402,m,1979-2024,all valid grid cells,grid-cell >90th/<10th percentile of detrended deseasoned precipitation; exact monthly-climatology product decomposition,as specified in source,15480.0,<PROJECT_ROOT>\CANONICAL_WGPE_TOP100_v2\03_SOURCE_DATA\REGISTERED_SOURCES\WET_DRY_EXACT_SUMMARY_TOP100__472c3b1347.csv,472c3b1347b1182c33d514f6ab0273092a919635c44e13b4514817c396fa7eff,,wet_dry,main_core,MAIN,FINAL_MAIN,0.0021076981125165,
TOP100R000421,exact grid-month wet/dry W-GPE decomposition,exact grid-month wet/dry W-GPE decomposition | precipitation event | Wet | actual | Tropics | absolute | top100,actual,6215.51127067024,4256.31579651873,8203.86771499147,J m-2,1979-2024,all valid grid cells,grid-cell >90th/<10th percentile of detrended deseasoned precipitation; exact monthly-climatology product decomposition,as specified in source,16920.0,<PROJECT_ROOT>\CANONICAL_WGPE_TOP100_v2\03_SOURCE_DATA\REGISTERED_SOURCES\WET_DRY_EXACT_SUMMARY_TOP100__472c3b1347.csv,472c3b1347b1182c33d514f6ab0273092a919635c44e13b4514817c396fa7eff,,wet_dry,main_core,MAIN,FINAL_MAIN,6215.51127067024,
TOP100R000422,exact grid-month wet/dry W-GPE decomposition,exact grid-month wet/dry W-GPE decomposition | precipitation event | Wet | IWV_channel | Tropics | absolute | top100,IWV_channel,4026.5569171849,2739.99434639529,5302.01733098759,J m-2,1979-2024,all valid grid cells,grid-cell >90th/<10th percentile of detrended deseasoned precipitation; exact monthly-climatology product decomposition,as specified in source,16920.0,<PROJECT_ROOT>\CANONICAL_WGPE_TOP100_v2\03_SOURCE_DATA\REGISTERED_SOURCES\WET_DRY_EXACT_SUMMARY_TOP100__472c3b1347.csv,472c3b1347b1182c33d514f6ab0273092a919635c44e13b4514817c396fa7eff,,wet_dry,main_core,MAIN,FINAL_MAIN,4026.5569171849,
TOP100R000423,exact grid-month wet/dry W-GPE decomposition,exact grid-month wet/dry W-GPE decomposition | precipitation event | Wet | z_channel | Tropics | absolute | top100,z_channel,1956.27883916814,1272.03217500651,2641.09898521346,J m-2,1979-2024,all valid grid cells,grid-cell >90th/<10th percentile of detrended deseasoned precipitation; exact monthly-climatology product decomposition,as specified in source,16920.0,<PROJECT_ROOT>\CANONICAL_WGPE_TOP100_v2\03_SOURCE_DATA\REGISTERED_SOURCES\WET_DRY_EXACT_SUMMARY_TOP100__472c3b1347.csv,472c3b1347b1182c33d514f6ab0273092a919635c44e13b4514817c396fa7eff,,wet_dry,main_core,MAIN,FINAL_MAIN,1956.27883916814,
TOP100R000424,exact grid-month wet/dry W-GPE decomposition,exact grid-month wet/dry W-GPE decomposition | precipitation event | Wet | interaction_channel | Tropics | absolute | top100,interaction_channel,232.675514317201,72.0974066130193,401.833764634534,J m-2,1979-2024,all valid grid cells,grid-cell >90th/<10th percentile of detrended deseasoned precipitation; exact monthly-climatology product decomposition,as specified in source,16920.0,<PROJECT_ROOT>\CANONICAL_WGPE_TOP100_v2\03_SOURCE_DATA\REGISTERED_SOURCES\WET_DRY_EXACT_SUMMARY_TOP100__472c3b1347.csv,472c3b1347b1182c33d514f6ab0273092a919635c44e13b4514817c396fa7eff,,wet_dry,main_core,MAIN,FINAL_MAIN,232.675514317201,
TOP100R000425,exact grid-month wet/dry W-GPE decomposition,exact grid-month wet/dry W-GPE decomposition | precipitation event | Wet | closure_residual | Tropics | absolute | top100,closure_residual,-1.50701787613172e-13,-3.72093121608828e-13,8.03156940241581e-14,J m-2,1979-2024,all valid grid cells,grid-cell >90th/<10th percentile of detrended deseasoned precipitation; exact monthly-climatology product decomposition,as specified in source,16920.0,<PROJECT_ROOT>\CANONICAL_WGPE_TOP100_v2\03_SOURCE_DATA\REGISTERED_SOURCES\WET_DRY_EXACT_SUMMARY_TOP100__472c3b1347.csv,472c3b1347b1182c33d514f6ab0273092a919635c44e13b4514817c396fa7eff,,wet_dry,main_core,MAIN,FINAL_MAIN,-1.50701787613172e-13,
TOP100R000426,exact grid-month wet/dry W-GPE decomposition,exact grid-month wet/dry W-GPE decomposition | precipitation event | Wet | precip_anomaly | Tropics | absolute | top100,precip_anomaly,0.0041955476026205,0.0039015931825063,0.0044978657100096,m,1979-2024,all valid grid cells,grid-cell >90th/<10th percentile of detrended deseasoned precipitation; exact monthly-climatology product decomposition,as specified in source,16920.0,<PROJECT_ROOT>\CANONICAL_WGPE_TOP100_v2\03_SOURCE_DATA\REGISTERED_SOURCES\WET_DRY_EXACT_SUMMARY_TOP100__472c3b1347.csv,472c3b1347b1182c33d514f6ab0273092a919635c44e13b4514817c396fa7eff,,wet_dry,main_core,MAIN,FINAL_MAIN,0.0041955476026205,
TOP100R000427,exact grid-month wet/dry W-GPE decomposition,exact grid-month wet/dry W-GPE decomposition | precipitation event | Wet | actual | N temperate | absolute | top100,actual,872.758234604887,300.531389391628,1427.95271380293,J m-2,1979-2024,all valid grid cells,grid-cell >90th/<10th percentile of detrended deseasoned precipitation; exact monthly-climatology product decomposition,as specified in source,15480.0,<PROJECT_ROOT>\CANONICAL_WGPE_TOP100_v2\03_SOURCE_DATA\REGISTERED_SOURCES\WET_DRY_EXACT_SUMMARY_TOP100__472c3b1347.csv,472c3b1347b1182c33d514f6ab0273092a919635c44e13b4514817c396fa7eff,,wet_dry,main_core,MAIN,FINAL_MAIN,872.758234604887,
TOP100R000428,exact grid-month wet/dry W-GPE decomposition,exact grid-month wet/dry W-GPE decomposition | precipitation event | Wet | IWV_channel | N temperate | absolute | top100,IWV_channel,862.719012420928,412.746514580783,1293.90986731774,J m-2,1979-2024,all valid grid cells,grid-cell >90th/<10th percentile of detrended deseasoned precipitation; exact monthly-climatology product decomposition,as specified in source,15480.0,<PROJECT_ROOT>\CANONICAL_WGPE_TOP100_v2\03_SOURCE_DATA\REGISTERED_SOURCES\WET_DRY_EXACT_SUMMARY_TOP100__472c3b1347.csv,472c3b1347b1182c33d514f6ab0273092a919635c44e13b4514817c396fa7eff,,wet_dry,main_core,MAIN,FINAL_MAIN,862.719012420928,
TOP100R000429,exact grid-month wet/dry W-GPE decomposition,exact grid-month wet/dry W-GPE decomposition | precipitation event | Wet | z_channel | N temperate | absolute | top100,z_channel,-12.6143812906609,-189.671504196607,159.177297192284,J m-2,1979-2024,all valid grid cells,grid-cell >90th/<10th percentile of detrended deseasoned precipitation; exact monthly-climatology product decomposition,as specified in source,15480.0,<PROJECT_ROOT>\CANONICAL_WGPE_TOP100_v2\03_SOURCE_DATA\REGISTERED_SOURCES\WET_DRY_EXACT_SUMMARY_TOP100__472c3b1347.csv,472c3b1347b1182c33d514f6ab0273092a919635c44e13b4514817c396fa7eff,,wet_dry,main_core,MAIN,FINAL_MAIN,-12.6143812906609,
TOP100R000430,exact grid-month wet/dry W-GPE decomposition,exact grid-month wet/dry W-GPE decomposition | precipitation event | Wet | interaction_channel | N temperate | absolute | top100,interaction_channel,22.6536034746197,-0.0080323173782736,43.0520545232282,J m-2,1979-2024,all valid grid cells,grid-cell >90th/<10th percentile of detrended deseasoned precipitation; exact monthly-climatology product decomposition,as specified in source,15480.0,<PROJECT_ROOT>\CANONICAL_WGPE_TOP100_v2\03_SOURCE_DATA\REGISTERED_SOURCES\WET_DRY_EXACT_SUMMARY_TOP100__472c3b1347.csv,472c3b1347b1182c33d514f6ab0273092a919635c44e13b4514817c396fa7eff,,wet_dry,main_core,MAIN,FINAL_MAIN,22.6536034746197,
TOP100R000431,exact grid-month wet/dry W-GPE decomposition,exact grid-month wet/dry W-GPE decomposition | precipitation event | Wet | closure_residual | N temperate | absolute | top100,closure_residual,-6.51863814531937e-14,-2.08363880015391e-13,6.24375779778424e-14,J m-2,1979-2024,all valid grid cells,grid-cell >90th/<10th percentile of detrended deseasoned precipitation; exact monthly-climatology product decomposition,as specified in source,15480.0,<PROJECT_ROOT>\CANONICAL_WGPE_TOP100_v2\03_SOURCE_DATA\REGISTERED_SOURCES\WET_DRY_EXACT_SUMMARY_TOP100__472c3b1347.csv,472c3b1347b1182c33d514f6ab0273092a919635c44e13b4514817c396fa7eff,,wet_dry,main_core,MAIN,FINAL_MAIN,-6.51863814531937e-14,
TOP100R000432,exact grid-month wet/dry W-GPE decomposition,exact grid-month wet/dry W-GPE decomposition | precipitation event | Wet | precip_anomaly | N temperate | absolute | top100,precip_anomaly,0.0023156549303834,0.0021528027487006,0.0024758967102349,m,1979-2024,all valid grid cells,grid-cell >90th/<10th percentile of detrended deseasoned precipitation; exact monthly-climatology product decomposition,as specified in source,15480.0,<PROJECT_ROOT>\CANONICAL_WGPE_TOP100_v2\03_SOURCE_DATA\REGISTERED_SOURCES\WET_DRY_EXACT_SUMMARY_TOP100__472c3b1347.csv,472c3b1347b1182c33d514f6ab0273092a919635c44e13b4514817c396fa7eff,,wet_dry,main_core,MAIN,FINAL_MAIN,0.0023156549303834,
TOP100R000433,exact grid-month wet/dry W-GPE decomposition,exact grid-month wet/dry W-GPE decomposition | precipitation event | Wet | actual | N high latitude | absolute | top100,actual,-26.7049947594445,-454.736246735283,364.584990209589,J m-2,1979-2024,all valid grid cells,grid-cell >90th/<10th percentile of detrended deseasoned precipitation; exact monthly-climatology product decomposition,as specified in source,8640.0,<PROJECT_ROOT>\CANONICAL_WGPE_TOP100_v2\03_SOURCE_DATA\REGISTERED_SOURCES\WET_DRY_EXACT_SUMMARY_TOP100__472c3b1347.csv,472c3b1347b1182c33d514f6ab0273092a919635c44e13b4514817c396fa7eff,,wet_dry,main_core,MAIN,FINAL_MAIN,-26.7049947594445,
TOP100R000434,exact grid-month wet/dry W-GPE decomposition,exact grid-month wet/dry W-GPE decomposition | precipitation event | Wet | IWV_channel | N high latitude | absolute | top100,IWV_channel,151.449966455129,-197.76547635618,501.414615249608,J m-2,1979-2024,all valid grid cells,grid-cell >90th/<10th percentile of detrended deseasoned precipitation; exact monthly-climatology product decomposition,as specified in source,8640.0,<PROJECT_ROOT>\CANONICAL_WGPE_TOP100_v2\03_SOURCE_DATA\REGISTERED_SOURCES\WET_DRY_EXACT_SUMMARY_TOP100__472c3b1347.csv,472c3b1347b1182c33d514f6ab0273092a919635c44e13b4514817c396fa7eff,,wet_dry,main_core,MAIN,FINAL_MAIN,151.449966455129,
TOP100R000435,exact grid-month wet/dry W-GPE decomposition,exact grid-month wet/dry W-GPE decomposition | precipitation event | Wet | z_channel | N high latitude | absolute | top100,z_channel,-198.9231722045,-364.952133833599,-43.0591640144572,J m-2,1979-2024,all valid grid cells,grid-cell >90th/<10th percentile of detrended deseasoned precipitation; exact monthly-climatology product decomposition,as specified in source,8640.0,<PROJECT_ROOT>\CANONICAL_WGPE_TOP100_v2\03_SOURCE_DATA\REGISTERED_SOURCES\WET_DRY_EXACT_SUMMARY_TOP100__472c3b1347.csv,472c3b1347b1182c33d514f6ab0273092a919635c44e13b4514817c396fa7eff,,wet_dry,main_core,MAIN,FINAL_MAIN,-198.9231722045,
TOP100R000436,exact grid-month wet/dry W-GPE decomposition,exact grid-month wet/dry W-GPE decomposition | precipitation event | Wet | interaction_channel | N high latitude | absolute | top100,interaction_channel,20.7682109899263,7.85227314888415,33.3692415829013,J m-2,1979-2024,all valid grid cells,grid-cell >90th/<10th percentile of detrended deseasoned precipitation; exact monthly-climatology product decomposition,as specified in source,8640.0,<PROJECT_ROOT>\CANONICAL_WGPE_TOP100_v2\03_SOURCE_DATA\REGISTERED_SOURCES\WET_DRY_EXACT_SUMMARY_TOP100__472c3b1347.csv,472c3b1347b1182c33d514f6ab0273092a919635c44e13b4514817c396fa7eff,,wet_dry,main_core,MAIN,FINAL_MAIN,20.7682109899263,
TOP100R000437,exact grid-month wet/dry W-GPE decomposition,exact grid-month wet/dry W-GPE decomposition | precipitation event | Wet | closure_residual | N high latitude | absolute | top100,closure_residual,1.91942185904993e-14,-6.17299637107125e-14,1.0617230954682699e-13,J m-2,1979-2024,all valid grid cells,grid-cell >90th/<10th percentile of detrended deseasoned precipitation; exact monthly-climatology product decomposition,as specified in source,8640.0,<PROJECT_ROOT>\CANONICAL_WGPE_TOP100_v2\03_SOURCE_DATA\REGISTERED_SOURCES\WET_DRY_EXACT_SUMMARY_TOP100__472c3b1347.csv,472c3b1347b1182c33d514f6ab0273092a919635c44e13b4514817c396fa7eff,,wet_dry,main_core,MAIN,FINAL_MAIN,1.91942185904993e-14,
TOP100R000438,exact grid-month wet/dry W-GPE decomposition,exact grid-month wet/dry W-GPE decomposition | precipitation event | Wet | precip_anomaly | N high latitude | absolute | top100,precip_anomaly,0.0010162562567117,0.000934973475129,0.0011036388493267,m,1979-2024,all valid grid cells,grid-cell >90th/<10th percentile of detrended deseasoned precipitation; exact monthly-climatology product decomposition,as specified in source,8640.0,<PROJECT_ROOT>\CANONICAL_WGPE_TOP100_v2\03_SOURCE_DATA\REGISTERED_SOURCES\WET_DRY_EXACT_SUMMARY_TOP100__472c3b1347.csv,472c3b1347b1182c33d514f6ab0273092a919635c44e13b4514817c396fa7eff,,wet_dry,main_core,MAIN,FINAL_MAIN,0.0010162562567117,
TOP100R000439,exact grid-month wet/dry W-GPE decomposition,exact grid-month wet/dry W-GPE decomposition | precipitation event | Dry | actual | Global | absolute | top100,actual,-1314.47168455375,-2038.10860154376,-710.898988119034,J m-2,1979-2024,all valid grid cells,grid-cell >90th/<10th percentile of detrended deseasoned precipitation; exact monthly-climatology product decomposition,as specified in source,65160.0,<PROJECT_ROOT>\CANONICAL_WGPE_TOP100_v2\03_SOURCE_DATA\REGISTERED_SOURCES\WET_DRY_EXACT_SUMMARY_TOP100__472c3b1347.csv,472c3b1347b1182c33d514f6ab0273092a919635c44e13b4514817c396fa7eff,,wet_dry,main_core,MAIN,FINAL_MAIN,-1314.47168455375,
TOP100R000440,exact grid-month wet/dry W-GPE decomposition,exact grid-month wet/dry W-GPE decomposition | precipitation event | Dry | IWV_channel | Global | absolute | top100,IWV_channel,-901.868877755116,-1347.67794494494,-478.429723098736,J m-2,1979-2024,all valid grid cells,grid-cell >90th/<10th percentile of detrended deseasoned precipitation; exact monthly-climatology product decomposition,as specified in source,65160.0,<PROJECT_ROOT>\CANONICAL_WGPE_TOP100_v2\03_SOURCE_DATA\REGISTERED_SOURCES\WET_DRY_EXACT_SUMMARY_TOP100__472c3b1347.csv,472c3b1347b1182c33d514f6ab0273092a919635c44e13b4514817c396fa7eff,,wet_dry,main_core,MAIN,FINAL_MAIN,-901.868877755116,
TOP100R000441,exact grid-month wet/dry W-GPE decomposition,exact grid-month wet/dry W-GPE decomposition | precipitation event | Dry | z_channel | Global | absolute | top100,z_channel,-407.774090972314,-682.986967663427,-146.503840266438,J m-2,1979-2024,all valid grid cells,grid-cell >90th/<10th percentile of detrended deseasoned precipitation; exact monthly-climatology product decomposition,as specified in source,65160.0,<PROJECT_ROOT>\CANONICAL_WGPE_TOP100_v2\03_SOURCE_DATA\REGISTERED_SOURCES\WET_DRY_EXACT_SUMMARY_TOP100__472c3b1347.csv,472c3b1347b1182c33d514f6ab0273092a919635c44e13b4514817c396fa7eff,,wet_dry,main_core,MAIN,FINAL_MAIN,-407.774090972314,
TOP100R000442,exact grid-month wet/dry W-GPE decomposition,exact grid-month wet/dry W-GPE decomposition | precipitation event | Dry | interaction_channel | Global | absolute | top100,interaction_channel,-4.82871582631625,-41.187174648498,28.9982114370562,J m-2,1979-2024,all valid grid cells,grid-cell >90th/<10th percentile of detrended deseasoned precipitation; exact monthly-climatology product decomposition,as specified in source,65160.0,<PROJECT_ROOT>\CANONICAL_WGPE_TOP100_v2\03_SOURCE_DATA\REGISTERED_SOURCES\WET_DRY_EXACT_SUMMARY_TOP100__472c3b1347.csv,472c3b1347b1182c33d514f6ab0273092a919635c44e13b4514817c396fa7eff,,wet_dry,main_core,MAIN,FINAL_MAIN,-4.82871582631625,
TOP100R000443,exact grid-month wet/dry W-GPE decomposition,exact grid-month wet/dry W-GPE decomposition | precipitation event | Dry | closure_residual | Global | absolute | top100,closure_residual,-1.47547881276209e-13,-2.69997043749732e-13,-2.05440690685042e-14,J m-2,1979-2024,all valid grid cells,grid-cell >90th/<10th percentile of detrended deseasoned precipitation; exact monthly-climatology product decomposition,as specified in source,65160.0,<PROJECT_ROOT>\CANONICAL_WGPE_TOP100_v2\03_SOURCE_DATA\REGISTERED_SOURCES\WET_DRY_EXACT_SUMMARY_TOP100__472c3b1347.csv,472c3b1347b1182c33d514f6ab0273092a919635c44e13b4514817c396fa7eff,,wet_dry,main_core,MAIN,FINAL_MAIN,-1.47547881276209e-13,
TOP100R000444,exact grid-month wet/dry W-GPE decomposition,exact grid-month wet/dry W-GPE decomposition | precipitation event | Dry | precip_anomaly | Global | absolute | top100,precip_anomaly,-0.0020309641742288,-0.0021389133323463,-0.0019237880212182,m,1979-2024,all valid grid cells,grid-cell >90th/<10th percentile of detrended deseasoned precipitation; exact monthly-climatology product decomposition,as specified in source,65160.0,<PROJECT_ROOT>\CANONICAL_WGPE_TOP100_v2\03_SOURCE_DATA\REGISTERED_SOURCES\WET_DRY_EXACT_SUMMARY_TOP100__472c3b1347.csv,472c3b1347b1182c33d514f6ab0273092a919635c44e13b4514817c396fa7eff,,wet_dry,main_core,MAIN,FINAL_MAIN,-0.0020309641742288,
TOP100R000445,exact grid-month wet/dry W-GPE decomposition,exact grid-month wet/dry W-GPE decomposition | precipitation event | Dry | actual | S high latitude | absolute | top100,actual,466.891710025109,203.408903041009,727.883019950851,J m-2,1979-2024,all valid grid cells,grid-cell >90th/<10th percentile of detrended deseasoned precipitation; exact monthly-climatology product decomposition,as specified in source,8640.0,<PROJECT_ROOT>\CANONICAL_WGPE_TOP100_v2\03_SOURCE_DATA\REGISTERED_SOURCES\WET_DRY_EXACT_SUMMARY_TOP100__472c3b1347.csv,472c3b1347b1182c33d514f6ab0273092a919635c44e13b4514817c396fa7eff,,wet_dry,main_core,MAIN,FINAL_MAIN,466.891710025109,
TOP100R000446,exact grid-month wet/dry W-GPE decomposition,exact grid-month wet/dry W-GPE decomposition | precipitation event | Dry | IWV_channel | S high latitude | absolute | top100,IWV_channel,342.012915877078,91.7611027930038,585.705049684997,J m-2,1979-2024,all valid grid cells,grid-cell >90th/<10th percentile of detrended deseasoned precipitation; exact monthly-climatology product decomposition,as specified in source,8640.0,<PROJECT_ROOT>\CANONICAL_WGPE_TOP100_v2\03_SOURCE_DATA\REGISTERED_SOURCES\WET_DRY_EXACT_SUMMARY_TOP100__472c3b1347.csv,472c3b1347b1182c33d514f6ab0273092a919635c44e13b4514817c396fa7eff,,wet_dry,main_core,MAIN,FINAL_MAIN,342.012915877078,
TOP100R000447,exact grid-month wet/dry W-GPE decomposition,exact grid-month wet/dry W-GPE decomposition | precipitation event | Dry | z_channel | S high latitude | absolute | top100,z_channel,129.107198779917,59.3954674543548,210.295558466026,J m-2,1979-2024,all valid grid cells,grid-cell >90th/<10th percentile of detrended deseasoned precipitation; exact monthly-climatology product decomposition,as specified in source,8640.0,<PROJECT_ROOT>\CANONICAL_WGPE_TOP100_v2\03_SOURCE_DATA\REGISTERED_SOURCES\WET_DRY_EXACT_SUMMARY_TOP100__472c3b1347.csv,472c3b1347b1182c33d514f6ab0273092a919635c44e13b4514817c396fa7eff,,wet_dry,main_core,MAIN,FINAL_MAIN,129.107198779917,
TOP100R000448,exact grid-month wet/dry W-GPE decomposition,exact grid-month wet/dry W-GPE decomposition | precipitation event | Dry | interaction_channel | S high latitude | absolute | top100,interaction_channel,-4.22840463188672,-10.9952108995805,2.11078528960183,J m-2,1979-2024,all valid grid cells,grid-cell >90th/<10th percentile of detrended deseasoned precipitation; exact monthly-climatology product decomposition,as specified in source,8640.0,<PROJECT_ROOT>\CANONICAL_WGPE_TOP100_v2\03_SOURCE_DATA\REGISTERED_SOURCES\WET_DRY_EXACT_SUMMARY_TOP100__472c3b1347.csv,472c3b1347b1182c33d514f6ab0273092a919635c44e13b4514817c396fa7eff,,wet_dry,main_core,MAIN,FINAL_MAIN,-4.22840463188672,
TOP100R000449,exact grid-month wet/dry W-GPE decomposition,exact grid-month wet/dry W-GPE decomposition | precipitation event | Dry | closure_residual | S high latitude | absolute | top100,closure_residual,1.54599617483545e-14,-1.04007605592386e-14,4.63410025959865e-14,J m-2,1979-2024,all valid grid cells,grid-cell >90th/<10th percentile of detrended deseasoned precipitation; exact monthly-climatology product decomposition,as specified in source,8640.0,<PROJECT_ROOT>\CANONICAL_WGPE_TOP100_v2\03_SOURCE_DATA\REGISTERED_SOURCES\WET_DRY_EXACT_SUMMARY_TOP100__472c3b1347.csv,472c3b1347b1182c33d514f6ab0273092a919635c44e13b4514817c396fa7eff,,wet_dry,main_core,MAIN,FINAL_MAIN,1.54599617483545e-14,
TOP100R000450,exact grid-month wet/dry W-GPE decomposition,exact grid-month wet/dry W-GPE decomposition | precipitation event | Dry | precip_anomaly | S high latitude | absolute | top100,precip_anomaly,-0.0005673515187925,-0.0006466218091534,-0.000485172792403,m,1979-2024,all valid grid cells,grid-cell >90th/<10th percentile of detrended deseasoned precipitation; exact monthly-climatology product decomposition,as specified in source,8640.0,<PROJECT_ROOT>\CANONICAL_WGPE_TOP100_v2\03_SOURCE_DATA\REGISTERED_SOURCES\WET_DRY_EXACT_SUMMARY_TOP100__472c3b1347.csv,472c3b1347b1182c33d514f6ab0273092a919635c44e13b4514817c396fa7eff,,wet_dry,main_core,MAIN,FINAL_MAIN,-0.0005673515187925,
TOP100R000451,exact grid-month wet/dry W-GPE decomposition,exact grid-month wet/dry W-GPE decomposition | precipitation event | Dry | actual | S temperate | absolute | top100,actual,-866.343844959406,-1581.25945100569,-189.080348645648,J m-2,1979-2024,all valid grid cells,grid-cell >90th/<10th percentile of detrended deseasoned precipitation; exact monthly-climatology product decomposition,as specified in source,15480.0,<PROJECT_ROOT>\CANONICAL_WGPE_TOP100_v2\03_SOURCE_DATA\REGISTERED_SOURCES\WET_DRY_EXACT_SUMMARY_TOP100__472c3b1347.csv,472c3b1347b1182c33d514f6ab0273092a919635c44e13b4514817c396fa7eff,,wet_dry,main_core,MAIN,FINAL_MAIN,-866.343844959406,
TOP100R000452,exact grid-month wet/dry W-GPE decomposition,exact grid-month wet/dry W-GPE decomposition | precipitation event | Dry | IWV_channel | S temperate | absolute | top100,IWV_channel,-833.655637614241,-1370.95867553869,-342.768710708637,J m-2,1979-2024,all valid grid cells,grid-cell >90th/<10th percentile of detrended deseasoned precipitation; exact monthly-climatology product decomposition,as specified in source,15480.0,<PROJECT_ROOT>\CANONICAL_WGPE_TOP100_v2\03_SOURCE_DATA\REGISTERED_SOURCES\WET_DRY_EXACT_SUMMARY_TOP100__472c3b1347.csv,472c3b1347b1182c33d514f6ab0273092a919635c44e13b4514817c396fa7eff,,wet_dry,main_core,MAIN,FINAL_MAIN,-833.655637614241,
TOP100R000453,exact grid-month wet/dry W-GPE decomposition,exact grid-month wet/dry W-GPE decomposition | precipitation event | Dry | z_channel | S temperate | absolute | top100,z_channel,-47.9619617776518,-329.459324605301,207.540969439756,J m-2,1979-2024,all valid grid cells,grid-cell >90th/<10th percentile of detrended deseasoned precipitation; exact monthly-climatology product decomposition,as specified in source,15480.0,<PROJECT_ROOT>\CANONICAL_WGPE_TOP100_v2\03_SOURCE_DATA\REGISTERED_SOURCES\WET_DRY_EXACT_SUMMARY_TOP100__472c3b1347.csv,472c3b1347b1182c33d514f6ab0273092a919635c44e13b4514817c396fa7eff,,wet_dry,main_core,MAIN,FINAL_MAIN,-47.9619617776518,
TOP100R000454,exact grid-month wet/dry W-GPE decomposition,exact grid-month wet/dry W-GPE decomposition | precipitation event | Dry | interaction_channel | S temperate | absolute | top100,interaction_channel,15.2737544324873,-7.46639243240261,40.9983752334629,J m-2,1979-2024,all valid grid cells,grid-cell >90th/<10th percentile of detrended deseasoned precipitation; exact monthly-climatology product decomposition,as specified in source,15480.0,<PROJECT_ROOT>\CANONICAL_WGPE_TOP100_v2\03_SOURCE_DATA\REGISTERED_SOURCES\WET_DRY_EXACT_SUMMARY_TOP100__472c3b1347.csv,472c3b1347b1182c33d514f6ab0273092a919635c44e13b4514817c396fa7eff,,wet_dry,main_core,MAIN,FINAL_MAIN,15.2737544324873,
TOP100R000455,exact grid-month wet/dry W-GPE decomposition,exact grid-month wet/dry W-GPE decomposition | precipitation event | Dry | closure_residual | S temperate | absolute | top100,closure_residual,1.19401903212973e-14,-1.1373020187661899e-13,1.24171240398709e-13,J m-2,1979-2024,all valid grid cells,grid-cell >90th/<10th percentile of detrended deseasoned precipitation; exact monthly-climatology product decomposition,as specified in source,15480.0,<PROJECT_ROOT>\CANONICAL_WGPE_TOP100_v2\03_SOURCE_DATA\REGISTERED_SOURCES\WET_DRY_EXACT_SUMMARY_TOP100__472c3b1347.csv,472c3b1347b1182c33d514f6ab0273092a919635c44e13b4514817c396fa7eff,,wet_dry,main_core,MAIN,FINAL_MAIN,1.19401903212973e-14,
TOP100R000456,exact grid-month wet/dry W-GPE decomposition,exact grid-month wet/dry W-GPE decomposition | precipitation event | Dry | precip_anomaly | S temperate | absolute | top100,precip_anomaly,-0.0014936684121092,-0.0015874133077474,-0.0014006119212291,m,1979-2024,all valid grid cells,grid-cell >90th/<10th percentile of detrended deseasoned precipitation; exact monthly-climatology product decomposition,as specified in source,15480.0,<PROJECT_ROOT>\CANONICAL_WGPE_TOP100_v2\03_SOURCE_DATA\REGISTERED_SOURCES\WET_DRY_EXACT_SUMMARY_TOP100__472c3b1347.csv,472c3b1347b1182c33d514f6ab0273092a919635c44e13b4514817c396fa7eff,,wet_dry,main_core,MAIN,FINAL_MAIN,-0.0014936684121092,
TOP100R000457,exact grid-month wet/dry W-GPE decomposition,exact grid-month wet/dry W-GPE decomposition | precipitation event | Dry | actual | Tropics | absolute | top100,actual,-2393.81656756711,-3814.81214158664,-1031.72963271837,J m-2,1979-2024,all valid grid cells,grid-cell >90th/<10th percentile of detrended deseasoned precipitation; exact monthly-climatology product decomposition,as specified in source,16920.0,<PROJECT_ROOT>\CANONICAL_WGPE_TOP100_v2\03_SOURCE_DATA\REGISTERED_SOURCES\WET_DRY_EXACT_SUMMARY_TOP100__472c3b1347.csv,472c3b1347b1182c33d514f6ab0273092a919635c44e13b4514817c396fa7eff,,wet_dry,main_core,MAIN,FINAL_MAIN,-2393.81656756711,
TOP100R000458,exact grid-month wet/dry W-GPE decomposition,exact grid-month wet/dry W-GPE decomposition | precipitation event | Dry | IWV_channel | Tropics | absolute | top100,IWV_channel,-1285.19587203791,-2206.33447012256,-356.473998575118,J m-2,1979-2024,all valid grid cells,grid-cell >90th/<10th percentile of detrended deseasoned precipitation; exact monthly-climatology product decomposition,as specified in source,16920.0,<PROJECT_ROOT>\CANONICAL_WGPE_TOP100_v2\03_SOURCE_DATA\REGISTERED_SOURCES\WET_DRY_EXACT_SUMMARY_TOP100__472c3b1347.csv,472c3b1347b1182c33d514f6ab0273092a919635c44e13b4514817c396fa7eff,,wet_dry,main_core,MAIN,FINAL_MAIN,-1285.19587203791,
TOP100R000459,exact grid-month wet/dry W-GPE decomposition,exact grid-month wet/dry W-GPE decomposition | precipitation event | Dry | z_channel | Tropics | absolute | top100,z_channel,-1097.79425518676,-1711.88401718547,-523.488169356364,J m-2,1979-2024,all valid grid cells,grid-cell >90th/<10th percentile of detrended deseasoned precipitation; exact monthly-climatology product decomposition,as specified in source,16920.0,<PROJECT_ROOT>\CANONICAL_WGPE_TOP100_v2\03_SOURCE_DATA\REGISTERED_SOURCES\WET_DRY_EXACT_SUMMARY_TOP100__472c3b1347.csv,472c3b1347b1182c33d514f6ab0273092a919635c44e13b4514817c396fa7eff,,wet_dry,main_core,MAIN,FINAL_MAIN,-1097.79425518676,
TOP100R000460,exact grid-month wet/dry W-GPE decomposition,exact grid-month wet/dry W-GPE decomposition | precipitation event | Dry | interaction_channel | Tropics | absolute | top100,interaction_channel,-10.826440342434,-94.2381405094656,70.4720704721025,J m-2,1979-2024,all valid grid cells,grid-cell >90th/<10th percentile of detrended deseasoned precipitation; exact monthly-climatology product decomposition,as specified in source,16920.0,<PROJECT_ROOT>\CANONICAL_WGPE_TOP100_v2\03_SOURCE_DATA\REGISTERED_SOURCES\WET_DRY_EXACT_SUMMARY_TOP100__472c3b1347.csv,472c3b1347b1182c33d514f6ab0273092a919635c44e13b4514817c396fa7eff,,wet_dry,main_core,MAIN,FINAL_MAIN,-10.826440342434,
TOP100R000461,exact grid-month wet/dry W-GPE decomposition,exact grid-month wet/dry W-GPE decomposition | precipitation event | Dry | closure_residual | Tropics | absolute | top100,closure_residual,-2.84826593536583e-13,-5.594271767261239e-13,-4.70221483864015e-16,J m-2,1979-2024,all valid grid cells,grid-cell >90th/<10th percentile of detrended deseasoned precipitation; exact monthly-climatology product decomposition,as specified in source,16920.0,<PROJECT_ROOT>\CANONICAL_WGPE_TOP100_v2\03_SOURCE_DATA\REGISTERED_SOURCES\WET_DRY_EXACT_SUMMARY_TOP100__472c3b1347.csv,472c3b1347b1182c33d514f6ab0273092a919635c44e13b4514817c396fa7eff,,wet_dry,main_core,MAIN,FINAL_MAIN,-2.84826593536583e-13,
TOP100R000462,exact grid-month wet/dry W-GPE decomposition,exact grid-month wet/dry W-GPE decomposition | precipitation event | Dry | precip_anomaly | Tropics | absolute | top100,precip_anomaly,-0.0028807154078389,-0.0031033802836544,-0.0026654579049146,m,1979-2024,all valid grid cells,grid-cell >90th/<10th percentile of detrended deseasoned precipitation; exact monthly-climatology product decomposition,as specified in source,16920.0,<PROJECT_ROOT>\CANONICAL_WGPE_TOP100_v2\03_SOURCE_DATA\REGISTERED_SOURCES\WET_DRY_EXACT_SUMMARY_TOP100__472c3b1347.csv,472c3b1347b1182c33d514f6ab0273092a919635c44e13b4514817c396fa7eff,,wet_dry,main_core,MAIN,FINAL_MAIN,-0.0028807154078389,
TOP100R000463,exact grid-month wet/dry W-GPE decomposition,exact grid-month wet/dry W-GPE decomposition | precipitation event | Dry | actual | N temperate | absolute | top100,actual,-622.421410698962,-1111.61716183156,-155.080640422878,J m-2,1979-2024,all valid grid cells,grid-cell >90th/<10th percentile of detrended deseasoned precipitation; exact monthly-climatology product decomposition,as specified in source,15480.0,<PROJECT_ROOT>\CANONICAL_WGPE_TOP100_v2\03_SOURCE_DATA\REGISTERED_SOURCES\WET_DRY_EXACT_SUMMARY_TOP100__472c3b1347.csv,472c3b1347b1182c33d514f6ab0273092a919635c44e13b4514817c396fa7eff,,wet_dry,main_core,MAIN,FINAL_MAIN,-622.421410698962,
TOP100R000464,exact grid-month wet/dry W-GPE decomposition,exact grid-month wet/dry W-GPE decomposition | precipitation event | Dry | IWV_channel | N temperate | absolute | top100,IWV_channel,-718.885809483319,-1138.87042870067,-299.852208819071,J m-2,1979-2024,all valid grid cells,grid-cell >90th/<10th percentile of detrended deseasoned precipitation; exact monthly-climatology product decomposition,as specified in source,15480.0,<PROJECT_ROOT>\CANONICAL_WGPE_TOP100_v2\03_SOURCE_DATA\REGISTERED_SOURCES\WET_DRY_EXACT_SUMMARY_TOP100__472c3b1347.csv,472c3b1347b1182c33d514f6ab0273092a919635c44e13b4514817c396fa7eff,,wet_dry,main_core,MAIN,FINAL_MAIN,-718.885809483319,
TOP100R000465,exact grid-month wet/dry W-GPE decomposition,exact grid-month wet/dry W-GPE decomposition | precipitation event | Dry | z_channel | N temperate | absolute | top100,z_channel,112.090378033618,-64.337020028798,296.075635709754,J m-2,1979-2024,all valid grid cells,grid-cell >90th/<10th percentile of detrended deseasoned precipitation; exact monthly-climatology product decomposition,as specified in source,15480.0,<PROJECT_ROOT>\CANONICAL_WGPE_TOP100_v2\03_SOURCE_DATA\REGISTERED_SOURCES\WET_DRY_EXACT_SUMMARY_TOP100__472c3b1347.csv,472c3b1347b1182c33d514f6ab0273092a919635c44e13b4514817c396fa7eff,,wet_dry,main_core,MAIN,FINAL_MAIN,112.090378033618,
TOP100R000466,exact grid-month wet/dry W-GPE decomposition,exact grid-month wet/dry W-GPE decomposition | precipitation event | Dry | interaction_channel | N temperate | absolute | top100,interaction_channel,-15.6259792492614,-35.2817843806547,3.26450095515255,J m-2,1979-2024,all valid grid cells,grid-cell >90th/<10th percentile of detrended deseasoned precipitation; exact monthly-climatology product decomposition,as specified in source,15480.0,<PROJECT_ROOT>\CANONICAL_WGPE_TOP100_v2\03_SOURCE_DATA\REGISTERED_SOURCES\WET_DRY_EXACT_SUMMARY_TOP100__472c3b1347.csv,472c3b1347b1182c33d514f6ab0273092a919635c44e13b4514817c396fa7eff,,wet_dry,main_core,MAIN,FINAL_MAIN,-15.6259792492614,
TOP100R000467,exact grid-month wet/dry W-GPE decomposition,exact grid-month wet/dry W-GPE decomposition | precipitation event | Dry | closure_residual | N temperate | absolute | top100,closure_residual,-1.43295812786699e-13,-3.01793827150735e-13,4.88510554891642e-15,J m-2,1979-2024,all valid grid cells,grid-cell >90th/<10th percentile of detrended deseasoned precipitation; exact monthly-climatology product decomposition,as specified in source,15480.0,<PROJECT_ROOT>\CANONICAL_WGPE_TOP100_v2\03_SOURCE_DATA\REGISTERED_SOURCES\WET_DRY_EXACT_SUMMARY_TOP100__472c3b1347.csv,472c3b1347b1182c33d514f6ab0273092a919635c44e13b4514817c396fa7eff,,wet_dry,main_core,MAIN,FINAL_MAIN,-1.43295812786699e-13,
TOP100R000468,exact grid-month wet/dry W-GPE decomposition,exact grid-month wet/dry W-GPE decomposition | precipitation event | Dry | precip_anomaly | N temperate | absolute | top100,precip_anomaly,-0.0016952227864066,-0.0018100217183891,-0.0015815032273906,m,1979-2024,all valid grid cells,grid-cell >90th/<10th percentile of detrended deseasoned precipitation; exact monthly-climatology product decomposition,as specified in source,15480.0,<PROJECT_ROOT>\CANONICAL_WGPE_TOP100_v2\03_SOURCE_DATA\REGISTERED_SOURCES\WET_DRY_EXACT_SUMMARY_TOP100__472c3b1347.csv,472c3b1347b1182c33d514f6ab0273092a919635c44e13b4514817c396fa7eff,,wet_dry,main_core,MAIN,FINAL_MAIN,-0.0016952227864066,
TOP100R000469,exact grid-month wet/dry W-GPE decomposition,exact grid-month wet/dry W-GPE decomposition | precipitation event | Dry | actual | N high latitude | absolute | top100,actual,158.720449068142,-396.114557035413,726.725439844428,J m-2,1979-2024,all valid grid cells,grid-cell >90th/<10th percentile of detrended deseasoned precipitation; exact monthly-climatology product decomposition,as specified in source,8640.0,<PROJECT_ROOT>\CANONICAL_WGPE_TOP100_v2\03_SOURCE_DATA\REGISTERED_SOURCES\WET_DRY_EXACT_SUMMARY_TOP100__472c3b1347.csv,472c3b1347b1182c33d514f6ab0273092a919635c44e13b4514817c396fa7eff,,wet_dry,main_core,MAIN,FINAL_MAIN,158.720449068142,
TOP100R000470,exact grid-month wet/dry W-GPE decomposition,exact grid-month wet/dry W-GPE decomposition | precipitation event | Dry | IWV_channel | N high latitude | absolute | top100,IWV_channel,-28.7321037237553,-526.50872184788,470.495500392076,J m-2,1979-2024,all valid grid cells,grid-cell >90th/<10th percentile of detrended deseasoned precipitation; exact monthly-climatology product decomposition,as specified in source,8640.0,<PROJECT_ROOT>\CANONICAL_WGPE_TOP100_v2\03_SOURCE_DATA\REGISTERED_SOURCES\WET_DRY_EXACT_SUMMARY_TOP100__472c3b1347.csv,472c3b1347b1182c33d514f6ab0273092a919635c44e13b4514817c396fa7eff,,wet_dry,main_core,MAIN,FINAL_MAIN,-28.7321037237553,
TOP100R000471,exact grid-month wet/dry W-GPE decomposition,exact grid-month wet/dry W-GPE decomposition | precipitation event | Dry | z_channel | N high latitude | absolute | top100,z_channel,193.361870406837,56.7485390102624,347.160038184204,J m-2,1979-2024,all valid grid cells,grid-cell >90th/<10th percentile of detrended deseasoned precipitation; exact monthly-climatology product decomposition,as specified in source,8640.0,<PROJECT_ROOT>\CANONICAL_WGPE_TOP100_v2\03_SOURCE_DATA\REGISTERED_SOURCES\WET_DRY_EXACT_SUMMARY_TOP100__472c3b1347.csv,472c3b1347b1182c33d514f6ab0273092a919635c44e13b4514817c396fa7eff,,wet_dry,main_core,MAIN,FINAL_MAIN,193.361870406837,
TOP100R000472,exact grid-month wet/dry W-GPE decomposition,exact grid-month wet/dry W-GPE decomposition | precipitation event | Dry | interaction_channel | N high latitude | absolute | top100,interaction_channel,-5.90931761493898,-19.2501336946764,6.17517294267049,J m-2,1979-2024,all valid grid cells,grid-cell >90th/<10th percentile of detrended deseasoned precipitation; exact monthly-climatology product decomposition,as specified in source,8640.0,<PROJECT_ROOT>\CANONICAL_WGPE_TOP100_v2\03_SOURCE_DATA\REGISTERED_SOURCES\WET_DRY_EXACT_SUMMARY_TOP100__472c3b1347.csv,472c3b1347b1182c33d514f6ab0273092a919635c44e13b4514817c396fa7eff,,wet_dry,main_core,MAIN,FINAL_MAIN,-5.90931761493898,
TOP100R000473,exact grid-month wet/dry W-GPE decomposition,exact grid-month wet/dry W-GPE decomposition | precipitation event | Dry | closure_residual | N high latitude | absolute | top100,closure_residual,-1.36841690378587e-14,-1.22619083516967e-13,9.405580975679651e-14,J m-2,1979-2024,all valid grid cells,grid-cell >90th/<10th percentile of detrended deseasoned precipitation; exact monthly-climatology product decomposition,as specified in source,8640.0,<PROJECT_ROOT>\CANONICAL_WGPE_TOP100_v2\03_SOURCE_DATA\REGISTERED_SOURCES\WET_DRY_EXACT_SUMMARY_TOP100__472c3b1347.csv,472c3b1347b1182c33d514f6ab0273092a919635c44e13b4514817c396fa7eff,,wet_dry,main_core,MAIN,FINAL_MAIN,-1.36841690378587e-14,
TOP100R000474,exact grid-month wet/dry W-GPE decomposition,exact grid-month wet/dry W-GPE decomposition | precipitation event | Dry | precip_anomaly | N high latitude | absolute | top100,precip_anomaly,-0.0007784701681375,-0.0008404959216499,-0.0007204946812904,m,1979-2024,all valid grid cells,grid-cell >90th/<10th percentile of detrended deseasoned precipitation; exact monthly-climatology product decomposition,as specified in source,8640.0,<PROJECT_ROOT>\CANONICAL_WGPE_TOP100_v2\03_SOURCE_DATA\REGISTERED_SOURCES\WET_DRY_EXACT_SUMMARY_TOP100__472c3b1347.csv,472c3b1347b1182c33d514f6ab0273092a919635c44e13b4514817c396fa7eff,,wet_dry,main_core,MAIN,FINAL_MAIN,-0.0007784701681375,
LOCK_ENSOPHASE_01_01,leakage-free leave-one-episode-cluster-out phase classification,leakage-free leave-one-episode-cluster-out phase classification | Phase0 | ENSO_phase | AUC | Global | absolute | top100,AUC,0.831111111111111,0.653323863636364,0.961904761904762,AUC,30 complete OctbMar winters,locked ONI episode clusters,training-only scaling and imputation; interaction after scaling,as specified in source,,output_TOP100_revision/FINAL_LOCKED_ARCHIVE/results/ENSO_phase_increment/ENSO_PHASE_CV_SUMMARY.csv,3322736d7222e26015234124a35b1fc180a23d5d32f5324f295bc15565570861,,ENSO_increment,SI,SI,FINAL_SI,0.831111111111111,26 clusters/folds; Phase1 permutation p=0.609
LOCK_ENSOPHASE_01_02,leakage-free leave-one-episode-cluster-out phase classification,leakage-free leave-one-episode-cluster-out phase classification | Phase0 | ENSO_phase | Brier | Global | absolute | top100,Brier,0.170051213063007,0.0911945049092229,0.263255470317147,Brier,30 complete OctbMar winters,locked ONI episode clusters,training-only scaling and imputation; interaction after scaling,as specified in source,,output_TOP100_revision/FINAL_LOCKED_ARCHIVE/results/ENSO_phase_increment/ENSO_PHASE_CV_SUMMARY.csv,3322736d7222e26015234124a35b1fc180a23d5d32f5324f295bc15565570861,,ENSO_increment,SI,SI,FINAL_SI,0.170051213063007,26 clusters/folds; Phase1 permutation p=0.609
LOCK_ENSOPHASE_01_03,leakage-free leave-one-episode-cluster-out phase classification,leakage-free leave-one-episode-cluster-out phase classification | Phase0 | ENSO_phase | log_loss | Global | absolute | top100,log_loss,0.50773067739734,,,log loss,30 complete OctbMar winters,locked ONI episode clusters,training-only scaling and imputation; interaction after scaling,as specified in source,,output_TOP100_revision/FINAL_LOCKED_ARCHIVE/results/ENSO_phase_increment/ENSO_PHASE_CV_SUMMARY.csv,3322736d7222e26015234124a35b1fc180a23d5d32f5324f295bc15565570861,,ENSO_increment,SI,SI,FINAL_SI,0.50773067739734,26 clusters/folds; Phase1 permutation p=0.609
LOCK_ENSOPHASE_01_04,leakage-free leave-one-episode-cluster-out phase classification,leakage-free leave-one-episode-cluster-out phase classification | Phase0 | ENSO_phase | delta_AUC_vs_Phase0 | Global | absolute | top100,delta_AUC_vs_Phase0,0.0,,,NAUC,30 complete OctbMar winters,locked ONI episode clusters,training-only scaling and imputation; interaction after scaling,as specified in source,,output_TOP100_revision/FINAL_LOCKED_ARCHIVE/results/ENSO_phase_increment/ENSO_PHASE_CV_SUMMARY.csv,3322736d7222e26015234124a35b1fc180a23d5d32f5324f295bc15565570861,,ENSO_increment,SI,SI,FINAL_SI,0,26 clusters/folds; Phase1 permutation p=0.609
LOCK_ENSOPHASE_01_05,leakage-free leave-one-episode-cluster-out phase classification,leakage-free leave-one-episode-cluster-out phase classification | Phase0 | ENSO_phase | delta_Brier_vs_Phase0 | Global | absolute | top100,delta_Brier_vs_Phase0,0.0,,,NBrier,30 complete OctbMar winters,locked ONI episode clusters,training-only scaling and imputation; interaction after scaling,as specified in source,,output_TOP100_revision/FINAL_LOCKED_ARCHIVE/results/ENSO_phase_increment/ENSO_PHASE_CV_SUMMARY.csv,3322736d7222e26015234124a35b1fc180a23d5d32f5324f295bc15565570861,,ENSO_increment,SI,SI,FINAL_SI,0,26 clusters/folds; Phase1 permutation p=0.609
LOCK_ENSOPHASE_01_06,leakage-free leave-one-episode-cluster-out phase classification,leakage-free leave-one-episode-cluster-out phase classification | Phase0 | ENSO_phase | delta_log_loss_vs_Phase0 | Global | absolute | top100,delta_log_loss_vs_Phase0,0.0,,,Nlog loss,30 complete OctbMar winters,locked ONI episode clusters,training-only scaling and imputation; interaction after scaling,as specified in source,,output_TOP100_revision/FINAL_LOCKED_ARCHIVE/results/ENSO_phase_increment/ENSO_PHASE_CV_SUMMARY.csv,3322736d7222e26015234124a35b1fc180a23d5d32f5324f295bc15565570861,,ENSO_increment,SI,SI,FINAL_SI,0,26 clusters/folds; Phase1 permutation p=0.609
LOCK_ENSOPHASE_02_01,leakage-free leave-one-episode-cluster-out phase classification,leakage-free leave-one-episode-cluster-out phase classification | Phase1 | ENSO_phase | AUC | Global | absolute | top100,AUC,0.804444444444444,0.611097756410256,0.951142857142857,AUC,30 complete OctbMar winters,locked ONI episode clusters,training-only scaling and imputation; interaction after scaling,as specified in source,,output_TOP100_revision/FINAL_LOCKED_ARCHIVE/results/ENSO_phase_increment/ENSO_PHASE_CV_SUMMARY.csv,3322736d7222e26015234124a35b1fc180a23d5d32f5324f295bc15565570861,,ENSO_increment,SI,SI,FINAL_SI,0.804444444444444,26 clusters/folds; Phase1 permutation p=0.609
LOCK_ENSOPHASE_02_02,leakage-free leave-one-episode-cluster-out phase classification,leakage-free leave-one-episode-cluster-out phase classification | Phase1 | ENSO_phase | Brier | Global | absolute | top100,Brier,0.184695303980747,0.0968541663619189,0.288699897454546,Brier,30 complete OctbMar winters,locked ONI episode clusters,training-only scaling and imputation; interaction after scaling,as specified in source,,output_TOP100_revision/FINAL_LOCKED_ARCHIVE/results/ENSO_phase_increment/ENSO_PHASE_CV_SUMMARY.csv,3322736d7222e26015234124a35b1fc180a23d5d32f5324f295bc15565570861,,ENSO_increment,SI,SI,FINAL_SI,0.184695303980747,26 clusters/folds; Phase1 permutation p=0.609
LOCK_ENSOPHASE_02_03,leakage-free leave-one-episode-cluster-out phase classification,leakage-free leave-one-episode-cluster-out phase classification | Phase1 | ENSO_phase | log_loss | Global | absolute | top100,log_loss,0.628661518716332,,,log loss,30 complete OctbMar winters,locked ONI episode clusters,training-only scaling and imputation; interaction after scaling,as specified in source,,output_TOP100_revision/FINAL_LOCKED_ARCHIVE/results/ENSO_phase_increment/ENSO_PHASE_CV_SUMMARY.csv,3322736d7222e26015234124a35b1fc180a23d5d32f5324f295bc15565570861,,ENSO_increment,SI,SI,FINAL_SI,0.628661518716332,26 clusters/folds; Phase1 permutation p=0.609
LOCK_ENSOPHASE_02_04,leakage-free leave-one-episode-cluster-out phase classification,leakage-free leave-one-episode-cluster-out phase classification | Phase1 | ENSO_phase | delta_AUC_vs_Phase0 | Global | absolute | top100,delta_AUC_vs_Phase0,-0.0266666666666667,,,NAUC,30 complete OctbMar winters,locked ONI episode clusters,training-only scaling and imputation; interaction after scaling,as specified in source,,output_TOP100_revision/FINAL_LOCKED_ARCHIVE/results/ENSO_phase_increment/ENSO_PHASE_CV_SUMMARY.csv,3322736d7222e26015234124a35b1fc180a23d5d32f5324f295bc15565570861,,ENSO_increment,SI,SI,FINAL_SI,-0.0266666666666667,26 clusters/folds; Phase1 permutation p=0.609
LOCK_ENSOPHASE_02_05,leakage-free leave-one-episode-cluster-out phase classification,leakage-free leave-one-episode-cluster-out phase classification | Phase1 | ENSO_phase | delta_Brier_vs_Phase0 | Global | absolute | top100,delta_Brier_vs_Phase0,0.0146440909177405,,,NBrier,30 complete OctbMar winters,locked ONI episode clusters,training-only scaling and imputation; interaction after scaling,as specified in source,,output_TOP100_revision/FINAL_LOCKED_ARCHIVE/results/ENSO_phase_increment/ENSO_PHASE_CV_SUMMARY.csv,3322736d7222e26015234124a35b1fc180a23d5d32f5324f295bc15565570861,,ENSO_increment,SI,SI,FINAL_SI,0.0146440909177405,26 clusters/folds; Phase1 permutation p=0.609
LOCK_ENSOPHASE_02_06,leakage-free leave-one-episode-cluster-out phase classification,leakage-free leave-one-episode-cluster-out phase classification | Phase1 | ENSO_phase | delta_log_loss_vs_Phase0 | Global | absolute | top100,delta_log_loss_vs_Phase0,0.120930841318992,,,Nlog loss,30 complete OctbMar winters,locked ONI episode clusters,training-only scaling and imputation; interaction after scaling,as specified in source,,output_TOP100_revision/FINAL_LOCKED_ARCHIVE/results/ENSO_phase_increment/ENSO_PHASE_CV_SUMMARY.csv,3322736d7222e26015234124a35b1fc180a23d5d32f5324f295bc15565570861,,ENSO_increment,SI,SI,FINAL_SI,0.120930841318992,26 clusters/folds; Phase1 permutation p=0.609
LOCK_ENSOPHASE_03_01,leakage-free leave-one-episode-cluster-out phase classification,leakage-free leave-one-episode-cluster-out phase classification | Phase2 | ENSO_phase | AUC | Global | absolute | top100,AUC,0.737777777777778,0.543589743589744,0.905891544117647,AUC,30 complete OctbMar winters,locked ONI episode clusters,training-only scaling and imputation; interaction after scaling,as specified in source,,output_TOP100_revision/FINAL_LOCKED_ARCHIVE/results/ENSO_phase_increment/ENSO_PHASE_CV_SUMMARY.csv,3322736d7222e26015234124a35b1fc180a23d5d32f5324f295bc15565570861,,ENSO_increment,SI,SI,FINAL_SI,0.737777777777778,26 clusters/folds; Phase1 permutation p=0.609
LOCK_ENSOPHASE_03_02,leakage-free leave-one-episode-cluster-out phase classification,leakage-free leave-one-episode-cluster-out phase classification | Phase2 | ENSO_phase | Brier | Global | absolute | top100,Brier,0.227041484846194,0.119555412414337,0.339907680603683,Brier,30 complete OctbMar winters,locked ONI episode clusters,training-only scaling and imputation; interaction after scaling,as specified in source,,output_TOP100_revision/FINAL_LOCKED_ARCHIVE/results/ENSO_phase_increment/ENSO_PHASE_CV_SUMMARY.csv,3322736d7222e26015234124a35b1fc180a23d5d32f5324f295bc15565570861,,ENSO_increment,SI,SI,FINAL_SI,0.227041484846194,26 clusters/folds; Phase1 permutation p=0.609
LOCK_ENSOPHASE_03_03,leakage-free leave-one-episode-cluster-out phase classification,leakage-free leave-one-episode-cluster-out phase classification | Phase2 | ENSO_phase | log_loss | Global | absolute | top100,log_loss,0.770029471630306,,,log loss,30 complete OctbMar winters,locked ONI episode clusters,training-only scaling and imputation; interaction after scaling,as specified in source,,output_TOP100_revision/FINAL_LOCKED_ARCHIVE/results/ENSO_phase_increment/ENSO_PHASE_CV_SUMMARY.csv,3322736d7222e26015234124a35b1fc180a23d5d32f5324f295bc15565570861,,ENSO_increment,SI,SI,FINAL_SI,0.770029471630306,26 clusters/folds; Phase1 permutation p=0.609
LOCK_ENSOPHASE_03_04,leakage-free leave-one-episode-cluster-out phase classification,leakage-free leave-one-episode-cluster-out phase classification | Phase2 | ENSO_phase | delta_AUC_vs_Phase0 | Global | absolute | top100,delta_AUC_vs_Phase0,-0.0933333333333334,,,NAUC,30 complete OctbMar winters,locked ONI episode clusters,training-only scaling and imputation; interaction after scaling,as specified in source,,output_TOP100_revision/FINAL_LOCKED_ARCHIVE/results/ENSO_phase_increment/ENSO_PHASE_CV_SUMMARY.csv,3322736d7222e26015234124a35b1fc180a23d5d32f5324f295bc15565570861,,ENSO_increment,SI,SI,FINAL_SI,-0.0933333333333334,26 clusters/folds; Phase1 permutation p=0.609
LOCK_ENSOPHASE_03_05,leakage-free leave-one-episode-cluster-out phase classification,leakage-free leave-one-episode-cluster-out phase classification | Phase2 | ENSO_phase | delta_Brier_vs_Phase0 | Global | absolute | top100,delta_Brier_vs_Phase0,0.0569902717831872,,,NBrier,30 complete OctbMar winters,locked ONI episode clusters,training-only scaling and imputation; interaction after scaling,as specified in source,,output_TOP100_revision/FINAL_LOCKED_ARCHIVE/results/ENSO_phase_increment/ENSO_PHASE_CV_SUMMARY.csv,3322736d7222e26015234124a35b1fc180a23d5d32f5324f295bc15565570861,,ENSO_increment,SI,SI,FINAL_SI,0.0569902717831872,26 clusters/folds; Phase1 permutation p=0.609
LOCK_ENSOPHASE_03_06,leakage-free leave-one-episode-cluster-out phase classification,leakage-free leave-one-episode-cluster-out phase classification | Phase2 | ENSO_phase | delta_log_loss_vs_Phase0 | Global | absolute | top100,delta_log_loss_vs_Phase0,0.262298794232966,,,Nlog loss,30 complete OctbMar winters,locked ONI episode clusters,training-only scaling and imputation; interaction after scaling,as specified in source,,output_TOP100_revision/FINAL_LOCKED_ARCHIVE/results/ENSO_phase_increment/ENSO_PHASE_CV_SUMMARY.csv,3322736d7222e26015234124a35b1fc180a23d5d32f5324f295bc15565570861,,ENSO_increment,SI,SI,FINAL_SI,0.262298794232966,26 clusters/folds; Phase1 permutation p=0.609
LOCK_ECOFIELD_01_01,ecology exhaustive common circular shifts,ecology exhaustive common circular shifts | W-GPE | GPP | observed_mean_partial_r | Global | absolute | top100,observed_mean_partial_r,0.0782896864708896,,,Partial r,GPP 2000-03b2024-12; LAI 2000-01b2020-12,persistent_vegetated_domain,exhaustive_unique_circular_shifts,as specified in source,12009.0,output_TOP100_revision/FINAL_LOCKED_ARCHIVE/results/ecology_field_significance/ECOLOGY_FIELD_SIGNIFICANCE_FINAL.csv,12acb95dd7a72a5fca6f95195a704346f45f5c1466139ee87b7cc67778fa286f,,field_significance,SI,SI,FINAL_SI,0.0782896864708896,unique shifts=297; phase randomized unresolved sensitivity
LOCK_ECOFIELD_01_02,ecology exhaustive common circular shifts,ecology exhaustive common circular shifts | W-GPE | GPP | BH_positive_area_pct | Global | absolute | top100,BH_positive_area_pct,33.0199131516775,,,%,GPP 2000-03b2024-12; LAI 2000-01b2020-12,persistent_vegetated_domain,exhaustive_unique_circular_shifts,as specified in source,12009.0,output_TOP100_revision/FINAL_LOCKED_ARCHIVE/results/ecology_field_significance/ECOLOGY_FIELD_SIGNIFICANCE_FINAL.csv,12acb95dd7a72a5fca6f95195a704346f45f5c1466139ee87b7cc67778fa286f,,field_significance,SI,SI,FINAL_SI,33.0199131516775,unique shifts=297; phase randomized unresolved sensitivity
LOCK_ECOFIELD_01_03,ecology exhaustive common circular shifts,ecology exhaustive common circular shifts | W-GPE | GPP | BH_negative_area_pct | Global | absolute | top100,BH_negative_area_pct,4.80018104922981,,,%,GPP 2000-03b2024-12; LAI 2000-01b2020-12,persistent_vegetated_domain,exhaustive_unique_circular_shifts,as specified in source,12009.0,output_TOP100_revision/FINAL_LOCKED_ARCHIVE/results/ecology_field_significance/ECOLOGY_FIELD_SIGNIFICANCE_FINAL.csv,12acb95dd7a72a5fca6f95195a704346f45f5c1466139ee87b7cc67778fa286f,,field_significance,SI,SI,FINAL_SI,4.80018104922981,unique shifts=297; phase randomized unresolved sensitivity
LOCK_ECOFIELD_01_04,ecology exhaustive common circular shifts,ecology exhaustive common circular shifts | W-GPE | GPP | BY_positive_area_pct | Global | absolute | top100,BY_positive_area_pct,17.0536932349883,,,%,GPP 2000-03b2024-12; LAI 2000-01b2020-12,persistent_vegetated_domain,exhaustive_unique_circular_shifts,as specified in source,12009.0,output_TOP100_revision/FINAL_LOCKED_ARCHIVE/results/ecology_field_significance/ECOLOGY_FIELD_SIGNIFICANCE_FINAL.csv,12acb95dd7a72a5fca6f95195a704346f45f5c1466139ee87b7cc67778fa286f,,field_significance,SI,SI,FINAL_SI,17.0536932349883,unique shifts=297; phase randomized unresolved sensitivity
LOCK_ECOFIELD_01_05,ecology exhaustive common circular shifts,ecology exhaustive common circular shifts | W-GPE | GPP | BY_negative_area_pct | Global | absolute | top100,BY_negative_area_pct,2.13731043431839,,,%,GPP 2000-03b2024-12; LAI 2000-01b2020-12,persistent_vegetated_domain,exhaustive_unique_circular_shifts,as specified in source,12009.0,output_TOP100_revision/FINAL_LOCKED_ARCHIVE/results/ecology_field_significance/ECOLOGY_FIELD_SIGNIFICANCE_FINAL.csv,12acb95dd7a72a5fca6f95195a704346f45f5c1466139ee87b7cc67778fa286f,,field_significance,SI,SI,FINAL_SI,2.13731043431839,unique shifts=297; phase randomized unresolved sensitivity
LOCK_ECOFIELD_01_06,ecology exhaustive common circular shifts,ecology exhaustive common circular shifts | W-GPE | GPP | circular_positive_empirical_p | Global | absolute | top100,circular_positive_empirical_p,0.0033557046979865,,,p,GPP 2000-03b2024-12; LAI 2000-01b2020-12,persistent_vegetated_domain,exhaustive_unique_circular_shifts,as specified in source,12009.0,output_TOP100_revision/FINAL_LOCKED_ARCHIVE/results/ecology_field_significance/ECOLOGY_FIELD_SIGNIFICANCE_FINAL.csv,12acb95dd7a72a5fca6f95195a704346f45f5c1466139ee87b7cc67778fa286f,,field_significance,SI,SI,FINAL_SI,0.0033557046979865,unique shifts=297; phase randomized unresolved sensitivity
LOCK_ECOFIELD_01_07,ecology exhaustive common circular shifts,ecology exhaustive common circular shifts | W-GPE | GPP | circular_negative_empirical_p | Global | absolute | top100,circular_negative_empirical_p,0.0033557046979865,,,p,GPP 2000-03b2024-12; LAI 2000-01b2020-12,persistent_vegetated_domain,exhaustive_unique_circular_shifts,as specified in source,12009.0,output_TOP100_revision/FINAL_LOCKED_ARCHIVE/results/ecology_field_significance/ECOLOGY_FIELD_SIGNIFICANCE_FINAL.csv,12acb95dd7a72a5fca6f95195a704346f45f5c1466139ee87b7cc67778fa286f,,field_significance,SI,SI,FINAL_SI,0.0033557046979865,unique shifts=297; phase randomized unresolved sensitivity
LOCK_ECOFIELD_01_08,ecology exhaustive common circular shifts,ecology exhaustive common circular shifts | W-GPE | GPP | year_block_positive_empirical_p | Global | absolute | top100,year_block_positive_empirical_p,0.001,,,p,GPP 2000-03b2024-12; LAI 2000-01b2020-12,persistent_vegetated_domain,exhaustive_unique_circular_shifts,as specified in source,12009.0,output_TOP100_revision/FINAL_LOCKED_ARCHIVE/results/ecology_field_significance/ECOLOGY_FIELD_SIGNIFICANCE_FINAL.csv,12acb95dd7a72a5fca6f95195a704346f45f5c1466139ee87b7cc67778fa286f,,field_significance,SI,SI,FINAL_SI,0.001,unique shifts=297; phase randomized unresolved sensitivity
LOCK_ECOFIELD_01_09,ecology exhaustive common circular shifts,ecology exhaustive common circular shifts | W-GPE | GPP | year_block_negative_empirical_p | Global | absolute | top100,year_block_negative_empirical_p,0.001,,,p,GPP 2000-03b2024-12; LAI 2000-01b2020-12,persistent_vegetated_domain,exhaustive_unique_circular_shifts,as specified in source,12009.0,output_TOP100_revision/FINAL_LOCKED_ARCHIVE/results/ecology_field_significance/ECOLOGY_FIELD_SIGNIFICANCE_FINAL.csv,12acb95dd7a72a5fca6f95195a704346f45f5c1466139ee87b7cc67778fa286f,,field_significance,SI,SI,FINAL_SI,0.001,unique shifts=297; phase randomized unresolved sensitivity
LOCK_ECOFIELD_01_10,ecology exhaustive common circular shifts,ecology exhaustive common circular shifts | W-GPE | GPP | spatial_block_two_sided_p | Global | absolute | top100,spatial_block_two_sided_p,0.0,,,p,GPP 2000-03b2024-12; LAI 2000-01b2020-12,persistent_vegetated_domain,exhaustive_unique_circular_shifts,as specified in source,12009.0,output_TOP100_revision/FINAL_LOCKED_ARCHIVE/results/ecology_field_significance/ECOLOGY_FIELD_SIGNIFICANCE_FINAL.csv,12acb95dd7a72a5fca6f95195a704346f45f5c1466139ee87b7cc67778fa286f,,field_significance,SI,SI,FINAL_SI,0,unique shifts=297; phase randomized unresolved sensitivity
LOCK_ECOFIELD_02_01,ecology exhaustive common circular shifts,ecology exhaustive common circular shifts | <z> | GPP | observed_mean_partial_r | Global | absolute | top100,observed_mean_partial_r,0.0004330965173359,,,Partial r,GPP 2000-03b2024-12; LAI 2000-01b2020-12,persistent_vegetated_domain,exhaustive_unique_circular_shifts,as specified in source,12009.0,output_TOP100_revision/FINAL_LOCKED_ARCHIVE/results/ecology_field_significance/ECOLOGY_FIELD_SIGNIFICANCE_FINAL.csv,12acb95dd7a72a5fca6f95195a704346f45f5c1466139ee87b7cc67778fa286f,,field_significance,SI,SI,FINAL_SI,0.0004330965173359,unique shifts=297; phase randomized unresolved sensitivity
LOCK_ECOFIELD_02_02,ecology exhaustive common circular shifts,ecology exhaustive common circular shifts | <z> | GPP | BH_positive_area_pct | Global | absolute | top100,BH_positive_area_pct,3.15799537503826,,,%,GPP 2000-03b2024-12; LAI 2000-01b2020-12,persistent_vegetated_domain,exhaustive_unique_circular_shifts,as specified in source,12009.0,output_TOP100_revision/FINAL_LOCKED_ARCHIVE/results/ecology_field_significance/ECOLOGY_FIELD_SIGNIFICANCE_FINAL.csv,12acb95dd7a72a5fca6f95195a704346f45f5c1466139ee87b7cc67778fa286f,,field_significance,SI,SI,FINAL_SI,3.15799537503826,unique shifts=297; phase randomized unresolved sensitivity
LOCK_ECOFIELD_02_03,ecology exhaustive common circular shifts,ecology exhaustive common circular shifts | <z> | GPP | BH_negative_area_pct | Global | absolute | top100,BH_negative_area_pct,2.21941732154208,,,%,GPP 2000-03b2024-12; LAI 2000-01b2020-12,persistent_vegetated_domain,exhaustive_unique_circular_shifts,as specified in source,12009.0,output_TOP100_revision/FINAL_LOCKED_ARCHIVE/results/ecology_field_significance/ECOLOGY_FIELD_SIGNIFICANCE_FINAL.csv,12acb95dd7a72a5fca6f95195a704346f45f5c1466139ee87b7cc67778fa286f,,field_significance,SI,SI,FINAL_SI,2.21941732154208,unique shifts=297; phase randomized unresolved sensitivity
LOCK_ECOFIELD_02_04,ecology exhaustive common circular shifts,ecology exhaustive common circular shifts | <z> | GPP | BY_positive_area_pct | Global | absolute | top100,BY_positive_area_pct,1.17284940528507,,,%,GPP 2000-03b2024-12; LAI 2000-01b2020-12,persistent_vegetated_domain,exhaustive_unique_circular_shifts,as specified in source,12009.0,output_TOP100_revision/FINAL_LOCKED_ARCHIVE/results/ecology_field_significance/ECOLOGY_FIELD_SIGNIFICANCE_FINAL.csv,12acb95dd7a72a5fca6f95195a704346f45f5c1466139ee87b7cc67778fa286f,,field_significance,SI,SI,FINAL_SI,1.17284940528507,unique shifts=297; phase randomized unresolved sensitivity
LOCK_ECOFIELD_02_05,ecology exhaustive common circular shifts,ecology exhaustive common circular shifts | <z> | GPP | BY_negative_area_pct | Global | absolute | top100,BY_negative_area_pct,0.752993593831447,,,%,GPP 2000-03b2024-12; LAI 2000-01b2020-12,persistent_vegetated_domain,exhaustive_unique_circular_shifts,as specified in source,12009.0,output_TOP100_revision/FINAL_LOCKED_ARCHIVE/results/ecology_field_significance/ECOLOGY_FIELD_SIGNIFICANCE_FINAL.csv,12acb95dd7a72a5fca6f95195a704346f45f5c1466139ee87b7cc67778fa286f,,field_significance,SI,SI,FINAL_SI,0.752993593831447,unique shifts=297; phase randomized unresolved sensitivity
LOCK_ECOFIELD_02_06,ecology exhaustive common circular shifts,ecology exhaustive common circular shifts | <z> | GPP | circular_positive_empirical_p | Global | absolute | top100,circular_positive_empirical_p,0.0067114093959731,,,p,GPP 2000-03b2024-12; LAI 2000-01b2020-12,persistent_vegetated_domain,exhaustive_unique_circular_shifts,as specified in source,12009.0,output_TOP100_revision/FINAL_LOCKED_ARCHIVE/results/ecology_field_significance/ECOLOGY_FIELD_SIGNIFICANCE_FINAL.csv,12acb95dd7a72a5fca6f95195a704346f45f5c1466139ee87b7cc67778fa286f,,field_significance,SI,SI,FINAL_SI,0.0067114093959731,unique shifts=297; phase randomized unresolved sensitivity
LOCK_ECOFIELD_02_07,ecology exhaustive common circular shifts,ecology exhaustive common circular shifts | <z> | GPP | circular_negative_empirical_p | Global | absolute | top100,circular_negative_empirical_p,0.0033557046979865,,,p,GPP 2000-03b2024-12; LAI 2000-01b2020-12,persistent_vegetated_domain,exhaustive_unique_circular_shifts,as specified in source,12009.0,output_TOP100_revision/FINAL_LOCKED_ARCHIVE/results/ecology_field_significance/ECOLOGY_FIELD_SIGNIFICANCE_FINAL.csv,12acb95dd7a72a5fca6f95195a704346f45f5c1466139ee87b7cc67778fa286f,,field_significance,SI,SI,FINAL_SI,0.0033557046979865,unique shifts=297; phase randomized unresolved sensitivity
LOCK_ECOFIELD_02_08,ecology exhaustive common circular shifts,ecology exhaustive common circular shifts | <z> | GPP | year_block_positive_empirical_p | Global | absolute | top100,year_block_positive_empirical_p,0.001,,,p,GPP 2000-03b2024-12; LAI 2000-01b2020-12,persistent_vegetated_domain,exhaustive_unique_circular_shifts,as specified in source,12009.0,output_TOP100_revision/FINAL_LOCKED_ARCHIVE/results/ecology_field_significance/ECOLOGY_FIELD_SIGNIFICANCE_FINAL.csv,12acb95dd7a72a5fca6f95195a704346f45f5c1466139ee87b7cc67778fa286f,,field_significance,SI,SI,FINAL_SI,0.001,unique shifts=297; phase randomized unresolved sensitivity
LOCK_ECOFIELD_02_09,ecology exhaustive common circular shifts,ecology exhaustive common circular shifts | <z> | GPP | year_block_negative_empirical_p | Global | absolute | top100,year_block_negative_empirical_p,0.001,,,p,GPP 2000-03b2024-12; LAI 2000-01b2020-12,persistent_vegetated_domain,exhaustive_unique_circular_shifts,as specified in source,12009.0,output_TOP100_revision/FINAL_LOCKED_ARCHIVE/results/ecology_field_significance/ECOLOGY_FIELD_SIGNIFICANCE_FINAL.csv,12acb95dd7a72a5fca6f95195a704346f45f5c1466139ee87b7cc67778fa286f,,field_significance,SI,SI,FINAL_SI,0.001,unique shifts=297; phase randomized unresolved sensitivity
LOCK_ECOFIELD_02_10,ecology exhaustive common circular shifts,ecology exhaustive common circular shifts | <z> | GPP | spatial_block_two_sided_p | Global | absolute | top100,spatial_block_two_sided_p,0.906,,,p,GPP 2000-03b2024-12; LAI 2000-01b2020-12,persistent_vegetated_domain,exhaustive_unique_circular_shifts,as specified in source,12009.0,output_TOP100_revision/FINAL_LOCKED_ARCHIVE/results/ecology_field_significance/ECOLOGY_FIELD_SIGNIFICANCE_FINAL.csv,12acb95dd7a72a5fca6f95195a704346f45f5c1466139ee87b7cc67778fa286f,,field_significance,SI,SI,FINAL_SI,0.906,unique shifts=297; phase randomized unresolved sensitivity
LOCK_ECOFIELD_03_01,ecology exhaustive common circular shifts,ecology exhaustive common circular shifts | W-GPE | LAI | observed_mean_partial_r | Global | absolute | top100,observed_mean_partial_r,0.0201723469709629,,,Partial r,GPP 2000-03b2024-12; LAI 2000-01b2020-12,persistent_vegetated_domain,exhaustive_unique_circular_shifts,as specified in source,8300.0,output_TOP100_revision/FINAL_LOCKED_ARCHIVE/results/ecology_field_significance/ECOLOGY_FIELD_SIGNIFICANCE_FINAL.csv,12acb95dd7a72a5fca6f95195a704346f45f5c1466139ee87b7cc67778fa286f,,field_significance,SI,SI,FINAL_SI,0.0201723469709629,unique shifts=251; phase randomized unresolved sensitivity
LOCK_ECOFIELD_03_02,ecology exhaustive common circular shifts,ecology exhaustive common circular shifts | W-GPE | LAI | BH_positive_area_pct | Global | absolute | top100,BH_positive_area_pct,2.13812287015957,,,%,GPP 2000-03b2024-12; LAI 2000-01b2020-12,persistent_vegetated_domain,exhaustive_unique_circular_shifts,as specified in source,8300.0,output_TOP100_revision/FINAL_LOCKED_ARCHIVE/results/ecology_field_significance/ECOLOGY_FIELD_SIGNIFICANCE_FINAL.csv,12acb95dd7a72a5fca6f95195a704346f45f5c1466139ee87b7cc67778fa286f,,field_significance,SI,SI,FINAL_SI,2.13812287015957,unique shifts=251; phase randomized unresolved sensitivity
LOCK_ECOFIELD_03_03,ecology exhaustive common circular shifts,ecology exhaustive common circular shifts | W-GPE | LAI | BH_negative_area_pct | Global | absolute | top100,BH_negative_area_pct,0.192565232494465,,,%,GPP 2000-03b2024-12; LAI 2000-01b2020-12,persistent_vegetated_domain,exhaustive_unique_circular_shifts,as specified in source,8300.0,output_TOP100_revision/FINAL_LOCKED_ARCHIVE/results/ecology_field_significance/ECOLOGY_FIELD_SIGNIFICANCE_FINAL.csv,12acb95dd7a72a5fca6f95195a704346f45f5c1466139ee87b7cc67778fa286f,,field_significance,SI,SI,FINAL_SI,0.192565232494465,unique shifts=251; phase randomized unresolved sensitivity
LOCK_ECOFIELD_03_04,ecology exhaustive common circular shifts,ecology exhaustive common circular shifts | W-GPE | LAI | BY_positive_area_pct | Global | absolute | top100,BY_positive_area_pct,0.429018393264511,,,%,GPP 2000-03b2024-12; LAI 2000-01b2020-12,persistent_vegetated_domain,exhaustive_unique_circular_shifts,as specified in source,8300.0,output_TOP100_revision/FINAL_LOCKED_ARCHIVE/results/ecology_field_significance/ECOLOGY_FIELD_SIGNIFICANCE_FINAL.csv,12acb95dd7a72a5fca6f95195a704346f45f5c1466139ee87b7cc67778fa286f,,field_significance,SI,SI,FINAL_SI,0.429018393264511,unique shifts=251; phase randomized unresolved sensitivity
LOCK_ECOFIELD_03_05,ecology exhaustive common circular shifts,ecology exhaustive common circular shifts | W-GPE | LAI | BY_negative_area_pct | Global | absolute | top100,BY_negative_area_pct,0.0,,,%,GPP 2000-03b2024-12; LAI 2000-01b2020-12,persistent_vegetated_domain,exhaustive_unique_circular_shifts,as specified in source,8300.0,output_TOP100_revision/FINAL_LOCKED_ARCHIVE/results/ecology_field_significance/ECOLOGY_FIELD_SIGNIFICANCE_FINAL.csv,12acb95dd7a72a5fca6f95195a704346f45f5c1466139ee87b7cc67778fa286f,,field_significance,SI,SI,FINAL_SI,0,unique shifts=251; phase randomized unresolved sensitivity
LOCK_ECOFIELD_03_06,ecology exhaustive common circular shifts,ecology exhaustive common circular shifts | W-GPE | LAI | circular_positive_empirical_p | Global | absolute | top100,circular_positive_empirical_p,0.0039682539682539,,,p,GPP 2000-03b2024-12; LAI 2000-01b2020-12,persistent_vegetated_domain,exhaustive_unique_circular_shifts,as specified in source,8300.0,output_TOP100_revision/FINAL_LOCKED_ARCHIVE/results/ecology_field_significance/ECOLOGY_FIELD_SIGNIFICANCE_FINAL.csv,12acb95dd7a72a5fca6f95195a704346f45f5c1466139ee87b7cc67778fa286f,,field_significance,SI,SI,FINAL_SI,0.0039682539682539,unique shifts=251; phase randomized unresolved sensitivity
LOCK_ECOFIELD_03_07,ecology exhaustive common circular shifts,ecology exhaustive common circular shifts | W-GPE | LAI | circular_negative_empirical_p | Global | absolute | top100,circular_negative_empirical_p,0.0039682539682539,,,p,GPP 2000-03b2024-12; LAI 2000-01b2020-12,persistent_vegetated_domain,exhaustive_unique_circular_shifts,as specified in source,8300.0,output_TOP100_revision/FINAL_LOCKED_ARCHIVE/results/ecology_field_significance/ECOLOGY_FIELD_SIGNIFICANCE_FINAL.csv,12acb95dd7a72a5fca6f95195a704346f45f5c1466139ee87b7cc67778fa286f,,field_significance,SI,SI,FINAL_SI,0.0039682539682539,unique shifts=251; phase randomized unresolved sensitivity
LOCK_ECOFIELD_03_08,ecology exhaustive common circular shifts,ecology exhaustive common circular shifts | W-GPE | LAI | year_block_positive_empirical_p | Global | absolute | top100,year_block_positive_empirical_p,0.001,,,p,GPP 2000-03b2024-12; LAI 2000-01b2020-12,persistent_vegetated_domain,exhaustive_unique_circular_shifts,as specified in source,8300.0,output_TOP100_revision/FINAL_LOCKED_ARCHIVE/results/ecology_field_significance/ECOLOGY_FIELD_SIGNIFICANCE_FINAL.csv,12acb95dd7a72a5fca6f95195a704346f45f5c1466139ee87b7cc67778fa286f,,field_significance,SI,SI,FINAL_SI,0.001,unique shifts=251; phase randomized unresolved sensitivity
LOCK_ECOFIELD_03_09,ecology exhaustive common circular shifts,ecology exhaustive common circular shifts | W-GPE | LAI | year_block_negative_empirical_p | Global | absolute | top100,year_block_negative_empirical_p,0.003,,,p,GPP 2000-03b2024-12; LAI 2000-01b2020-12,persistent_vegetated_domain,exhaustive_unique_circular_shifts,as specified in source,8300.0,output_TOP100_revision/FINAL_LOCKED_ARCHIVE/results/ecology_field_significance/ECOLOGY_FIELD_SIGNIFICANCE_FINAL.csv,12acb95dd7a72a5fca6f95195a704346f45f5c1466139ee87b7cc67778fa286f,,field_significance,SI,SI,FINAL_SI,0.003,unique shifts=251; phase randomized unresolved sensitivity
LOCK_ECOFIELD_03_10,ecology exhaustive common circular shifts,ecology exhaustive common circular shifts | W-GPE | LAI | spatial_block_two_sided_p | Global | absolute | top100,spatial_block_two_sided_p,0.0,,,p,GPP 2000-03b2024-12; LAI 2000-01b2020-12,persistent_vegetated_domain,exhaustive_unique_circular_shifts,as specified in source,8300.0,output_TOP100_revision/FINAL_LOCKED_ARCHIVE/results/ecology_field_significance/ECOLOGY_FIELD_SIGNIFICANCE_FINAL.csv,12acb95dd7a72a5fca6f95195a704346f45f5c1466139ee87b7cc67778fa286f,,field_significance,SI,SI,FINAL_SI,0,unique shifts=251; phase randomized unresolved sensitivity
LOCK_ECOFIELD_04_01,ecology exhaustive common circular shifts,ecology exhaustive common circular shifts | <z> | LAI | observed_mean_partial_r | Global | absolute | top100,observed_mean_partial_r,0.0041275987073162,,,Partial r,GPP 2000-03b2024-12; LAI 2000-01b2020-12,persistent_vegetated_domain,exhaustive_unique_circular_shifts,as specified in source,8300.0,output_TOP100_revision/FINAL_LOCKED_ARCHIVE/results/ecology_field_significance/ECOLOGY_FIELD_SIGNIFICANCE_FINAL.csv,12acb95dd7a72a5fca6f95195a704346f45f5c1466139ee87b7cc67778fa286f,,field_significance,SI,SI,FINAL_SI,0.0041275987073162,unique shifts=251; phase randomized unresolved sensitivity
LOCK_ECOFIELD_04_02,ecology exhaustive common circular shifts,ecology exhaustive common circular shifts | <z> | LAI | BH_positive_area_pct | Global | absolute | top100,BH_positive_area_pct,0.0,,,%,GPP 2000-03b2024-12; LAI 2000-01b2020-12,persistent_vegetated_domain,exhaustive_unique_circular_shifts,as specified in source,8300.0,output_TOP100_revision/FINAL_LOCKED_ARCHIVE/results/ecology_field_significance/ECOLOGY_FIELD_SIGNIFICANCE_FINAL.csv,12acb95dd7a72a5fca6f95195a704346f45f5c1466139ee87b7cc67778fa286f,,field_significance,SI,SI,FINAL_SI,0,unique shifts=251; phase randomized unresolved sensitivity
LOCK_ECOFIELD_04_03,ecology exhaustive common circular shifts,ecology exhaustive common circular shifts | <z> | LAI | BH_negative_area_pct | Global | absolute | top100,BH_negative_area_pct,0.0,,,%,GPP 2000-03b2024-12; LAI 2000-01b2020-12,persistent_vegetated_domain,exhaustive_unique_circular_shifts,as specified in source,8300.0,output_TOP100_revision/FINAL_LOCKED_ARCHIVE/results/ecology_field_significance/ECOLOGY_FIELD_SIGNIFICANCE_FINAL.csv,12acb95dd7a72a5fca6f95195a704346f45f5c1466139ee87b7cc67778fa286f,,field_significance,SI,SI,FINAL_SI,0,unique shifts=251; phase randomized unresolved sensitivity
LOCK_ECOFIELD_04_04,ecology exhaustive common circular shifts,ecology exhaustive common circular shifts | <z> | LAI | BY_positive_area_pct | Global | absolute | top100,BY_positive_area_pct,0.0,,,%,GPP 2000-03b2024-12; LAI 2000-01b2020-12,persistent_vegetated_domain,exhaustive_unique_circular_shifts,as specified in source,8300.0,output_TOP100_revision/FINAL_LOCKED_ARCHIVE/results/ecology_field_significance/ECOLOGY_FIELD_SIGNIFICANCE_FINAL.csv,12acb95dd7a72a5fca6f95195a704346f45f5c1466139ee87b7cc67778fa286f,,field_significance,SI,SI,FINAL_SI,0,unique shifts=251; phase randomized unresolved sensitivity
LOCK_ECOFIELD_04_05,ecology exhaustive common circular shifts,ecology exhaustive common circular shifts | <z> | LAI | BY_negative_area_pct | Global | absolute | top100,BY_negative_area_pct,0.0,,,%,GPP 2000-03b2024-12; LAI 2000-01b2020-12,persistent_vegetated_domain,exhaustive_unique_circular_shifts,as specified in source,8300.0,output_TOP100_revision/FINAL_LOCKED_ARCHIVE/results/ecology_field_significance/ECOLOGY_FIELD_SIGNIFICANCE_FINAL.csv,12acb95dd7a72a5fca6f95195a704346f45f5c1466139ee87b7cc67778fa286f,,field_significance,SI,SI,FINAL_SI,0,unique shifts=251; phase randomized unresolved sensitivity
LOCK_ECOFIELD_04_06,ecology exhaustive common circular shifts,ecology exhaustive common circular shifts | <z> | LAI | circular_positive_empirical_p | Global | absolute | top100,circular_positive_empirical_p,1.0,,,p,GPP 2000-03b2024-12; LAI 2000-01b2020-12,persistent_vegetated_domain,exhaustive_unique_circular_shifts,as specified in source,8300.0,output_TOP100_revision/FINAL_LOCKED_ARCHIVE/results/ecology_field_significance/ECOLOGY_FIELD_SIGNIFICANCE_FINAL.csv,12acb95dd7a72a5fca6f95195a704346f45f5c1466139ee87b7cc67778fa286f,,field_significance,SI,SI,FINAL_SI,1,unique shifts=251; phase randomized unresolved sensitivity
LOCK_ECOFIELD_04_07,ecology exhaustive common circular shifts,ecology exhaustive common circular shifts | <z> | LAI | circular_negative_empirical_p | Global | absolute | top100,circular_negative_empirical_p,1.0,,,p,GPP 2000-03b2024-12; LAI 2000-01b2020-12,persistent_vegetated_domain,exhaustive_unique_circular_shifts,as specified in source,8300.0,output_TOP100_revision/FINAL_LOCKED_ARCHIVE/results/ecology_field_significance/ECOLOGY_FIELD_SIGNIFICANCE_FINAL.csv,12acb95dd7a72a5fca6f95195a704346f45f5c1466139ee87b7cc67778fa286f,,field_significance,SI,SI,FINAL_SI,1,unique shifts=251; phase randomized unresolved sensitivity
LOCK_ECOFIELD_04_08,ecology exhaustive common circular shifts,ecology exhaustive common circular shifts | <z> | LAI | year_block_positive_empirical_p | Global | absolute | top100,year_block_positive_empirical_p,1.0,,,p,GPP 2000-03b2024-12; LAI 2000-01b2020-12,persistent_vegetated_domain,exhaustive_unique_circular_shifts,as specified in source,8300.0,output_TOP100_revision/FINAL_LOCKED_ARCHIVE/results/ecology_field_significance/ECOLOGY_FIELD_SIGNIFICANCE_FINAL.csv,12acb95dd7a72a5fca6f95195a704346f45f5c1466139ee87b7cc67778fa286f,,field_significance,SI,SI,FINAL_SI,1,unique shifts=251; phase randomized unresolved sensitivity
LOCK_ECOFIELD_04_09,ecology exhaustive common circular shifts,ecology exhaustive common circular shifts | <z> | LAI | year_block_negative_empirical_p | Global | absolute | top100,year_block_negative_empirical_p,1.0,,,p,GPP 2000-03b2024-12; LAI 2000-01b2020-12,persistent_vegetated_domain,exhaustive_unique_circular_shifts,as specified in source,8300.0,output_TOP100_revision/FINAL_LOCKED_ARCHIVE/results/ecology_field_significance/ECOLOGY_FIELD_SIGNIFICANCE_FINAL.csv,12acb95dd7a72a5fca6f95195a704346f45f5c1466139ee87b7cc67778fa286f,,field_significance,SI,SI,FINAL_SI,1,unique shifts=251; phase randomized unresolved sensitivity
LOCK_ECOFIELD_04_10,ecology exhaustive common circular shifts,ecology exhaustive common circular shifts | <z> | LAI | spatial_block_two_sided_p | Global | absolute | top100,spatial_block_two_sided_p,0.378,,,p,GPP 2000-03b2024-12; LAI 2000-01b2020-12,persistent_vegetated_domain,exhaustive_unique_circular_shifts,as specified in source,8300.0,output_TOP100_revision/FINAL_LOCKED_ARCHIVE/results/ecology_field_significance/ECOLOGY_FIELD_SIGNIFICANCE_FINAL.csv,12acb95dd7a72a5fca6f95195a704346f45f5c1466139ee87b7cc67778fa286f,,field_significance,SI,SI,FINAL_SI,0.378,unique shifts=251; phase randomized unresolved sensitivity
LOCK_FIGSOURCE_023,formal panel source file,formal panel source file |  |  | source_file | as registered in file | as registered | top100,source_file,,,,,as registered in file,as registered,read directly by final plotting script,as specified in source,,output_TOP100_revision/FINAL_LOCKED_ARCHIVE/figure_source_data/TOP100_WRITING_SOURCE_VALUES.csv,5707313e8fbbf19b895d4c1f636e6bf70d66e5b982a63dd37b66c786aff07899,formal panel source file,figure_source,SI,SI,FINAL_SI,,file-level result ID
FINAL_F2E_01,Does M1: IWV + <z> add out-of-fold information beyond IWV for Niño3.4 under fully nested preprocessing?,paired grid-cell out-of-fold delta R2,weighted_mean_delta_r2,0.0201465469598514,0.0182951873378208,0.0222206304892487,R2,1979-01 to 2024-12,global paired common-grid monthly analysis,M1: IWV + <z>,cos(latitude),65160.0,<PROJECT_ROOT>\CANONICAL_WGPE_TOP100_v2\03_SOURCE_DATA\Figure2e_source_final.csv,0bf0266493bb8e6e7427af873a9e417f4b2706cfdbd440e0565bb56f8806d7ab,Figure 2e,Results; Figure 2 caption; Supplementary Methods,main_core,MAIN,FINAL_MAIN,+0.0201 ΔR²,Fully fold-internal preprocessing; primary CI is paired 10°×10° spatial-block bootstrap. Temporal equal-duration fold interval is an independent sensitivity.
FINAL_F2E_02,Does M2: IWV + <z> + IWV×<z> add out-of-fold information beyond IWV for Niño3.4 under fully nested preprocessing?,paired grid-cell out-of-fold delta R2,weighted_mean_delta_r2,0.0261400782480402,0.0240113218015588,0.0283040802795603,R2,1979-01 to 2024-12,global paired common-grid monthly analysis,M2: IWV + <z> + IWV×<z>,cos(latitude),65160.0,<PROJECT_ROOT>\CANONICAL_WGPE_TOP100_v2\03_SOURCE_DATA\Figure2e_source_final.csv,0bf0266493bb8e6e7427af873a9e417f4b2706cfdbd440e0565bb56f8806d7ab,Figure 2e,Results; Figure 2 caption; Supplementary Methods,main_core,MAIN,FINAL_MAIN,+0.0261 ΔR²,Fully fold-internal preprocessing; primary CI is paired 10°×10° spatial-block bootstrap. Temporal equal-duration fold interval is an independent sensitivity.
FINAL_F2E_03,Does M3: IWV + W-GPE add out-of-fold information beyond IWV for Niño3.4 under fully nested preprocessing?,paired grid-cell out-of-fold delta R2,weighted_mean_delta_r2,0.0324018147398272,0.0301523283600259,0.0346805709011452,R2,1979-01 to 2024-12,global paired common-grid monthly analysis,M3: IWV + W-GPE,cos(latitude),65160.0,<PROJECT_ROOT>\CANONICAL_WGPE_TOP100_v2\03_SOURCE_DATA\Figure2e_source_final.csv,0bf0266493bb8e6e7427af873a9e417f4b2706cfdbd440e0565bb56f8806d7ab,Figure 2e,Results; Figure 2 caption; Supplementary Methods,main_core,MAIN,FINAL_MAIN,+0.0324 ΔR²,Fully fold-internal preprocessing; primary CI is paired 10°×10° spatial-block bootstrap. Temporal equal-duration fold interval is an independent sensitivity.
FINAL_F2E_04,Does M1: IWV + <z> add out-of-fold information beyond IWV for Precipitation under fully nested preprocessing?,paired grid-cell out-of-fold delta R2,weighted_mean_delta_r2,0.0190778314520315,0.016261681614613,0.0221398254680281,R2,1979-01 to 2024-12,global paired common-grid monthly analysis,M1: IWV + <z>,cos(latitude),65160.0,<PROJECT_ROOT>\CANONICAL_WGPE_TOP100_v2\03_SOURCE_DATA\Figure2e_source_final.csv,0bf0266493bb8e6e7427af873a9e417f4b2706cfdbd440e0565bb56f8806d7ab,Figure 2e,Results; Figure 2 caption; Supplementary Methods,main_core,MAIN,FINAL_MAIN,+0.0191 ΔR²,Fully fold-internal preprocessing; primary CI is paired 10°×10° spatial-block bootstrap. Temporal equal-duration fold interval is an independent sensitivity.
FINAL_F2E_05,Does M2: IWV + <z> + IWV×<z> add out-of-fold information beyond IWV for Precipitation under fully nested preprocessing?,paired grid-cell out-of-fold delta R2,weighted_mean_delta_r2,0.0187077419222346,0.0158508489180578,0.0217889657894808,R2,1979-01 to 2024-12,global paired common-grid monthly analysis,M2: IWV + <z> + IWV×<z>,cos(latitude),65160.0,<PROJECT_ROOT>\CANONICAL_WGPE_TOP100_v2\03_SOURCE_DATA\Figure2e_source_final.csv,0bf0266493bb8e6e7427af873a9e417f4b2706cfdbd440e0565bb56f8806d7ab,Figure 2e,Results; Figure 2 caption; Supplementary Methods,main_core,MAIN,FINAL_MAIN,+0.0187 ΔR²,Fully fold-internal preprocessing; primary CI is paired 10°×10° spatial-block bootstrap. Temporal equal-duration fold interval is an independent sensitivity.
FINAL_F2E_06,Does M3: IWV + W-GPE add out-of-fold information beyond IWV for Precipitation under fully nested preprocessing?,paired grid-cell out-of-fold delta R2,weighted_mean_delta_r2,0.0156371478008656,0.0130820390091517,0.0182024597895162,R2,1979-01 to 2024-12,global paired common-grid monthly analysis,M3: IWV + W-GPE,cos(latitude),65160.0,<PROJECT_ROOT>\CANONICAL_WGPE_TOP100_v2\03_SOURCE_DATA\Figure2e_source_final.csv,0bf0266493bb8e6e7427af873a9e417f4b2706cfdbd440e0565bb56f8806d7ab,Figure 2e,Results; Figure 2 caption; Supplementary Methods,main_core,MAIN,FINAL_MAIN,+0.0156 ΔR²,Fully fold-internal preprocessing; primary CI is paired 10°×10° spatial-block bootstrap. Temporal equal-duration fold interval is an independent sensitivity.
SENS_F2E_FULLPERIOD_01,Full-period preprocessing sensitivity for Niño3.4 and M1: IWV + <z>,paired grid-cell out-of-fold delta R2,weighted_mean_delta_r2,0.020015215773046,0.0170702791387582,0.0231479390977814,R2,1979-2024,all valid global grid cells,M1: IWV + <z>,cos(latitude),65160.0,<PROJECT_ROOT>\CANONICAL_WGPE_TOP100_v2\03_SOURCE_DATA\Figure2e_source_fullperiod_preprocessing_sensitivity.csv,981939441f58b33984c8c2ab65cc4e3b9a43c5fd27eeb84677e2fd727e509641,Figure 2e sensitivity,Supplementary Information,sensitivity,SI,FINAL_SI,"0.02002 [0.01707, 0.02315]",Retained only as full-period preprocessing sensitivity; not approved as the principal Figure 2e estimate.
SENS_F2E_FULLPERIOD_02,Full-period preprocessing sensitivity for Niño3.4 and M2: IWV + <z> + IWV×<z>,paired grid-cell out-of-fold delta R2,weighted_mean_delta_r2,0.0197069979038628,0.0166549669704635,0.0226395017143308,R2,1979-2024,all valid global grid cells,M2: IWV + <z> + IWV×<z>,cos(latitude),65160.0,<PROJECT_ROOT>\CANONICAL_WGPE_TOP100_v2\03_SOURCE_DATA\Figure2e_source_fullperiod_preprocessing_sensitivity.csv,981939441f58b33984c8c2ab65cc4e3b9a43c5fd27eeb84677e2fd727e509641,Figure 2e sensitivity,Supplementary Information,sensitivity,SI,FINAL_SI,"0.01971 [0.01665, 0.02264]",Retained only as full-period preprocessing sensitivity; not approved as the principal Figure 2e estimate.
SENS_F2E_FULLPERIOD_03,Full-period preprocessing sensitivity for Niño3.4 and M3: IWV + W-GPE,paired grid-cell out-of-fold delta R2,weighted_mean_delta_r2,0.0165684051780606,0.0139191859695391,0.0192045280122662,R2,1979-2024,all valid global grid cells,M3: IWV + W-GPE,cos(latitude),65160.0,<PROJECT_ROOT>\CANONICAL_WGPE_TOP100_v2\03_SOURCE_DATA\Figure2e_source_fullperiod_preprocessing_sensitivity.csv,981939441f58b33984c8c2ab65cc4e3b9a43c5fd27eeb84677e2fd727e509641,Figure 2e sensitivity,Supplementary Information,sensitivity,SI,FINAL_SI,"0.01657 [0.01392, 0.01920]",Retained only as full-period preprocessing sensitivity; not approved as the principal Figure 2e estimate.
SENS_F2E_FULLPERIOD_04,Full-period preprocessing sensitivity for Precipitation and M1: IWV + <z>,paired grid-cell out-of-fold delta R2,weighted_mean_delta_r2,0.0204299762787529,0.018465549462214,0.0224331166230939,R2,1979-2024,all valid global grid cells,M1: IWV + <z>,cos(latitude),65160.0,<PROJECT_ROOT>\CANONICAL_WGPE_TOP100_v2\03_SOURCE_DATA\Figure2e_source_fullperiod_preprocessing_sensitivity.csv,981939441f58b33984c8c2ab65cc4e3b9a43c5fd27eeb84677e2fd727e509641,Figure 2e sensitivity,Supplementary Information,sensitivity,SI,FINAL_SI,"0.02043 [0.01847, 0.02243]",Retained only as full-period preprocessing sensitivity; not approved as the principal Figure 2e estimate.
SENS_F2E_FULLPERIOD_05,Full-period preprocessing sensitivity for Precipitation and M2: IWV + <z> + IWV×<z>,paired grid-cell out-of-fold delta R2,weighted_mean_delta_r2,0.0260020754114436,0.0239605788297181,0.0282280191569579,R2,1979-2024,all valid global grid cells,M2: IWV + <z> + IWV×<z>,cos(latitude),65160.0,<PROJECT_ROOT>\CANONICAL_WGPE_TOP100_v2\03_SOURCE_DATA\Figure2e_source_fullperiod_preprocessing_sensitivity.csv,981939441f58b33984c8c2ab65cc4e3b9a43c5fd27eeb84677e2fd727e509641,Figure 2e sensitivity,Supplementary Information,sensitivity,SI,FINAL_SI,"0.02600 [0.02396, 0.02823]",Retained only as full-period preprocessing sensitivity; not approved as the principal Figure 2e estimate.
SENS_F2E_FULLPERIOD_06,Full-period preprocessing sensitivity for Precipitation and M3: IWV + W-GPE,paired grid-cell out-of-fold delta R2,weighted_mean_delta_r2,0.0327364270919399,0.0304086260038835,0.0351460789070716,R2,1979-2024,all valid global grid cells,M3: IWV + W-GPE,cos(latitude),65160.0,<PROJECT_ROOT>\CANONICAL_WGPE_TOP100_v2\03_SOURCE_DATA\Figure2e_source_fullperiod_preprocessing_sensitivity.csv,981939441f58b33984c8c2ab65cc4e3b9a43c5fd27eeb84677e2fd727e509641,Figure 2e sensitivity,Supplementary Information,sensitivity,SI,FINAL_SI,"0.03274 [0.03041, 0.03515]",Retained only as full-period preprocessing sensitivity; not approved as the principal Figure 2e estimate.
SYNC20260725_F2E_TIME_0001,Figure 2e temporal-fold sensitivity,Equal-duration resampling of nine 60-month outer-fold paired ΔR² estimates (1979-2023),temporal_fold_sensitivity_delta_r2,0.0205533322920098,0.0193510392464307,0.0218293657971924,R2 difference,1979-2023 folds; 2024 excluded from resampling,Global,Precipitation M1-M0,nine equal-duration ordered folds,65160.0,<PROJECT_ROOT>\CANONICAL_WGPE_TOP100_v2\03_SOURCE_DATA\Figure2e_temporal_fold_sensitivity_equal_duration.csv,0f2b3080b8e872597cba0936ea3fde27a1e3a17951ad4069c822832728b8b84c,Figure 2e sensitivity,Supplementary sensitivity,sensitivity,SI,FINAL_SI,+0.0206 ΔR²,Not a primary confidence interval; 2024 is reported separately as a terminal holdout.
SYNC20260725_F2E_TIME_0002,Figure 2e temporal-fold sensitivity,Equal-duration resampling of nine 60-month outer-fold paired ΔR² estimates (1979-2023),temporal_fold_sensitivity_delta_r2,0.0259262932124168,0.0243330171331849,0.0276027598341725,R2 difference,1979-2023 folds; 2024 excluded from resampling,Global,Precipitation M2-M0,nine equal-duration ordered folds,65160.0,<PROJECT_ROOT>\CANONICAL_WGPE_TOP100_v2\03_SOURCE_DATA\Figure2e_temporal_fold_sensitivity_equal_duration.csv,0f2b3080b8e872597cba0936ea3fde27a1e3a17951ad4069c822832728b8b84c,Figure 2e sensitivity,Supplementary sensitivity,sensitivity,SI,FINAL_SI,+0.0259 ΔR²,Not a primary confidence interval; 2024 is reported separately as a terminal holdout.
SYNC20260725_F2E_TIME_0003,Figure 2e temporal-fold sensitivity,Equal-duration resampling of nine 60-month outer-fold paired ΔR² estimates (1979-2023),temporal_fold_sensitivity_delta_r2,0.0327747989824197,0.0299635205258024,0.0356192647894225,R2 difference,1979-2023 folds; 2024 excluded from resampling,Global,Precipitation M3-M0,nine equal-duration ordered folds,65160.0,<PROJECT_ROOT>\CANONICAL_WGPE_TOP100_v2\03_SOURCE_DATA\Figure2e_temporal_fold_sensitivity_equal_duration.csv,0f2b3080b8e872597cba0936ea3fde27a1e3a17951ad4069c822832728b8b84c,Figure 2e sensitivity,Supplementary sensitivity,sensitivity,SI,FINAL_SI,+0.0328 ΔR²,Not a primary confidence interval; 2024 is reported separately as a terminal holdout.
SYNC20260725_F2E_TIME_0004,Figure 2e temporal-fold sensitivity,Equal-duration resampling of nine 60-month outer-fold paired ΔR² estimates (1979-2023),temporal_fold_sensitivity_delta_r2,0.0202841460620548,0.0150646113330489,0.0253881440029098,R2 difference,1979-2023 folds; 2024 excluded from resampling,Global,Continuous Nino3.4 M1-M0,nine equal-duration ordered folds,65160.0,<PROJECT_ROOT>\CANONICAL_WGPE_TOP100_v2\03_SOURCE_DATA\Figure2e_temporal_fold_sensitivity_equal_duration.csv,0f2b3080b8e872597cba0936ea3fde27a1e3a17951ad4069c822832728b8b84c,Figure 2e sensitivity,Supplementary sensitivity,sensitivity,SI,FINAL_SI,+0.0203 ΔR²,Not a primary confidence interval; 2024 is reported separately as a terminal holdout.
SYNC20260725_F2E_TIME_0005,Figure 2e temporal-fold sensitivity,Equal-duration resampling of nine 60-month outer-fold paired ΔR² estimates (1979-2023),temporal_fold_sensitivity_delta_r2,0.0192701078335207,0.0135221657199322,0.0246234227196805,R2 difference,1979-2023 folds; 2024 excluded from resampling,Global,Continuous Nino3.4 M2-M0,nine equal-duration ordered folds,65160.0,<PROJECT_ROOT>\CANONICAL_WGPE_TOP100_v2\03_SOURCE_DATA\Figure2e_temporal_fold_sensitivity_equal_duration.csv,0f2b3080b8e872597cba0936ea3fde27a1e3a17951ad4069c822832728b8b84c,Figure 2e sensitivity,Supplementary sensitivity,sensitivity,SI,FINAL_SI,+0.0193 ΔR²,Not a primary confidence interval; 2024 is reported separately as a terminal holdout.
SYNC20260725_F2E_TIME_0006,Figure 2e temporal-fold sensitivity,Equal-duration resampling of nine 60-month outer-fold paired ΔR² estimates (1979-2023),temporal_fold_sensitivity_delta_r2,0.0169114007722369,0.0128261139491414,0.0211432401671284,R2 difference,1979-2023 folds; 2024 excluded from resampling,Global,Continuous Nino3.4 M3-M0,nine equal-duration ordered folds,65160.0,<PROJECT_ROOT>\CANONICAL_WGPE_TOP100_v2\03_SOURCE_DATA\Figure2e_temporal_fold_sensitivity_equal_duration.csv,0f2b3080b8e872597cba0936ea3fde27a1e3a17951ad4069c822832728b8b84c,Figure 2e sensitivity,Supplementary sensitivity,sensitivity,SI,FINAL_SI,+0.0169 ΔR²,Not a primary confidence interval; 2024 is reported separately as a terminal holdout.
SYNC20260725_F2E_2024_0007,Figure 2e terminal holdout,Paired ΔR² in the 2024 terminal one-year holdout,terminal_2024_delta_r2,0.0152127603192047,,,R2 difference,2024,Global,Precipitation M1-M0,grid-cell paired OOF estimate; cos(latitude) area-weighted,65160.0,<PROJECT_ROOT>\CANONICAL_WGPE_TOP100_v2\03_SOURCE_DATA\Figure2e_terminal_2024_holdout.csv,791cff790db9e3bef6e9011804dbe502a14c971f73b236c1411e8faddf43e486,Figure 2e sensitivity,Supplementary sensitivity,sensitivity,SI,FINAL_SI,+0.0152 ΔR²,Terminal holdout; retained in pooled 1979-2024 OOF point estimate but excluded from equal-duration fold resampling.
SYNC20260725_F2E_2024_0008,Figure 2e terminal holdout,Paired ΔR² in the 2024 terminal one-year holdout,terminal_2024_delta_r2,0.0164842709602266,,,R2 difference,2024,Global,Precipitation M2-M0,grid-cell paired OOF estimate; cos(latitude) area-weighted,65160.0,<PROJECT_ROOT>\CANONICAL_WGPE_TOP100_v2\03_SOURCE_DATA\Figure2e_terminal_2024_holdout.csv,791cff790db9e3bef6e9011804dbe502a14c971f73b236c1411e8faddf43e486,Figure 2e sensitivity,Supplementary sensitivity,sensitivity,SI,FINAL_SI,+0.0165 ΔR²,Terminal holdout; retained in pooled 1979-2024 OOF point estimate but excluded from equal-duration fold resampling.
SYNC20260725_F2E_2024_0009,Figure 2e terminal holdout,Paired ΔR² in the 2024 terminal one-year holdout,terminal_2024_delta_r2,0.0247001589786022,,,R2 difference,2024,Global,Precipitation M3-M0,grid-cell paired OOF estimate; cos(latitude) area-weighted,65160.0,<PROJECT_ROOT>\CANONICAL_WGPE_TOP100_v2\03_SOURCE_DATA\Figure2e_terminal_2024_holdout.csv,791cff790db9e3bef6e9011804dbe502a14c971f73b236c1411e8faddf43e486,Figure 2e sensitivity,Supplementary sensitivity,sensitivity,SI,FINAL_SI,+0.0247 ΔR²,Terminal holdout; retained in pooled 1979-2024 OOF point estimate but excluded from equal-duration fold resampling.
SYNC20260725_F2E_2024_0010,Figure 2e terminal holdout,Paired ΔR² in the 2024 terminal one-year holdout,terminal_2024_delta_r2,0.043526117661197,,,R2 difference,2024,Global,Continuous Nino3.4 M1-M0,grid-cell paired OOF estimate; cos(latitude) area-weighted,65160.0,<PROJECT_ROOT>\CANONICAL_WGPE_TOP100_v2\03_SOURCE_DATA\Figure2e_terminal_2024_holdout.csv,791cff790db9e3bef6e9011804dbe502a14c971f73b236c1411e8faddf43e486,Figure 2e sensitivity,Supplementary sensitivity,sensitivity,SI,FINAL_SI,+0.0435 ΔR²,Terminal holdout; retained in pooled 1979-2024 OOF point estimate but excluded from equal-duration fold resampling.
SYNC20260725_F2E_2024_0011,Figure 2e terminal holdout,Paired ΔR² in the 2024 terminal one-year holdout,terminal_2024_delta_r2,0.043947034822413,,,R2 difference,2024,Global,Continuous Nino3.4 M2-M0,grid-cell paired OOF estimate; cos(latitude) area-weighted,65160.0,<PROJECT_ROOT>\CANONICAL_WGPE_TOP100_v2\03_SOURCE_DATA\Figure2e_terminal_2024_holdout.csv,791cff790db9e3bef6e9011804dbe502a14c971f73b236c1411e8faddf43e486,Figure 2e sensitivity,Supplementary sensitivity,sensitivity,SI,FINAL_SI,+0.0439 ΔR²,Terminal holdout; retained in pooled 1979-2024 OOF point estimate but excluded from equal-duration fold resampling.
SYNC20260725_F2E_2024_0012,Figure 2e terminal holdout,Paired ΔR² in the 2024 terminal one-year holdout,terminal_2024_delta_r2,0.0299840110424528,,,R2 difference,2024,Global,Continuous Nino3.4 M3-M0,grid-cell paired OOF estimate; cos(latitude) area-weighted,65160.0,<PROJECT_ROOT>\CANONICAL_WGPE_TOP100_v2\03_SOURCE_DATA\Figure2e_terminal_2024_holdout.csv,791cff790db9e3bef6e9011804dbe502a14c971f73b236c1411e8faddf43e486,Figure 2e sensitivity,Supplementary sensitivity,sensitivity,SI,FINAL_SI,+0.0300 ΔR²,Terminal holdout; retained in pooled 1979-2024 OOF point estimate but excluded from equal-duration fold resampling.
SYNC20260725_LAI_COVERAGE_0013,LAI effective-sample coverage sensitivity,W-GPE–LAI mean_partial_r under n >= 36,mean_partial_r,0.0201723469709629,0.009348818626356,0.029429710984291,Partial r,2000-2020,persistent vegetated domain,Model 3; W-GPE; n >= 36,cos(latitude); paired 10°×10° spatial-block bootstrap,8300.0,<PROJECT_ROOT>\CANONICAL_WGPE_TOP100_v2\03_SOURCE_DATA\LAI_coverage_sensitivity_global.csv,a862e0ee1c374b7db1c9ccc0ebc4ab39c88e738374aed31f755419357caf1cb8,Supplementary LAI coverage sensitivity,Supplementary sensitivity,sensitivity,SI,FINAL_SI,+0.0202 Partial r,Coverage sensitivity; not promoted as the main ecological effect.
SYNC20260725_LAI_COVERAGE_0014,LAI effective-sample coverage sensitivity,W-GPE–LAI retained_area_pct under n >= 36,retained_area_pct,100.0,,,%,2000-2020,persistent vegetated domain,Model 3; W-GPE; n >= 36,cos(latitude); paired 10°×10° spatial-block bootstrap,8300.0,<PROJECT_ROOT>\CANONICAL_WGPE_TOP100_v2\03_SOURCE_DATA\LAI_coverage_sensitivity_global.csv,a862e0ee1c374b7db1c9ccc0ebc4ab39c88e738374aed31f755419357caf1cb8,Supplementary LAI coverage sensitivity,Supplementary sensitivity,sensitivity,SI,FINAL_SI,+100.000 %,Coverage sensitivity; not promoted as the main ecological effect.
SYNC20260725_LAI_COVERAGE_0015,LAI effective-sample coverage sensitivity,W-GPE–LAI BH_positive_area_pct under n >= 36,BH_positive_area_pct,2.13812287015957,,,%,2000-2020,persistent vegetated domain,Model 3; W-GPE; n >= 36,cos(latitude); paired 10°×10° spatial-block bootstrap,8300.0,<PROJECT_ROOT>\CANONICAL_WGPE_TOP100_v2\03_SOURCE_DATA\LAI_coverage_sensitivity_global.csv,a862e0ee1c374b7db1c9ccc0ebc4ab39c88e738374aed31f755419357caf1cb8,Supplementary LAI coverage sensitivity,Supplementary sensitivity,sensitivity,SI,FINAL_SI,+2.138 %,Coverage sensitivity; not promoted as the main ecological effect.
SYNC20260725_LAI_COVERAGE_0016,LAI effective-sample coverage sensitivity,W-GPE–LAI BH_negative_area_pct under n >= 36,BH_negative_area_pct,0.192565232494465,,,%,2000-2020,persistent vegetated domain,Model 3; W-GPE; n >= 36,cos(latitude); paired 10°×10° spatial-block bootstrap,8300.0,<PROJECT_ROOT>\CANONICAL_WGPE_TOP100_v2\03_SOURCE_DATA\LAI_coverage_sensitivity_global.csv,a862e0ee1c374b7db1c9ccc0ebc4ab39c88e738374aed31f755419357caf1cb8,Supplementary LAI coverage sensitivity,Supplementary sensitivity,sensitivity,SI,FINAL_SI,+0.1926 %,Coverage sensitivity; not promoted as the main ecological effect.
SYNC20260725_LAI_COVERAGE_0017,LAI effective-sample coverage sensitivity,W-GPE–LAI BY_positive_area_pct under n >= 36,BY_positive_area_pct,0.429018393264511,,,%,2000-2020,persistent vegetated domain,Model 3; W-GPE; n >= 36,cos(latitude); paired 10°×10° spatial-block bootstrap,8300.0,<PROJECT_ROOT>\CANONICAL_WGPE_TOP100_v2\03_SOURCE_DATA\LAI_coverage_sensitivity_global.csv,a862e0ee1c374b7db1c9ccc0ebc4ab39c88e738374aed31f755419357caf1cb8,Supplementary LAI coverage sensitivity,Supplementary sensitivity,sensitivity,SI,FINAL_SI,+0.4290 %,Coverage sensitivity; not promoted as the main ecological effect.
SYNC20260725_LAI_COVERAGE_0018,LAI effective-sample coverage sensitivity,W-GPE–LAI BY_negative_area_pct under n >= 36,BY_negative_area_pct,0.0,,,%,2000-2020,persistent vegetated domain,Model 3; W-GPE; n >= 36,cos(latitude); paired 10°×10° spatial-block bootstrap,8300.0,<PROJECT_ROOT>\CANONICAL_WGPE_TOP100_v2\03_SOURCE_DATA\LAI_coverage_sensitivity_global.csv,a862e0ee1c374b7db1c9ccc0ebc4ab39c88e738374aed31f755419357caf1cb8,Supplementary LAI coverage sensitivity,Supplementary sensitivity,sensitivity,SI,FINAL_SI,+0.0000 %,Coverage sensitivity; not promoted as the main ecological effect.
SYNC20260725_LAI_COVERAGE_0019,LAI effective-sample coverage sensitivity,W-GPE–LAI circular_shift_p_positive under n >= 36,circular_shift_p_positive,0.0039682539682539,,,p,2000-2020,persistent vegetated domain,Model 3; W-GPE; n >= 36,cos(latitude); paired 10°×10° spatial-block bootstrap,8300.0,<PROJECT_ROOT>\CANONICAL_WGPE_TOP100_v2\03_SOURCE_DATA\LAI_coverage_sensitivity_global.csv,a862e0ee1c374b7db1c9ccc0ebc4ab39c88e738374aed31f755419357caf1cb8,Supplementary LAI coverage sensitivity,Supplementary sensitivity,sensitivity,SI,FINAL_SI,+0.0040 p,Coverage sensitivity; not promoted as the main ecological effect.
SYNC20260725_LAI_COVERAGE_0020,LAI effective-sample coverage sensitivity,W-GPE–LAI circular_shift_p_negative under n >= 36,circular_shift_p_negative,0.0039682539682539,,,p,2000-2020,persistent vegetated domain,Model 3; W-GPE; n >= 36,cos(latitude); paired 10°×10° spatial-block bootstrap,8300.0,<PROJECT_ROOT>\CANONICAL_WGPE_TOP100_v2\03_SOURCE_DATA\LAI_coverage_sensitivity_global.csv,a862e0ee1c374b7db1c9ccc0ebc4ab39c88e738374aed31f755419357caf1cb8,Supplementary LAI coverage sensitivity,Supplementary sensitivity,sensitivity,SI,FINAL_SI,+0.0040 p,Coverage sensitivity; not promoted as the main ecological effect.
SYNC20260725_LAI_COVERAGE_0021,LAI effective-sample coverage sensitivity,<z>–LAI mean_partial_r under n >= 36,mean_partial_r,0.0041275987073162,-0.0046216715467359,0.0126335562827737,Partial r,2000-2020,persistent vegetated domain,Model 3; <z>; n >= 36,cos(latitude); paired 10°×10° spatial-block bootstrap,8300.0,<PROJECT_ROOT>\CANONICAL_WGPE_TOP100_v2\03_SOURCE_DATA\LAI_coverage_sensitivity_global.csv,a862e0ee1c374b7db1c9ccc0ebc4ab39c88e738374aed31f755419357caf1cb8,Supplementary LAI coverage sensitivity,Supplementary sensitivity,sensitivity,SI,FINAL_SI,+0.0041 Partial r,Coverage sensitivity; not promoted as the main ecological effect.
SYNC20260725_LAI_COVERAGE_0022,LAI effective-sample coverage sensitivity,<z>–LAI retained_area_pct under n >= 36,retained_area_pct,100.0,,,%,2000-2020,persistent vegetated domain,Model 3; <z>; n >= 36,cos(latitude); paired 10°×10° spatial-block bootstrap,8300.0,<PROJECT_ROOT>\CANONICAL_WGPE_TOP100_v2\03_SOURCE_DATA\LAI_coverage_sensitivity_global.csv,a862e0ee1c374b7db1c9ccc0ebc4ab39c88e738374aed31f755419357caf1cb8,Supplementary LAI coverage sensitivity,Supplementary sensitivity,sensitivity,SI,FINAL_SI,+100.000 %,Coverage sensitivity; not promoted as the main ecological effect.
SYNC20260725_LAI_COVERAGE_0023,LAI effective-sample coverage sensitivity,<z>–LAI BH_positive_area_pct under n >= 36,BH_positive_area_pct,0.0,,,%,2000-2020,persistent vegetated domain,Model 3; <z>; n >= 36,cos(latitude); paired 10°×10° spatial-block bootstrap,8300.0,<PROJECT_ROOT>\CANONICAL_WGPE_TOP100_v2\03_SOURCE_DATA\LAI_coverage_sensitivity_global.csv,a862e0ee1c374b7db1c9ccc0ebc4ab39c88e738374aed31f755419357caf1cb8,Supplementary LAI coverage sensitivity,Supplementary sensitivity,sensitivity,SI,FINAL_SI,+0.0000 %,Coverage sensitivity; not promoted as the main ecological effect.
SYNC20260725_LAI_COVERAGE_0024,LAI effective-sample coverage sensitivity,<z>–LAI BH_negative_area_pct under n >= 36,BH_negative_area_pct,0.0,,,%,2000-2020,persistent vegetated domain,Model 3; <z>; n >= 36,cos(latitude); paired 10°×10° spatial-block bootstrap,8300.0,<PROJECT_ROOT>\CANONICAL_WGPE_TOP100_v2\03_SOURCE_DATA\LAI_coverage_sensitivity_global.csv,a862e0ee1c374b7db1c9ccc0ebc4ab39c88e738374aed31f755419357caf1cb8,Supplementary LAI coverage sensitivity,Supplementary sensitivity,sensitivity,SI,FINAL_SI,+0.0000 %,Coverage sensitivity; not promoted as the main ecological effect.
SYNC20260725_LAI_COVERAGE_0025,LAI effective-sample coverage sensitivity,<z>–LAI BY_positive_area_pct under n >= 36,BY_positive_area_pct,0.0,,,%,2000-2020,persistent vegetated domain,Model 3; <z>; n >= 36,cos(latitude); paired 10°×10° spatial-block bootstrap,8300.0,<PROJECT_ROOT>\CANONICAL_WGPE_TOP100_v2\03_SOURCE_DATA\LAI_coverage_sensitivity_global.csv,a862e0ee1c374b7db1c9ccc0ebc4ab39c88e738374aed31f755419357caf1cb8,Supplementary LAI coverage sensitivity,Supplementary sensitivity,sensitivity,SI,FINAL_SI,+0.0000 %,Coverage sensitivity; not promoted as the main ecological effect.
SYNC20260725_LAI_COVERAGE_0026,LAI effective-sample coverage sensitivity,<z>–LAI BY_negative_area_pct under n >= 36,BY_negative_area_pct,0.0,,,%,2000-2020,persistent vegetated domain,Model 3; <z>; n >= 36,cos(latitude); paired 10°×10° spatial-block bootstrap,8300.0,<PROJECT_ROOT>\CANONICAL_WGPE_TOP100_v2\03_SOURCE_DATA\LAI_coverage_sensitivity_global.csv,a862e0ee1c374b7db1c9ccc0ebc4ab39c88e738374aed31f755419357caf1cb8,Supplementary LAI coverage sensitivity,Supplementary sensitivity,sensitivity,SI,FINAL_SI,+0.0000 %,Coverage sensitivity; not promoted as the main ecological effect.
SYNC20260725_LAI_COVERAGE_0027,LAI effective-sample coverage sensitivity,<z>–LAI circular_shift_p_positive under n >= 36,circular_shift_p_positive,1.0,,,p,2000-2020,persistent vegetated domain,Model 3; <z>; n >= 36,cos(latitude); paired 10°×10° spatial-block bootstrap,8300.0,<PROJECT_ROOT>\CANONICAL_WGPE_TOP100_v2\03_SOURCE_DATA\LAI_coverage_sensitivity_global.csv,a862e0ee1c374b7db1c9ccc0ebc4ab39c88e738374aed31f755419357caf1cb8,Supplementary LAI coverage sensitivity,Supplementary sensitivity,sensitivity,SI,FINAL_SI,+1.000 p,Coverage sensitivity; not promoted as the main ecological effect.
SYNC20260725_LAI_COVERAGE_0028,LAI effective-sample coverage sensitivity,<z>–LAI circular_shift_p_negative under n >= 36,circular_shift_p_negative,1.0,,,p,2000-2020,persistent vegetated domain,Model 3; <z>; n >= 36,cos(latitude); paired 10°×10° spatial-block bootstrap,8300.0,<PROJECT_ROOT>\CANONICAL_WGPE_TOP100_v2\03_SOURCE_DATA\LAI_coverage_sensitivity_global.csv,a862e0ee1c374b7db1c9ccc0ebc4ab39c88e738374aed31f755419357caf1cb8,Supplementary LAI coverage sensitivity,Supplementary sensitivity,sensitivity,SI,FINAL_SI,+1.000 p,Coverage sensitivity; not promoted as the main ecological effect.
SYNC20260725_LAI_COVERAGE_0029,LAI effective-sample coverage sensitivity,W-GPE–LAI mean_partial_r under n >= 120,mean_partial_r,0.0299174217314585,0.019928093833742,0.0400597951039475,Partial r,2000-2020,persistent vegetated domain,Model 3; W-GPE; n >= 120,cos(latitude); paired 10°×10° spatial-block bootstrap,6499.0,<PROJECT_ROOT>\CANONICAL_WGPE_TOP100_v2\03_SOURCE_DATA\LAI_coverage_sensitivity_global.csv,a862e0ee1c374b7db1c9ccc0ebc4ab39c88e738374aed31f755419357caf1cb8,Supplementary LAI coverage sensitivity,Supplementary sensitivity,sensitivity,SI,FINAL_SI,+0.0299 Partial r,Coverage sensitivity; not promoted as the main ecological effect.
SYNC20260725_LAI_COVERAGE_0030,LAI effective-sample coverage sensitivity,W-GPE–LAI retained_area_pct under n >= 120,retained_area_pct,75.2972665474907,,,%,2000-2020,persistent vegetated domain,Model 3; W-GPE; n >= 120,cos(latitude); paired 10°×10° spatial-block bootstrap,6499.0,<PROJECT_ROOT>\CANONICAL_WGPE_TOP100_v2\03_SOURCE_DATA\LAI_coverage_sensitivity_global.csv,a862e0ee1c374b7db1c9ccc0ebc4ab39c88e738374aed31f755419357caf1cb8,Supplementary LAI coverage sensitivity,Supplementary sensitivity,sensitivity,SI,FINAL_SI,+75.297 %,Coverage sensitivity; not promoted as the main ecological effect.
SYNC20260725_LAI_COVERAGE_0031,LAI effective-sample coverage sensitivity,W-GPE–LAI BH_positive_area_pct under n >= 120,BH_positive_area_pct,2.84601863910922,,,%,2000-2020,persistent vegetated domain,Model 3; W-GPE; n >= 120,cos(latitude); paired 10°×10° spatial-block bootstrap,6499.0,<PROJECT_ROOT>\CANONICAL_WGPE_TOP100_v2\03_SOURCE_DATA\LAI_coverage_sensitivity_global.csv,a862e0ee1c374b7db1c9ccc0ebc4ab39c88e738374aed31f755419357caf1cb8,Supplementary LAI coverage sensitivity,Supplementary sensitivity,sensitivity,SI,FINAL_SI,+2.846 %,Coverage sensitivity; not promoted as the main ecological effect.
SYNC20260725_LAI_COVERAGE_0032,LAI effective-sample coverage sensitivity,W-GPE–LAI BH_negative_area_pct under n >= 120,BH_negative_area_pct,0.253309623059117,,,%,2000-2020,persistent vegetated domain,Model 3; W-GPE; n >= 120,cos(latitude); paired 10°×10° spatial-block bootstrap,6499.0,<PROJECT_ROOT>\CANONICAL_WGPE_TOP100_v2\03_SOURCE_DATA\LAI_coverage_sensitivity_global.csv,a862e0ee1c374b7db1c9ccc0ebc4ab39c88e738374aed31f755419357caf1cb8,Supplementary LAI coverage sensitivity,Supplementary sensitivity,sensitivity,SI,FINAL_SI,+0.2533 %,Coverage sensitivity; not promoted as the main ecological effect.
SYNC20260725_LAI_COVERAGE_0033,LAI effective-sample coverage sensitivity,W-GPE–LAI BY_positive_area_pct under n >= 120,BY_positive_area_pct,0.748004097506311,,,%,2000-2020,persistent vegetated domain,Model 3; W-GPE; n >= 120,cos(latitude); paired 10°×10° spatial-block bootstrap,6499.0,<PROJECT_ROOT>\CANONICAL_WGPE_TOP100_v2\03_SOURCE_DATA\LAI_coverage_sensitivity_global.csv,a862e0ee1c374b7db1c9ccc0ebc4ab39c88e738374aed31f755419357caf1cb8,Supplementary LAI coverage sensitivity,Supplementary sensitivity,sensitivity,SI,FINAL_SI,+0.7480 %,Coverage sensitivity; not promoted as the main ecological effect.
SYNC20260725_LAI_COVERAGE_0034,LAI effective-sample coverage sensitivity,W-GPE–LAI BY_negative_area_pct under n >= 120,BY_negative_area_pct,0.0,,,%,2000-2020,persistent vegetated domain,Model 3; W-GPE; n >= 120,cos(latitude); paired 10°×10° spatial-block bootstrap,6499.0,<PROJECT_ROOT>\CANONICAL_WGPE_TOP100_v2\03_SOURCE_DATA\LAI_coverage_sensitivity_global.csv,a862e0ee1c374b7db1c9ccc0ebc4ab39c88e738374aed31f755419357caf1cb8,Supplementary LAI coverage sensitivity,Supplementary sensitivity,sensitivity,SI,FINAL_SI,+0.0000 %,Coverage sensitivity; not promoted as the main ecological effect.
SYNC20260725_LAI_COVERAGE_0035,LAI effective-sample coverage sensitivity,W-GPE–LAI circular_shift_p_positive under n >= 120,circular_shift_p_positive,0.0039682539682539,,,p,2000-2020,persistent vegetated domain,Model 3; W-GPE; n >= 120,cos(latitude); paired 10°×10° spatial-block bootstrap,6499.0,<PROJECT_ROOT>\CANONICAL_WGPE_TOP100_v2\03_SOURCE_DATA\LAI_coverage_sensitivity_global.csv,a862e0ee1c374b7db1c9ccc0ebc4ab39c88e738374aed31f755419357caf1cb8,Supplementary LAI coverage sensitivity,Supplementary sensitivity,sensitivity,SI,FINAL_SI,+0.0040 p,Coverage sensitivity; not promoted as the main ecological effect.
SYNC20260725_LAI_COVERAGE_0036,LAI effective-sample coverage sensitivity,W-GPE–LAI circular_shift_p_negative under n >= 120,circular_shift_p_negative,0.0079365079365079,,,p,2000-2020,persistent vegetated domain,Model 3; W-GPE; n >= 120,cos(latitude); paired 10°×10° spatial-block bootstrap,6499.0,<PROJECT_ROOT>\CANONICAL_WGPE_TOP100_v2\03_SOURCE_DATA\LAI_coverage_sensitivity_global.csv,a862e0ee1c374b7db1c9ccc0ebc4ab39c88e738374aed31f755419357caf1cb8,Supplementary LAI coverage sensitivity,Supplementary sensitivity,sensitivity,SI,FINAL_SI,+0.0079 p,Coverage sensitivity; not promoted as the main ecological effect.
SYNC20260725_LAI_COVERAGE_0037,LAI effective-sample coverage sensitivity,<z>–LAI mean_partial_r under n >= 120,mean_partial_r,0.0081716371479716,-0.0016286340992889,0.0187879274537407,Partial r,2000-2020,persistent vegetated domain,Model 3; <z>; n >= 120,cos(latitude); paired 10°×10° spatial-block bootstrap,6499.0,<PROJECT_ROOT>\CANONICAL_WGPE_TOP100_v2\03_SOURCE_DATA\LAI_coverage_sensitivity_global.csv,a862e0ee1c374b7db1c9ccc0ebc4ab39c88e738374aed31f755419357caf1cb8,Supplementary LAI coverage sensitivity,Supplementary sensitivity,sensitivity,SI,FINAL_SI,+0.0082 Partial r,Coverage sensitivity; not promoted as the main ecological effect.
SYNC20260725_LAI_COVERAGE_0038,LAI effective-sample coverage sensitivity,<z>–LAI retained_area_pct under n >= 120,retained_area_pct,75.2972665474907,,,%,2000-2020,persistent vegetated domain,Model 3; <z>; n >= 120,cos(latitude); paired 10°×10° spatial-block bootstrap,6499.0,<PROJECT_ROOT>\CANONICAL_WGPE_TOP100_v2\03_SOURCE_DATA\LAI_coverage_sensitivity_global.csv,a862e0ee1c374b7db1c9ccc0ebc4ab39c88e738374aed31f755419357caf1cb8,Supplementary LAI coverage sensitivity,Supplementary sensitivity,sensitivity,SI,FINAL_SI,+75.297 %,Coverage sensitivity; not promoted as the main ecological effect.
SYNC20260725_LAI_COVERAGE_0039,LAI effective-sample coverage sensitivity,<z>–LAI BH_positive_area_pct under n >= 120,BH_positive_area_pct,0.0,,,%,2000-2020,persistent vegetated domain,Model 3; <z>; n >= 120,cos(latitude); paired 10°×10° spatial-block bootstrap,6499.0,<PROJECT_ROOT>\CANONICAL_WGPE_TOP100_v2\03_SOURCE_DATA\LAI_coverage_sensitivity_global.csv,a862e0ee1c374b7db1c9ccc0ebc4ab39c88e738374aed31f755419357caf1cb8,Supplementary LAI coverage sensitivity,Supplementary sensitivity,sensitivity,SI,FINAL_SI,+0.0000 %,Coverage sensitivity; not promoted as the main ecological effect.
SYNC20260725_LAI_COVERAGE_0040,LAI effective-sample coverage sensitivity,<z>–LAI BH_negative_area_pct under n >= 120,BH_negative_area_pct,0.0,,,%,2000-2020,persistent vegetated domain,Model 3; <z>; n >= 120,cos(latitude); paired 10°×10° spatial-block bootstrap,6499.0,<PROJECT_ROOT>\CANONICAL_WGPE_TOP100_v2\03_SOURCE_DATA\LAI_coverage_sensitivity_global.csv,a862e0ee1c374b7db1c9ccc0ebc4ab39c88e738374aed31f755419357caf1cb8,Supplementary LAI coverage sensitivity,Supplementary sensitivity,sensitivity,SI,FINAL_SI,+0.0000 %,Coverage sensitivity; not promoted as the main ecological effect.
SYNC20260725_LAI_COVERAGE_0041,LAI effective-sample coverage sensitivity,<z>–LAI BY_positive_area_pct under n >= 120,BY_positive_area_pct,0.0,,,%,2000-2020,persistent vegetated domain,Model 3; <z>; n >= 120,cos(latitude); paired 10°×10° spatial-block bootstrap,6499.0,<PROJECT_ROOT>\CANONICAL_WGPE_TOP100_v2\03_SOURCE_DATA\LAI_coverage_sensitivity_global.csv,a862e0ee1c374b7db1c9ccc0ebc4ab39c88e738374aed31f755419357caf1cb8,Supplementary LAI coverage sensitivity,Supplementary sensitivity,sensitivity,SI,FINAL_SI,+0.0000 %,Coverage sensitivity; not promoted as the main ecological effect.
SYNC20260725_LAI_COVERAGE_0042,LAI effective-sample coverage sensitivity,<z>–LAI BY_negative_area_pct under n >= 120,BY_negative_area_pct,0.0,,,%,2000-2020,persistent vegetated domain,Model 3; <z>; n >= 120,cos(latitude); paired 10°×10° spatial-block bootstrap,6499.0,<PROJECT_ROOT>\CANONICAL_WGPE_TOP100_v2\03_SOURCE_DATA\LAI_coverage_sensitivity_global.csv,a862e0ee1c374b7db1c9ccc0ebc4ab39c88e738374aed31f755419357caf1cb8,Supplementary LAI coverage sensitivity,Supplementary sensitivity,sensitivity,SI,FINAL_SI,+0.0000 %,Coverage sensitivity; not promoted as the main ecological effect.
SYNC20260725_LAI_COVERAGE_0043,LAI effective-sample coverage sensitivity,<z>–LAI circular_shift_p_positive under n >= 120,circular_shift_p_positive,1.0,,,p,2000-2020,persistent vegetated domain,Model 3; <z>; n >= 120,cos(latitude); paired 10°×10° spatial-block bootstrap,6499.0,<PROJECT_ROOT>\CANONICAL_WGPE_TOP100_v2\03_SOURCE_DATA\LAI_coverage_sensitivity_global.csv,a862e0ee1c374b7db1c9ccc0ebc4ab39c88e738374aed31f755419357caf1cb8,Supplementary LAI coverage sensitivity,Supplementary sensitivity,sensitivity,SI,FINAL_SI,+1.000 p,Coverage sensitivity; not promoted as the main ecological effect.
SYNC20260725_LAI_COVERAGE_0044,LAI effective-sample coverage sensitivity,<z>–LAI circular_shift_p_negative under n >= 120,circular_shift_p_negative,1.0,,,p,2000-2020,persistent vegetated domain,Model 3; <z>; n >= 120,cos(latitude); paired 10°×10° spatial-block bootstrap,6499.0,<PROJECT_ROOT>\CANONICAL_WGPE_TOP100_v2\03_SOURCE_DATA\LAI_coverage_sensitivity_global.csv,a862e0ee1c374b7db1c9ccc0ebc4ab39c88e738374aed31f755419357caf1cb8,Supplementary LAI coverage sensitivity,Supplementary sensitivity,sensitivity,SI,FINAL_SI,+1.000 p,Coverage sensitivity; not promoted as the main ecological effect.
SYNC20260725_LAI_COVERAGE_0045,LAI effective-sample coverage sensitivity,W-GPE–LAI mean_partial_r under n >= 177 (>=70%),mean_partial_r,0.0336897418100464,0.0199847796453476,0.0480199180441104,Partial r,2000-2020,persistent vegetated domain,Model 3; W-GPE; n >= 177 (>=70%),cos(latitude); paired 10°×10° spatial-block bootstrap,3429.0,<PROJECT_ROOT>\CANONICAL_WGPE_TOP100_v2\03_SOURCE_DATA\LAI_coverage_sensitivity_global.csv,a862e0ee1c374b7db1c9ccc0ebc4ab39c88e738374aed31f755419357caf1cb8,Supplementary LAI coverage sensitivity,Supplementary sensitivity,sensitivity,SI,FINAL_SI,+0.0337 Partial r,Coverage sensitivity; not promoted as the main ecological effect.
SYNC20260725_LAI_COVERAGE_0046,LAI effective-sample coverage sensitivity,W-GPE–LAI retained_area_pct under n >= 177 (>=70%),retained_area_pct,44.1267910653641,,,%,2000-2020,persistent vegetated domain,Model 3; W-GPE; n >= 177 (>=70%),cos(latitude); paired 10°×10° spatial-block bootstrap,3429.0,<PROJECT_ROOT>\CANONICAL_WGPE_TOP100_v2\03_SOURCE_DATA\LAI_coverage_sensitivity_global.csv,a862e0ee1c374b7db1c9ccc0ebc4ab39c88e738374aed31f755419357caf1cb8,Supplementary LAI coverage sensitivity,Supplementary sensitivity,sensitivity,SI,FINAL_SI,+44.127 %,Coverage sensitivity; not promoted as the main ecological effect.
SYNC20260725_LAI_COVERAGE_0047,LAI effective-sample coverage sensitivity,W-GPE–LAI BH_positive_area_pct under n >= 177 (>=70%),BH_positive_area_pct,3.21847770844925,,,%,2000-2020,persistent vegetated domain,Model 3; W-GPE; n >= 177 (>=70%),cos(latitude); paired 10°×10° spatial-block bootstrap,3429.0,<PROJECT_ROOT>\CANONICAL_WGPE_TOP100_v2\03_SOURCE_DATA\LAI_coverage_sensitivity_global.csv,a862e0ee1c374b7db1c9ccc0ebc4ab39c88e738374aed31f755419357caf1cb8,Supplementary LAI coverage sensitivity,Supplementary sensitivity,sensitivity,SI,FINAL_SI,+3.218 %,Coverage sensitivity; not promoted as the main ecological effect.
SYNC20260725_LAI_COVERAGE_0048,LAI effective-sample coverage sensitivity,W-GPE–LAI BH_negative_area_pct under n >= 177 (>=70%),BH_negative_area_pct,0.349109231949893,,,%,2000-2020,persistent vegetated domain,Model 3; W-GPE; n >= 177 (>=70%),cos(latitude); paired 10°×10° spatial-block bootstrap,3429.0,<PROJECT_ROOT>\CANONICAL_WGPE_TOP100_v2\03_SOURCE_DATA\LAI_coverage_sensitivity_global.csv,a862e0ee1c374b7db1c9ccc0ebc4ab39c88e738374aed31f755419357caf1cb8,Supplementary LAI coverage sensitivity,Supplementary sensitivity,sensitivity,SI,FINAL_SI,+0.3491 %,Coverage sensitivity; not promoted as the main ecological effect.
SYNC20260725_LAI_COVERAGE_0049,LAI effective-sample coverage sensitivity,W-GPE–LAI BY_positive_area_pct under n >= 177 (>=70%),BY_positive_area_pct,1.02657404217572,,,%,2000-2020,persistent vegetated domain,Model 3; W-GPE; n >= 177 (>=70%),cos(latitude); paired 10°×10° spatial-block bootstrap,3429.0,<PROJECT_ROOT>\CANONICAL_WGPE_TOP100_v2\03_SOURCE_DATA\LAI_coverage_sensitivity_global.csv,a862e0ee1c374b7db1c9ccc0ebc4ab39c88e738374aed31f755419357caf1cb8,Supplementary LAI coverage sensitivity,Supplementary sensitivity,sensitivity,SI,FINAL_SI,+1.027 %,Coverage sensitivity; not promoted as the main ecological effect.
SYNC20260725_LAI_COVERAGE_0050,LAI effective-sample coverage sensitivity,W-GPE–LAI BY_negative_area_pct under n >= 177 (>=70%),BY_negative_area_pct,0.0,,,%,2000-2020,persistent vegetated domain,Model 3; W-GPE; n >= 177 (>=70%),cos(latitude); paired 10°×10° spatial-block bootstrap,3429.0,<PROJECT_ROOT>\CANONICAL_WGPE_TOP100_v2\03_SOURCE_DATA\LAI_coverage_sensitivity_global.csv,a862e0ee1c374b7db1c9ccc0ebc4ab39c88e738374aed31f755419357caf1cb8,Supplementary LAI coverage sensitivity,Supplementary sensitivity,sensitivity,SI,FINAL_SI,+0.0000 %,Coverage sensitivity; not promoted as the main ecological effect.
SYNC20260725_LAI_COVERAGE_0051,LAI effective-sample coverage sensitivity,W-GPE–LAI circular_shift_p_positive under n >= 177 (>=70%),circular_shift_p_positive,0.0079365079365079,,,p,2000-2020,persistent vegetated domain,Model 3; W-GPE; n >= 177 (>=70%),cos(latitude); paired 10°×10° spatial-block bootstrap,3429.0,<PROJECT_ROOT>\CANONICAL_WGPE_TOP100_v2\03_SOURCE_DATA\LAI_coverage_sensitivity_global.csv,a862e0ee1c374b7db1c9ccc0ebc4ab39c88e738374aed31f755419357caf1cb8,Supplementary LAI coverage sensitivity,Supplementary sensitivity,sensitivity,SI,FINAL_SI,+0.0079 p,Coverage sensitivity; not promoted as the main ecological effect.
SYNC20260725_LAI_COVERAGE_0052,LAI effective-sample coverage sensitivity,W-GPE–LAI circular_shift_p_negative under n >= 177 (>=70%),circular_shift_p_negative,0.0119047619047619,,,p,2000-2020,persistent vegetated domain,Model 3; W-GPE; n >= 177 (>=70%),cos(latitude); paired 10°×10° spatial-block bootstrap,3429.0,<PROJECT_ROOT>\CANONICAL_WGPE_TOP100_v2\03_SOURCE_DATA\LAI_coverage_sensitivity_global.csv,a862e0ee1c374b7db1c9ccc0ebc4ab39c88e738374aed31f755419357caf1cb8,Supplementary LAI coverage sensitivity,Supplementary sensitivity,sensitivity,SI,FINAL_SI,+0.0119 p,Coverage sensitivity; not promoted as the main ecological effect.
SYNC20260725_LAI_COVERAGE_0053,LAI effective-sample coverage sensitivity,<z>–LAI mean_partial_r under n >= 177 (>=70%),mean_partial_r,0.0024978196873653,-0.0081417793546705,0.0151838387281393,Partial r,2000-2020,persistent vegetated domain,Model 3; <z>; n >= 177 (>=70%),cos(latitude); paired 10°×10° spatial-block bootstrap,3429.0,<PROJECT_ROOT>\CANONICAL_WGPE_TOP100_v2\03_SOURCE_DATA\LAI_coverage_sensitivity_global.csv,a862e0ee1c374b7db1c9ccc0ebc4ab39c88e738374aed31f755419357caf1cb8,Supplementary LAI coverage sensitivity,Supplementary sensitivity,sensitivity,SI,FINAL_SI,+0.0025 Partial r,Coverage sensitivity; not promoted as the main ecological effect.
SYNC20260725_LAI_COVERAGE_0054,LAI effective-sample coverage sensitivity,<z>–LAI retained_area_pct under n >= 177 (>=70%),retained_area_pct,44.1267910653641,,,%,2000-2020,persistent vegetated domain,Model 3; <z>; n >= 177 (>=70%),cos(latitude); paired 10°×10° spatial-block bootstrap,3429.0,<PROJECT_ROOT>\CANONICAL_WGPE_TOP100_v2\03_SOURCE_DATA\LAI_coverage_sensitivity_global.csv,a862e0ee1c374b7db1c9ccc0ebc4ab39c88e738374aed31f755419357caf1cb8,Supplementary LAI coverage sensitivity,Supplementary sensitivity,sensitivity,SI,FINAL_SI,+44.127 %,Coverage sensitivity; not promoted as the main ecological effect.
SYNC20260725_LAI_COVERAGE_0055,LAI effective-sample coverage sensitivity,<z>–LAI BH_positive_area_pct under n >= 177 (>=70%),BH_positive_area_pct,0.0,,,%,2000-2020,persistent vegetated domain,Model 3; <z>; n >= 177 (>=70%),cos(latitude); paired 10°×10° spatial-block bootstrap,3429.0,<PROJECT_ROOT>\CANONICAL_WGPE_TOP100_v2\03_SOURCE_DATA\LAI_coverage_sensitivity_global.csv,a862e0ee1c374b7db1c9ccc0ebc4ab39c88e738374aed31f755419357caf1cb8,Supplementary LAI coverage sensitivity,Supplementary sensitivity,sensitivity,SI,FINAL_SI,+0.0000 %,Coverage sensitivity; not promoted as the main ecological effect.
SYNC20260725_LAI_COVERAGE_0056,LAI effective-sample coverage sensitivity,<z>–LAI BH_negative_area_pct under n >= 177 (>=70%),BH_negative_area_pct,0.0,,,%,2000-2020,persistent vegetated domain,Model 3; <z>; n >= 177 (>=70%),cos(latitude); paired 10°×10° spatial-block bootstrap,3429.0,<PROJECT_ROOT>\CANONICAL_WGPE_TOP100_v2\03_SOURCE_DATA\LAI_coverage_sensitivity_global.csv,a862e0ee1c374b7db1c9ccc0ebc4ab39c88e738374aed31f755419357caf1cb8,Supplementary LAI coverage sensitivity,Supplementary sensitivity,sensitivity,SI,FINAL_SI,+0.0000 %,Coverage sensitivity; not promoted as the main ecological effect.
SYNC20260725_LAI_COVERAGE_0057,LAI effective-sample coverage sensitivity,<z>–LAI BY_positive_area_pct under n >= 177 (>=70%),BY_positive_area_pct,0.0,,,%,2000-2020,persistent vegetated domain,Model 3; <z>; n >= 177 (>=70%),cos(latitude); paired 10°×10° spatial-block bootstrap,3429.0,<PROJECT_ROOT>\CANONICAL_WGPE_TOP100_v2\03_SOURCE_DATA\LAI_coverage_sensitivity_global.csv,a862e0ee1c374b7db1c9ccc0ebc4ab39c88e738374aed31f755419357caf1cb8,Supplementary LAI coverage sensitivity,Supplementary sensitivity,sensitivity,SI,FINAL_SI,+0.0000 %,Coverage sensitivity; not promoted as the main ecological effect.
SYNC20260725_LAI_COVERAGE_0058,LAI effective-sample coverage sensitivity,<z>–LAI BY_negative_area_pct under n >= 177 (>=70%),BY_negative_area_pct,0.0,,,%,2000-2020,persistent vegetated domain,Model 3; <z>; n >= 177 (>=70%),cos(latitude); paired 10°×10° spatial-block bootstrap,3429.0,<PROJECT_ROOT>\CANONICAL_WGPE_TOP100_v2\03_SOURCE_DATA\LAI_coverage_sensitivity_global.csv,a862e0ee1c374b7db1c9ccc0ebc4ab39c88e738374aed31f755419357caf1cb8,Supplementary LAI coverage sensitivity,Supplementary sensitivity,sensitivity,SI,FINAL_SI,+0.0000 %,Coverage sensitivity; not promoted as the main ecological effect.
SYNC20260725_LAI_COVERAGE_0059,LAI effective-sample coverage sensitivity,<z>–LAI circular_shift_p_positive under n >= 177 (>=70%),circular_shift_p_positive,1.0,,,p,2000-2020,persistent vegetated domain,Model 3; <z>; n >= 177 (>=70%),cos(latitude); paired 10°×10° spatial-block bootstrap,3429.0,<PROJECT_ROOT>\CANONICAL_WGPE_TOP100_v2\03_SOURCE_DATA\LAI_coverage_sensitivity_global.csv,a862e0ee1c374b7db1c9ccc0ebc4ab39c88e738374aed31f755419357caf1cb8,Supplementary LAI coverage sensitivity,Supplementary sensitivity,sensitivity,SI,FINAL_SI,+1.000 p,Coverage sensitivity; not promoted as the main ecological effect.
SYNC20260725_LAI_COVERAGE_0060,LAI effective-sample coverage sensitivity,<z>–LAI circular_shift_p_negative under n >= 177 (>=70%),circular_shift_p_negative,1.0,,,p,2000-2020,persistent vegetated domain,Model 3; <z>; n >= 177 (>=70%),cos(latitude); paired 10°×10° spatial-block bootstrap,3429.0,<PROJECT_ROOT>\CANONICAL_WGPE_TOP100_v2\03_SOURCE_DATA\LAI_coverage_sensitivity_global.csv,a862e0ee1c374b7db1c9ccc0ebc4ab39c88e738374aed31f755419357caf1cb8,Supplementary LAI coverage sensitivity,Supplementary sensitivity,sensitivity,SI,FINAL_SI,+1.000 p,Coverage sensitivity; not promoted as the main ecological effect.
SYNC20260725_LAI_ZONE_0061,LAI effective-sample coverage sensitivity by climate zone,W-GPE–LAI mean partial r,climate_zone_mean_partial_r,0.126549093864339,,,Partial r,2000-2020,N high latitude,Model 3; n >= 36,cos(latitude),924.0,<PROJECT_ROOT>\CANONICAL_WGPE_TOP100_v2\03_SOURCE_DATA\LAI_coverage_sensitivity_climate_zones.csv,544894393bbe6f9c670eaa1fccd985a0d58f0d0303a79141002e45d62a64328c,Supplementary LAI coverage sensitivity,Supplementary sensitivity,sensitivity,SI,FINAL_SI,+0.1265 Partial r,Retained area = %.
SYNC20260725_LAI_ZONE_0062,LAI effective-sample coverage sensitivity by climate zone,W-GPE–LAI mean partial r,climate_zone_mean_partial_r,0.0134464177169441,,,Partial r,2000-2020,N temperate,Model 3; n >= 36,cos(latitude),5192.0,<PROJECT_ROOT>\CANONICAL_WGPE_TOP100_v2\03_SOURCE_DATA\LAI_coverage_sensitivity_climate_zones.csv,544894393bbe6f9c670eaa1fccd985a0d58f0d0303a79141002e45d62a64328c,Supplementary LAI coverage sensitivity,Supplementary sensitivity,sensitivity,SI,FINAL_SI,+0.0134 Partial r,Retained area = %.
SYNC20260725_LAI_ZONE_0063,LAI effective-sample coverage sensitivity by climate zone,W-GPE–LAI mean partial r,climate_zone_mean_partial_r,0.0112945251671632,,,Partial r,2000-2020,Tropics,Model 3; n >= 36,cos(latitude),1494.0,<PROJECT_ROOT>\CANONICAL_WGPE_TOP100_v2\03_SOURCE_DATA\LAI_coverage_sensitivity_climate_zones.csv,544894393bbe6f9c670eaa1fccd985a0d58f0d0303a79141002e45d62a64328c,Supplementary LAI coverage sensitivity,Supplementary sensitivity,sensitivity,SI,FINAL_SI,+0.0113 Partial r,Retained area = %.
SYNC20260725_LAI_ZONE_0064,LAI effective-sample coverage sensitivity by climate zone,W-GPE–LAI mean partial r,climate_zone_mean_partial_r,0.0196906975642771,,,Partial r,2000-2020,S temperate,Model 3; n >= 36,cos(latitude),690.0,<PROJECT_ROOT>\CANONICAL_WGPE_TOP100_v2\03_SOURCE_DATA\LAI_coverage_sensitivity_climate_zones.csv,544894393bbe6f9c670eaa1fccd985a0d58f0d0303a79141002e45d62a64328c,Supplementary LAI coverage sensitivity,Supplementary sensitivity,sensitivity,SI,FINAL_SI,+0.0197 Partial r,Retained area = %.
SYNC20260725_LAI_ZONE_0065,LAI effective-sample coverage sensitivity by climate zone,W-GPE–LAI mean partial r,climate_zone_mean_partial_r,,,,Partial r,2000-2020,S high latitude,Model 3; n >= 36,cos(latitude),0.0,<PROJECT_ROOT>\CANONICAL_WGPE_TOP100_v2\03_SOURCE_DATA\LAI_coverage_sensitivity_climate_zones.csv,544894393bbe6f9c670eaa1fccd985a0d58f0d0303a79141002e45d62a64328c,Supplementary LAI coverage sensitivity,Supplementary sensitivity,sensitivity,SI,FINAL_SI,,Retained area = %.
SYNC20260725_LAI_ZONE_0066,LAI effective-sample coverage sensitivity by climate zone,<z>–LAI mean partial r,climate_zone_mean_partial_r,0.0639639705030857,,,Partial r,2000-2020,N high latitude,Model 3; n >= 36,cos(latitude),924.0,<PROJECT_ROOT>\CANONICAL_WGPE_TOP100_v2\03_SOURCE_DATA\LAI_coverage_sensitivity_climate_zones.csv,544894393bbe6f9c670eaa1fccd985a0d58f0d0303a79141002e45d62a64328c,Supplementary LAI coverage sensitivity,Supplementary sensitivity,sensitivity,SI,FINAL_SI,+0.0640 Partial r,Retained area = %.
SYNC20260725_LAI_ZONE_0067,LAI effective-sample coverage sensitivity by climate zone,<z>–LAI mean partial r,climate_zone_mean_partial_r,0.0020693134505852,,,Partial r,2000-2020,N temperate,Model 3; n >= 36,cos(latitude),5192.0,<PROJECT_ROOT>\CANONICAL_WGPE_TOP100_v2\03_SOURCE_DATA\LAI_coverage_sensitivity_climate_zones.csv,544894393bbe6f9c670eaa1fccd985a0d58f0d0303a79141002e45d62a64328c,Supplementary LAI coverage sensitivity,Supplementary sensitivity,sensitivity,SI,FINAL_SI,+0.0021 Partial r,Retained area = %.
SYNC20260725_LAI_ZONE_0068,LAI effective-sample coverage sensitivity by climate zone,<z>–LAI mean partial r,climate_zone_mean_partial_r,0.0037578899691895,,,Partial r,2000-2020,Tropics,Model 3; n >= 36,cos(latitude),1494.0,<PROJECT_ROOT>\CANONICAL_WGPE_TOP100_v2\03_SOURCE_DATA\LAI_coverage_sensitivity_climate_zones.csv,544894393bbe6f9c670eaa1fccd985a0d58f0d0303a79141002e45d62a64328c,Supplementary LAI coverage sensitivity,Supplementary sensitivity,sensitivity,SI,FINAL_SI,+0.0038 Partial r,Retained area = %.
SYNC20260725_LAI_ZONE_0069,LAI effective-sample coverage sensitivity by climate zone,<z>–LAI mean partial r,climate_zone_mean_partial_r,-0.0168558468115695,,,Partial r,2000-2020,S temperate,Model 3; n >= 36,cos(latitude),690.0,<PROJECT_ROOT>\CANONICAL_WGPE_TOP100_v2\03_SOURCE_DATA\LAI_coverage_sensitivity_climate_zones.csv,544894393bbe6f9c670eaa1fccd985a0d58f0d0303a79141002e45d62a64328c,Supplementary LAI coverage sensitivity,Supplementary sensitivity,sensitivity,SI,FINAL_SI,-0.0169 Partial r,Retained area = %.
SYNC20260725_LAI_ZONE_0070,LAI effective-sample coverage sensitivity by climate zone,<z>–LAI mean partial r,climate_zone_mean_partial_r,,,,Partial r,2000-2020,S high latitude,Model 3; n >= 36,cos(latitude),0.0,<PROJECT_ROOT>\CANONICAL_WGPE_TOP100_v2\03_SOURCE_DATA\LAI_coverage_sensitivity_climate_zones.csv,544894393bbe6f9c670eaa1fccd985a0d58f0d0303a79141002e45d62a64328c,Supplementary LAI coverage sensitivity,Supplementary sensitivity,sensitivity,SI,FINAL_SI,,Retained area = %.
SYNC20260725_LAI_ZONE_0071,LAI effective-sample coverage sensitivity by climate zone,W-GPE–LAI mean partial r,climate_zone_mean_partial_r,0.129368510961681,,,Partial r,2000-2020,N high latitude,Model 3; n >= 120,cos(latitude),841.0,<PROJECT_ROOT>\CANONICAL_WGPE_TOP100_v2\03_SOURCE_DATA\LAI_coverage_sensitivity_climate_zones.csv,544894393bbe6f9c670eaa1fccd985a0d58f0d0303a79141002e45d62a64328c,Supplementary LAI coverage sensitivity,Supplementary sensitivity,sensitivity,SI,FINAL_SI,+0.1294 Partial r,Retained area = %.
SYNC20260725_LAI_ZONE_0072,LAI effective-sample coverage sensitivity by climate zone,W-GPE–LAI mean partial r,climate_zone_mean_partial_r,0.0241944714084858,,,Partial r,2000-2020,N temperate,Model 3; n >= 120,cos(latitude),4159.0,<PROJECT_ROOT>\CANONICAL_WGPE_TOP100_v2\03_SOURCE_DATA\LAI_coverage_sensitivity_climate_zones.csv,544894393bbe6f9c670eaa1fccd985a0d58f0d0303a79141002e45d62a64328c,Supplementary LAI coverage sensitivity,Supplementary sensitivity,sensitivity,SI,FINAL_SI,+0.0242 Partial r,Retained area = %.
SYNC20260725_LAI_ZONE_0073,LAI effective-sample coverage sensitivity by climate zone,W-GPE–LAI mean partial r,climate_zone_mean_partial_r,0.0142972420175906,,,Partial r,2000-2020,Tropics,Model 3; n >= 120,cos(latitude),896.0,<PROJECT_ROOT>\CANONICAL_WGPE_TOP100_v2\03_SOURCE_DATA\LAI_coverage_sensitivity_climate_zones.csv,544894393bbe6f9c670eaa1fccd985a0d58f0d0303a79141002e45d62a64328c,Supplementary LAI coverage sensitivity,Supplementary sensitivity,sensitivity,SI,FINAL_SI,+0.0143 Partial r,Retained area = %.
SYNC20260725_LAI_ZONE_0074,LAI effective-sample coverage sensitivity by climate zone,W-GPE–LAI mean partial r,climate_zone_mean_partial_r,0.0267228292535822,,,Partial r,2000-2020,S temperate,Model 3; n >= 120,cos(latitude),603.0,<PROJECT_ROOT>\CANONICAL_WGPE_TOP100_v2\03_SOURCE_DATA\LAI_coverage_sensitivity_climate_zones.csv,544894393bbe6f9c670eaa1fccd985a0d58f0d0303a79141002e45d62a64328c,Supplementary LAI coverage sensitivity,Supplementary sensitivity,sensitivity,SI,FINAL_SI,+0.0267 Partial r,Retained area = %.
SYNC20260725_LAI_ZONE_0075,LAI effective-sample coverage sensitivity by climate zone,W-GPE–LAI mean partial r,climate_zone_mean_partial_r,,,,Partial r,2000-2020,S high latitude,Model 3; n >= 120,cos(latitude),0.0,<PROJECT_ROOT>\CANONICAL_WGPE_TOP100_v2\03_SOURCE_DATA\LAI_coverage_sensitivity_climate_zones.csv,544894393bbe6f9c670eaa1fccd985a0d58f0d0303a79141002e45d62a64328c,Supplementary LAI coverage sensitivity,Supplementary sensitivity,sensitivity,SI,FINAL_SI,,Retained area = %.
SYNC20260725_LAI_ZONE_0076,LAI effective-sample coverage sensitivity by climate zone,<z>–LAI mean partial r,climate_zone_mean_partial_r,0.0658719384475068,,,Partial r,2000-2020,N high latitude,Model 3; n >= 120,cos(latitude),841.0,<PROJECT_ROOT>\CANONICAL_WGPE_TOP100_v2\03_SOURCE_DATA\LAI_coverage_sensitivity_climate_zones.csv,544894393bbe6f9c670eaa1fccd985a0d58f0d0303a79141002e45d62a64328c,Supplementary LAI coverage sensitivity,Supplementary sensitivity,sensitivity,SI,FINAL_SI,+0.0659 Partial r,Retained area = %.
SYNC20260725_LAI_ZONE_0077,LAI effective-sample coverage sensitivity by climate zone,<z>–LAI mean partial r,climate_zone_mean_partial_r,0.0041977724219129,,,Partial r,2000-2020,N temperate,Model 3; n >= 120,cos(latitude),4159.0,<PROJECT_ROOT>\CANONICAL_WGPE_TOP100_v2\03_SOURCE_DATA\LAI_coverage_sensitivity_climate_zones.csv,544894393bbe6f9c670eaa1fccd985a0d58f0d0303a79141002e45d62a64328c,Supplementary LAI coverage sensitivity,Supplementary sensitivity,sensitivity,SI,FINAL_SI,+0.0042 Partial r,Retained area = %.
SYNC20260725_LAI_ZONE_0078,LAI effective-sample coverage sensitivity by climate zone,<z>–LAI mean partial r,climate_zone_mean_partial_r,0.0104869412917925,,,Partial r,2000-2020,Tropics,Model 3; n >= 120,cos(latitude),896.0,<PROJECT_ROOT>\CANONICAL_WGPE_TOP100_v2\03_SOURCE_DATA\LAI_coverage_sensitivity_climate_zones.csv,544894393bbe6f9c670eaa1fccd985a0d58f0d0303a79141002e45d62a64328c,Supplementary LAI coverage sensitivity,Supplementary sensitivity,sensitivity,SI,FINAL_SI,+0.0105 Partial r,Retained area = %.
SYNC20260725_LAI_ZONE_0079,LAI effective-sample coverage sensitivity by climate zone,<z>–LAI mean partial r,climate_zone_mean_partial_r,-0.0094638903842799,,,Partial r,2000-2020,S temperate,Model 3; n >= 120,cos(latitude),603.0,<PROJECT_ROOT>\CANONICAL_WGPE_TOP100_v2\03_SOURCE_DATA\LAI_coverage_sensitivity_climate_zones.csv,544894393bbe6f9c670eaa1fccd985a0d58f0d0303a79141002e45d62a64328c,Supplementary LAI coverage sensitivity,Supplementary sensitivity,sensitivity,SI,FINAL_SI,-0.0095 Partial r,Retained area = %.
SYNC20260725_LAI_ZONE_0080,LAI effective-sample coverage sensitivity by climate zone,<z>–LAI mean partial r,climate_zone_mean_partial_r,,,,Partial r,2000-2020,S high latitude,Model 3; n >= 120,cos(latitude),0.0,<PROJECT_ROOT>\CANONICAL_WGPE_TOP100_v2\03_SOURCE_DATA\LAI_coverage_sensitivity_climate_zones.csv,544894393bbe6f9c670eaa1fccd985a0d58f0d0303a79141002e45d62a64328c,Supplementary LAI coverage sensitivity,Supplementary sensitivity,sensitivity,SI,FINAL_SI,,Retained area = %.
SYNC20260725_LAI_ZONE_0081,LAI effective-sample coverage sensitivity by climate zone,W-GPE–LAI mean partial r,climate_zone_mean_partial_r,0.133636617550846,,,Partial r,2000-2020,N high latitude,Model 3; n >= 177 (>=70%),cos(latitude),210.0,<PROJECT_ROOT>\CANONICAL_WGPE_TOP100_v2\03_SOURCE_DATA\LAI_coverage_sensitivity_climate_zones.csv,544894393bbe6f9c670eaa1fccd985a0d58f0d0303a79141002e45d62a64328c,Supplementary LAI coverage sensitivity,Supplementary sensitivity,sensitivity,SI,FINAL_SI,+0.1336 Partial r,Retained area = %.
SYNC20260725_LAI_ZONE_0082,LAI effective-sample coverage sensitivity by climate zone,W-GPE–LAI mean partial r,climate_zone_mean_partial_r,0.0361494656038196,,,Partial r,2000-2020,N temperate,Model 3; n >= 177 (>=70%),cos(latitude),2062.0,<PROJECT_ROOT>\CANONICAL_WGPE_TOP100_v2\03_SOURCE_DATA\LAI_coverage_sensitivity_climate_zones.csv,544894393bbe6f9c670eaa1fccd985a0d58f0d0303a79141002e45d62a64328c,Supplementary LAI coverage sensitivity,Supplementary sensitivity,sensitivity,SI,FINAL_SI,+0.0361 Partial r,Retained area = %.
SYNC20260725_LAI_ZONE_0083,LAI effective-sample coverage sensitivity by climate zone,W-GPE–LAI mean partial r,climate_zone_mean_partial_r,0.0157075708316834,,,Partial r,2000-2020,Tropics,Model 3; n >= 177 (>=70%),cos(latitude),631.0,<PROJECT_ROOT>\CANONICAL_WGPE_TOP100_v2\03_SOURCE_DATA\LAI_coverage_sensitivity_climate_zones.csv,544894393bbe6f9c670eaa1fccd985a0d58f0d0303a79141002e45d62a64328c,Supplementary LAI coverage sensitivity,Supplementary sensitivity,sensitivity,SI,FINAL_SI,+0.0157 Partial r,Retained area = %.
SYNC20260725_LAI_ZONE_0084,LAI effective-sample coverage sensitivity by climate zone,W-GPE–LAI mean partial r,climate_zone_mean_partial_r,0.0339436988844079,,,Partial r,2000-2020,S temperate,Model 3; n >= 177 (>=70%),cos(latitude),526.0,<PROJECT_ROOT>\CANONICAL_WGPE_TOP100_v2\03_SOURCE_DATA\LAI_coverage_sensitivity_climate_zones.csv,544894393bbe6f9c670eaa1fccd985a0d58f0d0303a79141002e45d62a64328c,Supplementary LAI coverage sensitivity,Supplementary sensitivity,sensitivity,SI,FINAL_SI,+0.0339 Partial r,Retained area = %.
SYNC20260725_LAI_ZONE_0085,LAI effective-sample coverage sensitivity by climate zone,W-GPE–LAI mean partial r,climate_zone_mean_partial_r,,,,Partial r,2000-2020,S high latitude,Model 3; n >= 177 (>=70%),cos(latitude),0.0,<PROJECT_ROOT>\CANONICAL_WGPE_TOP100_v2\03_SOURCE_DATA\LAI_coverage_sensitivity_climate_zones.csv,544894393bbe6f9c670eaa1fccd985a0d58f0d0303a79141002e45d62a64328c,Supplementary LAI coverage sensitivity,Supplementary sensitivity,sensitivity,SI,FINAL_SI,,Retained area = %.
SYNC20260725_LAI_ZONE_0086,LAI effective-sample coverage sensitivity by climate zone,<z>–LAI mean partial r,climate_zone_mean_partial_r,0.045892586588092,,,Partial r,2000-2020,N high latitude,Model 3; n >= 177 (>=70%),cos(latitude),210.0,<PROJECT_ROOT>\CANONICAL_WGPE_TOP100_v2\03_SOURCE_DATA\LAI_coverage_sensitivity_climate_zones.csv,544894393bbe6f9c670eaa1fccd985a0d58f0d0303a79141002e45d62a64328c,Supplementary LAI coverage sensitivity,Supplementary sensitivity,sensitivity,SI,FINAL_SI,+0.0459 Partial r,Retained area = %.
SYNC20260725_LAI_ZONE_0087,LAI effective-sample coverage sensitivity by climate zone,<z>–LAI mean partial r,climate_zone_mean_partial_r,-0.0023835812707455,,,Partial r,2000-2020,N temperate,Model 3; n >= 177 (>=70%),cos(latitude),2062.0,<PROJECT_ROOT>\CANONICAL_WGPE_TOP100_v2\03_SOURCE_DATA\LAI_coverage_sensitivity_climate_zones.csv,544894393bbe6f9c670eaa1fccd985a0d58f0d0303a79141002e45d62a64328c,Supplementary LAI coverage sensitivity,Supplementary sensitivity,sensitivity,SI,FINAL_SI,-0.0024 Partial r,Retained area = %.
SYNC20260725_LAI_ZONE_0088,LAI effective-sample coverage sensitivity by climate zone,<z>–LAI mean partial r,climate_zone_mean_partial_r,0.0129446372739238,,,Partial r,2000-2020,Tropics,Model 3; n >= 177 (>=70%),cos(latitude),631.0,<PROJECT_ROOT>\CANONICAL_WGPE_TOP100_v2\03_SOURCE_DATA\LAI_coverage_sensitivity_climate_zones.csv,544894393bbe6f9c670eaa1fccd985a0d58f0d0303a79141002e45d62a64328c,Supplementary LAI coverage sensitivity,Supplementary sensitivity,sensitivity,SI,FINAL_SI,+0.0129 Partial r,Retained area = %.
SYNC20260725_LAI_ZONE_0089,LAI effective-sample coverage sensitivity by climate zone,<z>–LAI mean partial r,climate_zone_mean_partial_r,-0.0042731490518015,,,Partial r,2000-2020,S temperate,Model 3; n >= 177 (>=70%),cos(latitude),526.0,<PROJECT_ROOT>\CANONICAL_WGPE_TOP100_v2\03_SOURCE_DATA\LAI_coverage_sensitivity_climate_zones.csv,544894393bbe6f9c670eaa1fccd985a0d58f0d0303a79141002e45d62a64328c,Supplementary LAI coverage sensitivity,Supplementary sensitivity,sensitivity,SI,FINAL_SI,-0.0043 Partial r,Retained area = %.
SYNC20260725_LAI_ZONE_0090,LAI effective-sample coverage sensitivity by climate zone,<z>–LAI mean partial r,climate_zone_mean_partial_r,,,,Partial r,2000-2020,S high latitude,Model 3; n >= 177 (>=70%),cos(latitude),0.0,<PROJECT_ROOT>\CANONICAL_WGPE_TOP100_v2\03_SOURCE_DATA\LAI_coverage_sensitivity_climate_zones.csv,544894393bbe6f9c670eaa1fccd985a0d58f0d0303a79141002e45d62a64328c,Supplementary LAI coverage sensitivity,Supplementary sensitivity,sensitivity,SI,FINAL_SI,,Retained area = %.
SYNC20260725_WETDRY_ST_0091,Wet/dry exact W-GPE decomposition uncertainty,Wet event actual anomaly,two_stage_spatiotemporal_bootstrap,68316.0140951372,60527.8516407539,74342.5260902285,J m-2,1979-2024,Global,exact grid-month decomposition,cos(latitude); paired spatial-block × 5-year time-block bootstrap,65160.0,<PROJECT_ROOT>\CANONICAL_WGPE_TOP100_v2\03_SOURCE_DATA\WET_DRY_SPATIOTEMPORAL_UNCERTAINTY_GLOBAL.csv,4bf28900961b8f5545d31adb65531058d480e1b176cfa72b57438581ce5bd511,Figure 2 wet/dry uncertainty,Results and Supplementary uncertainty,main_uncertainty,MAIN,FINAL_MAIN,+68 316.0 J m⁻²,Point estimate unchanged; uncertainty promoted from the completed two-stage bootstrap.
SYNC20260725_WETDRY_ST_0092,Wet/dry exact W-GPE decomposition uncertainty,Dry event actual anomaly,two_stage_spatiotemporal_bootstrap,-58490.6329749552,-65910.4080795541,-53461.3011012622,J m-2,1979-2024,Global,exact grid-month decomposition,cos(latitude); paired spatial-block × 5-year time-block bootstrap,65160.0,<PROJECT_ROOT>\CANONICAL_WGPE_TOP100_v2\03_SOURCE_DATA\WET_DRY_SPATIOTEMPORAL_UNCERTAINTY_GLOBAL.csv,4bf28900961b8f5545d31adb65531058d480e1b176cfa72b57438581ce5bd511,Figure 2 wet/dry uncertainty,Results and Supplementary uncertainty,main_uncertainty,MAIN,FINAL_MAIN,-58 490.6 J m⁻²,Point estimate unchanged; uncertainty promoted from the completed two-stage bootstrap.
SYNC20260725_WETDRY_ST_0093,Wet/dry exact W-GPE decomposition uncertainty,Wet event IWV_channel anomaly,two_stage_spatiotemporal_bootstrap,45981.9735601503,41085.8294174894,49359.9659907171,J m-2,1979-2024,Global,exact grid-month decomposition,cos(latitude); paired spatial-block × 5-year time-block bootstrap,65160.0,<PROJECT_ROOT>\CANONICAL_WGPE_TOP100_v2\03_SOURCE_DATA\WET_DRY_SPATIOTEMPORAL_UNCERTAINTY_GLOBAL.csv,4bf28900961b8f5545d31adb65531058d480e1b176cfa72b57438581ce5bd511,Figure 2 wet/dry uncertainty,Results and Supplementary uncertainty,main_uncertainty,MAIN,FINAL_MAIN,+45 982.0 J m⁻²,Point estimate unchanged; uncertainty promoted from the completed two-stage bootstrap.
SYNC20260725_WETDRY_ST_0094,Wet/dry exact W-GPE decomposition uncertainty,Dry event IWV_channel anomaly,two_stage_spatiotemporal_bootstrap,-41071.4854384421,-46123.7037424226,-37837.4844733468,J m-2,1979-2024,Global,exact grid-month decomposition,cos(latitude); paired spatial-block × 5-year time-block bootstrap,65160.0,<PROJECT_ROOT>\CANONICAL_WGPE_TOP100_v2\03_SOURCE_DATA\WET_DRY_SPATIOTEMPORAL_UNCERTAINTY_GLOBAL.csv,4bf28900961b8f5545d31adb65531058d480e1b176cfa72b57438581ce5bd511,Figure 2 wet/dry uncertainty,Results and Supplementary uncertainty,main_uncertainty,MAIN,FINAL_MAIN,-41 071.5 J m⁻²,Point estimate unchanged; uncertainty promoted from the completed two-stage bootstrap.
SYNC20260725_WETDRY_ST_0095,Wet/dry exact W-GPE decomposition uncertainty,Wet event z_channel anomaly,two_stage_spatiotemporal_bootstrap,20464.5092520376,17836.5683098026,22849.384544938,J m-2,1979-2024,Global,exact grid-month decomposition,cos(latitude); paired spatial-block × 5-year time-block bootstrap,65160.0,<PROJECT_ROOT>\CANONICAL_WGPE_TOP100_v2\03_SOURCE_DATA\WET_DRY_SPATIOTEMPORAL_UNCERTAINTY_GLOBAL.csv,4bf28900961b8f5545d31adb65531058d480e1b176cfa72b57438581ce5bd511,Figure 2 wet/dry uncertainty,Results and Supplementary uncertainty,main_uncertainty,MAIN,FINAL_MAIN,+20 464.5 J m⁻²,Point estimate unchanged; uncertainty promoted from the completed two-stage bootstrap.
SYNC20260725_WETDRY_ST_0096,Wet/dry exact W-GPE decomposition uncertainty,Dry event z_channel anomaly,two_stage_spatiotemporal_bootstrap,-18451.9686473839,-21423.7483246401,-16327.9606377163,J m-2,1979-2024,Global,exact grid-month decomposition,cos(latitude); paired spatial-block × 5-year time-block bootstrap,65160.0,<PROJECT_ROOT>\CANONICAL_WGPE_TOP100_v2\03_SOURCE_DATA\WET_DRY_SPATIOTEMPORAL_UNCERTAINTY_GLOBAL.csv,4bf28900961b8f5545d31adb65531058d480e1b176cfa72b57438581ce5bd511,Figure 2 wet/dry uncertainty,Results and Supplementary uncertainty,main_uncertainty,MAIN,FINAL_MAIN,-18 452.0 J m⁻²,Point estimate unchanged; uncertainty promoted from the completed two-stage bootstrap.
SYNC20260725_WETDRY_ST_0097,Wet/dry exact W-GPE decomposition uncertainty,Wet event interaction_channel anomaly,two_stage_spatiotemporal_bootstrap,1869.53128295016,1329.31003885806,2394.02765654128,J m-2,1979-2024,Global,exact grid-month decomposition,cos(latitude); paired spatial-block × 5-year time-block bootstrap,65160.0,<PROJECT_ROOT>\CANONICAL_WGPE_TOP100_v2\03_SOURCE_DATA\WET_DRY_SPATIOTEMPORAL_UNCERTAINTY_GLOBAL.csv,4bf28900961b8f5545d31adb65531058d480e1b176cfa72b57438581ce5bd511,Figure 2 wet/dry uncertainty,Results and Supplementary uncertainty,main_uncertainty,MAIN,FINAL_MAIN,+1 869.5 J m⁻²,Point estimate unchanged; uncertainty promoted from the completed two-stage bootstrap.
SYNC20260725_WETDRY_ST_0098,Wet/dry exact W-GPE decomposition uncertainty,Dry event interaction_channel anomaly,two_stage_spatiotemporal_bootstrap,1032.82111087089,751.902261157319,1477.54907856475,J m-2,1979-2024,Global,exact grid-month decomposition,cos(latitude); paired spatial-block × 5-year time-block bootstrap,65160.0,<PROJECT_ROOT>\CANONICAL_WGPE_TOP100_v2\03_SOURCE_DATA\WET_DRY_SPATIOTEMPORAL_UNCERTAINTY_GLOBAL.csv,4bf28900961b8f5545d31adb65531058d480e1b176cfa72b57438581ce5bd511,Figure 2 wet/dry uncertainty,Results and Supplementary uncertainty,main_uncertainty,MAIN,FINAL_MAIN,+1 032.8 J m⁻²,Point estimate unchanged; uncertainty promoted from the completed two-stage bootstrap.
SYNC20260725_TREND_UNCERT_0099,Main trend uncertainty,Global iwv trend,OLS,0.0190099801239597,0.0167959696471053,0.0212239906008136,kg m-2 yr-1,1979-2024,Global,analytic OLS interval,grid-cell OLS first; cos(latitude) area weighting,65160.0,<PROJECT_ROOT>\CANONICAL_WGPE_TOP100_v2\03_SOURCE_DATA\MAIN_TREND_UNCERTAINTY_CONCENTRATED.csv,107abff4cc7ecbfcf765d09dd68d0e74e5ad3d003e4a513167d73f2817abbce7,Figure 1 trend uncertainty,Results and Methods,uncertainty_method_comparison,SI,FINAL_SI,+0.0190 kg m-2 yr-1,Distinct uncertainty methods are retained as separate records; no interval overwrites another.
SYNC20260725_TREND_UNCERT_0100,Main trend uncertainty,Global iwv trend,Newey_West_HAC,0.0190099801239597,0.0135295993064801,0.0244903609414393,kg m-2 yr-1,1979-2024,Global,Newey–West/HAC interval,grid-cell OLS first; cos(latitude) area weighting,65160.0,<PROJECT_ROOT>\CANONICAL_WGPE_TOP100_v2\03_SOURCE_DATA\MAIN_TREND_UNCERTAINTY_CONCENTRATED.csv,107abff4cc7ecbfcf765d09dd68d0e74e5ad3d003e4a513167d73f2817abbce7,Figure 1 trend uncertainty,Results and Methods,uncertainty_method_comparison,SI,FINAL_SI,+0.0190 kg m-2 yr-1,Distinct uncertainty methods are retained as separate records; no interval overwrites another.
SYNC20260725_TREND_UNCERT_0101,Main trend uncertainty,Global iwv trend,temporal_block_5yr,0.0190099801239597,0.0099927160701767,0.027738006919221,kg m-2 yr-1,1979-2024,Global,5-year temporal-block bootstrap,grid-cell OLS first; cos(latitude) area weighting,65160.0,<PROJECT_ROOT>\CANONICAL_WGPE_TOP100_v2\03_SOURCE_DATA\MAIN_TREND_UNCERTAINTY_CONCENTRATED.csv,107abff4cc7ecbfcf765d09dd68d0e74e5ad3d003e4a513167d73f2817abbce7,Figure 1 trend uncertainty,Results and Methods,uncertainty_method_comparison,SI,FINAL_SI,+0.0190 kg m-2 yr-1,Distinct uncertainty methods are retained as separate records; no interval overwrites another.
SYNC20260725_TREND_UNCERT_0102,Main trend uncertainty,Global iwv trend,spatial_block_10deg,0.0190099801239597,0.016642336094102,0.0210493575803112,kg m-2 yr-1,1979-2024,Global,10°×10° spatial-block bootstrap,grid-cell OLS first; cos(latitude) area weighting,65160.0,<PROJECT_ROOT>\CANONICAL_WGPE_TOP100_v2\03_SOURCE_DATA\MAIN_TREND_UNCERTAINTY_CONCENTRATED.csv,107abff4cc7ecbfcf765d09dd68d0e74e5ad3d003e4a513167d73f2817abbce7,Figure 1 trend uncertainty,Results and Methods,uncertainty_method_comparison,SI,FINAL_SI,+0.0190 kg m-2 yr-1,Distinct uncertainty methods are retained as separate records; no interval overwrites another.
SYNC20260725_TREND_UNCERT_0103,Main trend uncertainty,Global iwv trend,spatiotemporal,0.0190099801239597,0.0099056550748002,0.0281995512205008,kg m-2 yr-1,1979-2024,Global,paired spatiotemporal bootstrap,grid-cell OLS first; cos(latitude) area weighting,65160.0,<PROJECT_ROOT>\CANONICAL_WGPE_TOP100_v2\03_SOURCE_DATA\MAIN_TREND_UNCERTAINTY_CONCENTRATED.csv,107abff4cc7ecbfcf765d09dd68d0e74e5ad3d003e4a513167d73f2817abbce7,Figure 1 trend uncertainty,Results and Methods,main_uncertainty,MAIN,FINAL_MAIN,+0.0190 kg m-2 yr-1,Distinct uncertainty methods are retained as separate records; no interval overwrites another.
SYNC20260725_TREND_UNCERT_0104,Main trend uncertainty,Global zbar trend,OLS,0.819477982221973,0.755854155931999,0.88310180851193,m yr-1,1979-2024,Global,analytic OLS interval,grid-cell OLS first; cos(latitude) area weighting,65160.0,<PROJECT_ROOT>\CANONICAL_WGPE_TOP100_v2\03_SOURCE_DATA\MAIN_TREND_UNCERTAINTY_CONCENTRATED.csv,107abff4cc7ecbfcf765d09dd68d0e74e5ad3d003e4a513167d73f2817abbce7,Figure 1 trend uncertainty,Results and Methods,uncertainty_method_comparison,SI,FINAL_SI,+0.8195 m yr-1,Distinct uncertainty methods are retained as separate records; no interval overwrites another.
SYNC20260725_TREND_UNCERT_0105,Main trend uncertainty,Global zbar trend,Newey_West_HAC,0.819477982221973,0.701382754891947,0.937573209552,m yr-1,1979-2024,Global,Newey–West/HAC interval,grid-cell OLS first; cos(latitude) area weighting,65160.0,<PROJECT_ROOT>\CANONICAL_WGPE_TOP100_v2\03_SOURCE_DATA\MAIN_TREND_UNCERTAINTY_CONCENTRATED.csv,107abff4cc7ecbfcf765d09dd68d0e74e5ad3d003e4a513167d73f2817abbce7,Figure 1 trend uncertainty,Results and Methods,uncertainty_method_comparison,SI,FINAL_SI,+0.8195 m yr-1,Distinct uncertainty methods are retained as separate records; no interval overwrites another.
SYNC20260725_TREND_UNCERT_0106,Main trend uncertainty,Global zbar trend,temporal_block_5yr,0.819477982221973,0.598181036784835,1.04266017343228,m yr-1,1979-2024,Global,5-year temporal-block bootstrap,grid-cell OLS first; cos(latitude) area weighting,65160.0,<PROJECT_ROOT>\CANONICAL_WGPE_TOP100_v2\03_SOURCE_DATA\MAIN_TREND_UNCERTAINTY_CONCENTRATED.csv,107abff4cc7ecbfcf765d09dd68d0e74e5ad3d003e4a513167d73f2817abbce7,Figure 1 trend uncertainty,Results and Methods,uncertainty_method_comparison,SI,FINAL_SI,+0.8195 m yr-1,Distinct uncertainty methods are retained as separate records; no interval overwrites another.
SYNC20260725_TREND_UNCERT_0107,Main trend uncertainty,Global zbar trend,spatial_block_10deg,0.819477982221973,0.741492104200507,0.897773245296795,m yr-1,1979-2024,Global,10°×10° spatial-block bootstrap,grid-cell OLS first; cos(latitude) area weighting,65160.0,<PROJECT_ROOT>\CANONICAL_WGPE_TOP100_v2\03_SOURCE_DATA\MAIN_TREND_UNCERTAINTY_CONCENTRATED.csv,107abff4cc7ecbfcf765d09dd68d0e74e5ad3d003e4a513167d73f2817abbce7,Figure 1 trend uncertainty,Results and Methods,uncertainty_method_comparison,SI,FINAL_SI,+0.8195 m yr-1,Distinct uncertainty methods are retained as separate records; no interval overwrites another.
SYNC20260725_TREND_UNCERT_0108,Main trend uncertainty,Global zbar trend,spatiotemporal,0.819477982221973,0.585313324629503,1.05796670459214,m yr-1,1979-2024,Global,paired spatiotemporal bootstrap,grid-cell OLS first; cos(latitude) area weighting,65160.0,<PROJECT_ROOT>\CANONICAL_WGPE_TOP100_v2\03_SOURCE_DATA\MAIN_TREND_UNCERTAINTY_CONCENTRATED.csv,107abff4cc7ecbfcf765d09dd68d0e74e5ad3d003e4a513167d73f2817abbce7,Figure 1 trend uncertainty,Results and Methods,main_uncertainty,MAIN,FINAL_MAIN,+0.8195 m yr-1,Distinct uncertainty methods are retained as separate records; no interval overwrites another.
SYNC20260725_TREND_UNCERT_0109,Main trend uncertainty,Global wgpe trend,OLS,672.055527958988,611.657817023359,732.453238894602,J m-2 yr-1,1979-2024,Global,analytic OLS interval,grid-cell OLS first; cos(latitude) area weighting,65160.0,<PROJECT_ROOT>\CANONICAL_WGPE_TOP100_v2\03_SOURCE_DATA\MAIN_TREND_UNCERTAINTY_CONCENTRATED.csv,107abff4cc7ecbfcf765d09dd68d0e74e5ad3d003e4a513167d73f2817abbce7,Figure 1 trend uncertainty,Results and Methods,uncertainty_method_comparison,SI,FINAL_SI,+672.056 J m-2 yr-1,Distinct uncertainty methods are retained as separate records; no interval overwrites another.
SYNC20260725_TREND_UNCERT_0110,Main trend uncertainty,Global wgpe trend,Newey_West_HAC,672.055527958988,524.441038449491,819.670017468485,J m-2 yr-1,1979-2024,Global,Newey–West/HAC interval,grid-cell OLS first; cos(latitude) area weighting,65160.0,<PROJECT_ROOT>\CANONICAL_WGPE_TOP100_v2\03_SOURCE_DATA\MAIN_TREND_UNCERTAINTY_CONCENTRATED.csv,107abff4cc7ecbfcf765d09dd68d0e74e5ad3d003e4a513167d73f2817abbce7,Figure 1 trend uncertainty,Results and Methods,uncertainty_method_comparison,SI,FINAL_SI,+672.056 J m-2 yr-1,Distinct uncertainty methods are retained as separate records; no interval overwrites another.
SYNC20260725_TREND_UNCERT_0111,Main trend uncertainty,Global wgpe trend,temporal_block_5yr,672.055527958988,446.391308409245,894.448726564651,J m-2 yr-1,1979-2024,Global,5-year temporal-block bootstrap,grid-cell OLS first; cos(latitude) area weighting,65160.0,<PROJECT_ROOT>\CANONICAL_WGPE_TOP100_v2\03_SOURCE_DATA\MAIN_TREND_UNCERTAINTY_CONCENTRATED.csv,107abff4cc7ecbfcf765d09dd68d0e74e5ad3d003e4a513167d73f2817abbce7,Figure 1 trend uncertainty,Results and Methods,uncertainty_method_comparison,SI,FINAL_SI,+672.056 J m-2 yr-1,Distinct uncertainty methods are retained as separate records; no interval overwrites another.
SYNC20260725_TREND_UNCERT_0112,Main trend uncertainty,Global wgpe trend,spatial_block_10deg,672.055527958988,602.11367231048,741.34990944678,J m-2 yr-1,1979-2024,Global,10°×10° spatial-block bootstrap,grid-cell OLS first; cos(latitude) area weighting,65160.0,<PROJECT_ROOT>\CANONICAL_WGPE_TOP100_v2\03_SOURCE_DATA\MAIN_TREND_UNCERTAINTY_CONCENTRATED.csv,107abff4cc7ecbfcf765d09dd68d0e74e5ad3d003e4a513167d73f2817abbce7,Figure 1 trend uncertainty,Results and Methods,uncertainty_method_comparison,SI,FINAL_SI,+672.056 J m-2 yr-1,Distinct uncertainty methods are retained as separate records; no interval overwrites another.
SYNC20260725_TREND_UNCERT_0113,Main trend uncertainty,Global wgpe trend,spatiotemporal,672.055527958988,432.405872641106,910.253850232529,J m-2 yr-1,1979-2024,Global,paired spatiotemporal bootstrap,grid-cell OLS first; cos(latitude) area weighting,65160.0,<PROJECT_ROOT>\CANONICAL_WGPE_TOP100_v2\03_SOURCE_DATA\MAIN_TREND_UNCERTAINTY_CONCENTRATED.csv,107abff4cc7ecbfcf765d09dd68d0e74e5ad3d003e4a513167d73f2817abbce7,Figure 1 trend uncertainty,Results and Methods,main_uncertainty,MAIN,FINAL_MAIN,+672.056 J m-2 yr-1,Distinct uncertainty methods are retained as separate records; no interval overwrites another.
SYNC20260725_START_YEAR_0114,Main trend start-year sensitivity,iwv trend beginning 1979,start_year_sensitivity,0.0190099801239597,,,kg m-2 yr-1,1979-2024,Global,calendar-month deseasonalized grid-cell OLS,grid-cell OLS first; cos(latitude) area weighting,65160.0,<PROJECT_ROOT>\CANONICAL_WGPE_TOP100_v2\03_SOURCE_DATA\MAIN_TREND_START_YEAR_SENSITIVITY.csv,91ca73874d618dfad86e1a80da4b265d4446626e864f5e9ae4445020bc7a9c29,Supplementary trend sensitivity,Supplementary sensitivity,sensitivity,SI,FINAL_SI,+0.0190 kg m-2 yr-1,Start-year sensitivity; main period remains 1979-2024.
SYNC20260725_START_YEAR_0115,Main trend start-year sensitivity,iwv trend beginning 1980,start_year_sensitivity,0.0200875719085934,,,kg m-2 yr-1,1980-2024,Global,calendar-month deseasonalized grid-cell OLS,grid-cell OLS first; cos(latitude) area weighting,65160.0,<PROJECT_ROOT>\CANONICAL_WGPE_TOP100_v2\03_SOURCE_DATA\MAIN_TREND_START_YEAR_SENSITIVITY.csv,91ca73874d618dfad86e1a80da4b265d4446626e864f5e9ae4445020bc7a9c29,Supplementary trend sensitivity,Supplementary sensitivity,sensitivity,SI,FINAL_SI,+0.0201 kg m-2 yr-1,Start-year sensitivity; main period remains 1979-2024.
SYNC20260725_START_YEAR_0116,Main trend start-year sensitivity,iwv trend beginning 1981,start_year_sensitivity,0.0215413612496159,,,kg m-2 yr-1,1981-2024,Global,calendar-month deseasonalized grid-cell OLS,grid-cell OLS first; cos(latitude) area weighting,65160.0,<PROJECT_ROOT>\CANONICAL_WGPE_TOP100_v2\03_SOURCE_DATA\MAIN_TREND_START_YEAR_SENSITIVITY.csv,91ca73874d618dfad86e1a80da4b265d4446626e864f5e9ae4445020bc7a9c29,Supplementary trend sensitivity,Supplementary sensitivity,sensitivity,SI,FINAL_SI,+0.0215 kg m-2 yr-1,Start-year sensitivity; main period remains 1979-2024.
SYNC20260725_START_YEAR_0117,Main trend start-year sensitivity,iwv trend beginning 1982,start_year_sensitivity,0.0226316734393232,,,kg m-2 yr-1,1982-2024,Global,calendar-month deseasonalized grid-cell OLS,grid-cell OLS first; cos(latitude) area weighting,65160.0,<PROJECT_ROOT>\CANONICAL_WGPE_TOP100_v2\03_SOURCE_DATA\MAIN_TREND_START_YEAR_SENSITIVITY.csv,91ca73874d618dfad86e1a80da4b265d4446626e864f5e9ae4445020bc7a9c29,Supplementary trend sensitivity,Supplementary sensitivity,sensitivity,SI,FINAL_SI,+0.0226 kg m-2 yr-1,Start-year sensitivity; main period remains 1979-2024.
SYNC20260725_START_YEAR_0118,Main trend start-year sensitivity,iwv trend beginning 1983,start_year_sensitivity,0.02380496841549,,,kg m-2 yr-1,1983-2024,Global,calendar-month deseasonalized grid-cell OLS,grid-cell OLS first; cos(latitude) area weighting,65160.0,<PROJECT_ROOT>\CANONICAL_WGPE_TOP100_v2\03_SOURCE_DATA\MAIN_TREND_START_YEAR_SENSITIVITY.csv,91ca73874d618dfad86e1a80da4b265d4446626e864f5e9ae4445020bc7a9c29,Supplementary trend sensitivity,Supplementary sensitivity,sensitivity,SI,FINAL_SI,+0.0238 kg m-2 yr-1,Start-year sensitivity; main period remains 1979-2024.
SYNC20260725_START_YEAR_0119,Main trend start-year sensitivity,iwv trend beginning 1984,start_year_sensitivity,0.0259064465024896,,,kg m-2 yr-1,1984-2024,Global,calendar-month deseasonalized grid-cell OLS,grid-cell OLS first; cos(latitude) area weighting,65160.0,<PROJECT_ROOT>\CANONICAL_WGPE_TOP100_v2\03_SOURCE_DATA\MAIN_TREND_START_YEAR_SENSITIVITY.csv,91ca73874d618dfad86e1a80da4b265d4446626e864f5e9ae4445020bc7a9c29,Supplementary trend sensitivity,Supplementary sensitivity,sensitivity,SI,FINAL_SI,+0.0259 kg m-2 yr-1,Start-year sensitivity; main period remains 1979-2024.
SYNC20260725_START_YEAR_0120,Main trend start-year sensitivity,iwv trend beginning 1985,start_year_sensitivity,0.0265699858317945,,,kg m-2 yr-1,1985-2024,Global,calendar-month deseasonalized grid-cell OLS,grid-cell OLS first; cos(latitude) area weighting,65160.0,<PROJECT_ROOT>\CANONICAL_WGPE_TOP100_v2\03_SOURCE_DATA\MAIN_TREND_START_YEAR_SENSITIVITY.csv,91ca73874d618dfad86e1a80da4b265d4446626e864f5e9ae4445020bc7a9c29,Supplementary trend sensitivity,Supplementary sensitivity,sensitivity,SI,FINAL_SI,+0.0266 kg m-2 yr-1,Start-year sensitivity; main period remains 1979-2024.
SYNC20260725_START_YEAR_0121,Main trend start-year sensitivity,iwv trend beginning 1986,start_year_sensitivity,0.0271178752018346,,,kg m-2 yr-1,1986-2024,Global,calendar-month deseasonalized grid-cell OLS,grid-cell OLS first; cos(latitude) area weighting,65160.0,<PROJECT_ROOT>\CANONICAL_WGPE_TOP100_v2\03_SOURCE_DATA\MAIN_TREND_START_YEAR_SENSITIVITY.csv,91ca73874d618dfad86e1a80da4b265d4446626e864f5e9ae4445020bc7a9c29,Supplementary trend sensitivity,Supplementary sensitivity,sensitivity,SI,FINAL_SI,+0.0271 kg m-2 yr-1,Start-year sensitivity; main period remains 1979-2024.
SYNC20260725_START_YEAR_0122,Main trend start-year sensitivity,iwv trend beginning 1987,start_year_sensitivity,0.0282522905705516,,,kg m-2 yr-1,1987-2024,Global,calendar-month deseasonalized grid-cell OLS,grid-cell OLS first; cos(latitude) area weighting,65160.0,<PROJECT_ROOT>\CANONICAL_WGPE_TOP100_v2\03_SOURCE_DATA\MAIN_TREND_START_YEAR_SENSITIVITY.csv,91ca73874d618dfad86e1a80da4b265d4446626e864f5e9ae4445020bc7a9c29,Supplementary trend sensitivity,Supplementary sensitivity,sensitivity,SI,FINAL_SI,+0.0283 kg m-2 yr-1,Start-year sensitivity; main period remains 1979-2024.
SYNC20260725_START_YEAR_0123,Main trend start-year sensitivity,iwv trend beginning 1988,start_year_sensitivity,0.0312357669804219,,,kg m-2 yr-1,1988-2024,Global,calendar-month deseasonalized grid-cell OLS,grid-cell OLS first; cos(latitude) area weighting,65160.0,<PROJECT_ROOT>\CANONICAL_WGPE_TOP100_v2\03_SOURCE_DATA\MAIN_TREND_START_YEAR_SENSITIVITY.csv,91ca73874d618dfad86e1a80da4b265d4446626e864f5e9ae4445020bc7a9c29,Supplementary trend sensitivity,Supplementary sensitivity,sensitivity,SI,FINAL_SI,+0.0312 kg m-2 yr-1,Start-year sensitivity; main period remains 1979-2024.
SYNC20260725_START_YEAR_0124,Main trend start-year sensitivity,iwv trend beginning 1989,start_year_sensitivity,0.0335162722177928,,,kg m-2 yr-1,1989-2024,Global,calendar-month deseasonalized grid-cell OLS,grid-cell OLS first; cos(latitude) area weighting,65160.0,<PROJECT_ROOT>\CANONICAL_WGPE_TOP100_v2\03_SOURCE_DATA\MAIN_TREND_START_YEAR_SENSITIVITY.csv,91ca73874d618dfad86e1a80da4b265d4446626e864f5e9ae4445020bc7a9c29,Supplementary trend sensitivity,Supplementary sensitivity,sensitivity,SI,FINAL_SI,+0.0335 kg m-2 yr-1,Start-year sensitivity; main period remains 1979-2024.
SYNC20260725_START_YEAR_0125,Main trend start-year sensitivity,zbar trend beginning 1979,start_year_sensitivity,0.819477982221973,,,m yr-1,1979-2024,Global,calendar-month deseasonalized grid-cell OLS,grid-cell OLS first; cos(latitude) area weighting,65160.0,<PROJECT_ROOT>\CANONICAL_WGPE_TOP100_v2\03_SOURCE_DATA\MAIN_TREND_START_YEAR_SENSITIVITY.csv,91ca73874d618dfad86e1a80da4b265d4446626e864f5e9ae4445020bc7a9c29,Supplementary trend sensitivity,Supplementary sensitivity,sensitivity,SI,FINAL_SI,+0.8195 m yr-1,Start-year sensitivity; main period remains 1979-2024.
SYNC20260725_START_YEAR_0126,Main trend start-year sensitivity,zbar trend beginning 1980,start_year_sensitivity,0.851253532186701,,,m yr-1,1980-2024,Global,calendar-month deseasonalized grid-cell OLS,grid-cell OLS first; cos(latitude) area weighting,65160.0,<PROJECT_ROOT>\CANONICAL_WGPE_TOP100_v2\03_SOURCE_DATA\MAIN_TREND_START_YEAR_SENSITIVITY.csv,91ca73874d618dfad86e1a80da4b265d4446626e864f5e9ae4445020bc7a9c29,Supplementary trend sensitivity,Supplementary sensitivity,sensitivity,SI,FINAL_SI,+0.8513 m yr-1,Start-year sensitivity; main period remains 1979-2024.
SYNC20260725_START_YEAR_0127,Main trend start-year sensitivity,zbar trend beginning 1981,start_year_sensitivity,0.871683833114181,,,m yr-1,1981-2024,Global,calendar-month deseasonalized grid-cell OLS,grid-cell OLS first; cos(latitude) area weighting,65160.0,<PROJECT_ROOT>\CANONICAL_WGPE_TOP100_v2\03_SOURCE_DATA\MAIN_TREND_START_YEAR_SENSITIVITY.csv,91ca73874d618dfad86e1a80da4b265d4446626e864f5e9ae4445020bc7a9c29,Supplementary trend sensitivity,Supplementary sensitivity,sensitivity,SI,FINAL_SI,+0.8717 m yr-1,Start-year sensitivity; main period remains 1979-2024.
SYNC20260725_START_YEAR_0128,Main trend start-year sensitivity,zbar trend beginning 1982,start_year_sensitivity,0.879308793954284,,,m yr-1,1982-2024,Global,calendar-month deseasonalized grid-cell OLS,grid-cell OLS first; cos(latitude) area weighting,65160.0,<PROJECT_ROOT>\CANONICAL_WGPE_TOP100_v2\03_SOURCE_DATA\MAIN_TREND_START_YEAR_SENSITIVITY.csv,91ca73874d618dfad86e1a80da4b265d4446626e864f5e9ae4445020bc7a9c29,Supplementary trend sensitivity,Supplementary sensitivity,sensitivity,SI,FINAL_SI,+0.8793 m yr-1,Start-year sensitivity; main period remains 1979-2024.
SYNC20260725_START_YEAR_0129,Main trend start-year sensitivity,zbar trend beginning 1983,start_year_sensitivity,0.906406948800814,,,m yr-1,1983-2024,Global,calendar-month deseasonalized grid-cell OLS,grid-cell OLS first; cos(latitude) area weighting,65160.0,<PROJECT_ROOT>\CANONICAL_WGPE_TOP100_v2\03_SOURCE_DATA\MAIN_TREND_START_YEAR_SENSITIVITY.csv,91ca73874d618dfad86e1a80da4b265d4446626e864f5e9ae4445020bc7a9c29,Supplementary trend sensitivity,Supplementary sensitivity,sensitivity,SI,FINAL_SI,+0.9064 m yr-1,Start-year sensitivity; main period remains 1979-2024.
SYNC20260725_START_YEAR_0130,Main trend start-year sensitivity,zbar trend beginning 1984,start_year_sensitivity,0.937843528537792,,,m yr-1,1984-2024,Global,calendar-month deseasonalized grid-cell OLS,grid-cell OLS first; cos(latitude) area weighting,65160.0,<PROJECT_ROOT>\CANONICAL_WGPE_TOP100_v2\03_SOURCE_DATA\MAIN_TREND_START_YEAR_SENSITIVITY.csv,91ca73874d618dfad86e1a80da4b265d4446626e864f5e9ae4445020bc7a9c29,Supplementary trend sensitivity,Supplementary sensitivity,sensitivity,SI,FINAL_SI,+0.9378 m yr-1,Start-year sensitivity; main period remains 1979-2024.
SYNC20260725_START_YEAR_0131,Main trend start-year sensitivity,zbar trend beginning 1985,start_year_sensitivity,0.933620481815347,,,m yr-1,1985-2024,Global,calendar-month deseasonalized grid-cell OLS,grid-cell OLS first; cos(latitude) area weighting,65160.0,<PROJECT_ROOT>\CANONICAL_WGPE_TOP100_v2\03_SOURCE_DATA\MAIN_TREND_START_YEAR_SENSITIVITY.csv,91ca73874d618dfad86e1a80da4b265d4446626e864f5e9ae4445020bc7a9c29,Supplementary trend sensitivity,Supplementary sensitivity,sensitivity,SI,FINAL_SI,+0.9336 m yr-1,Start-year sensitivity; main period remains 1979-2024.
SYNC20260725_START_YEAR_0132,Main trend start-year sensitivity,zbar trend beginning 1986,start_year_sensitivity,0.935687908085533,,,m yr-1,1986-2024,Global,calendar-month deseasonalized grid-cell OLS,grid-cell OLS first; cos(latitude) area weighting,65160.0,<PROJECT_ROOT>\CANONICAL_WGPE_TOP100_v2\03_SOURCE_DATA\MAIN_TREND_START_YEAR_SENSITIVITY.csv,91ca73874d618dfad86e1a80da4b265d4446626e864f5e9ae4445020bc7a9c29,Supplementary trend sensitivity,Supplementary sensitivity,sensitivity,SI,FINAL_SI,+0.9357 m yr-1,Start-year sensitivity; main period remains 1979-2024.
SYNC20260725_START_YEAR_0133,Main trend start-year sensitivity,zbar trend beginning 1987,start_year_sensitivity,0.93779260303275,,,m yr-1,1987-2024,Global,calendar-month deseasonalized grid-cell OLS,grid-cell OLS first; cos(latitude) area weighting,65160.0,<PROJECT_ROOT>\CANONICAL_WGPE_TOP100_v2\03_SOURCE_DATA\MAIN_TREND_START_YEAR_SENSITIVITY.csv,91ca73874d618dfad86e1a80da4b265d4446626e864f5e9ae4445020bc7a9c29,Supplementary trend sensitivity,Supplementary sensitivity,sensitivity,SI,FINAL_SI,+0.9378 m yr-1,Start-year sensitivity; main period remains 1979-2024.
SYNC20260725_START_YEAR_0134,Main trend start-year sensitivity,zbar trend beginning 1988,start_year_sensitivity,1.02219926305245,,,m yr-1,1988-2024,Global,calendar-month deseasonalized grid-cell OLS,grid-cell OLS first; cos(latitude) area weighting,65160.0,<PROJECT_ROOT>\CANONICAL_WGPE_TOP100_v2\03_SOURCE_DATA\MAIN_TREND_START_YEAR_SENSITIVITY.csv,91ca73874d618dfad86e1a80da4b265d4446626e864f5e9ae4445020bc7a9c29,Supplementary trend sensitivity,Supplementary sensitivity,sensitivity,SI,FINAL_SI,+1.022 m yr-1,Start-year sensitivity; main period remains 1979-2024.
SYNC20260725_START_YEAR_0135,Main trend start-year sensitivity,zbar trend beginning 1989,start_year_sensitivity,1.095056090136,,,m yr-1,1989-2024,Global,calendar-month deseasonalized grid-cell OLS,grid-cell OLS first; cos(latitude) area weighting,65160.0,<PROJECT_ROOT>\CANONICAL_WGPE_TOP100_v2\03_SOURCE_DATA\MAIN_TREND_START_YEAR_SENSITIVITY.csv,91ca73874d618dfad86e1a80da4b265d4446626e864f5e9ae4445020bc7a9c29,Supplementary trend sensitivity,Supplementary sensitivity,sensitivity,SI,FINAL_SI,+1.095 m yr-1,Start-year sensitivity; main period remains 1979-2024.
SYNC20260725_START_YEAR_0136,Main trend start-year sensitivity,wgpe trend beginning 1979,start_year_sensitivity,672.055527958988,,,J m-2 yr-1,1979-2024,Global,calendar-month deseasonalized grid-cell OLS,grid-cell OLS first; cos(latitude) area weighting,65160.0,<PROJECT_ROOT>\CANONICAL_WGPE_TOP100_v2\03_SOURCE_DATA\MAIN_TREND_START_YEAR_SENSITIVITY.csv,91ca73874d618dfad86e1a80da4b265d4446626e864f5e9ae4445020bc7a9c29,Supplementary trend sensitivity,Supplementary sensitivity,sensitivity,SI,FINAL_SI,+672.056 J m-2 yr-1,Start-year sensitivity; main period remains 1979-2024.
SYNC20260725_START_YEAR_0137,Main trend start-year sensitivity,wgpe trend beginning 1980,start_year_sensitivity,700.296218724145,,,J m-2 yr-1,1980-2024,Global,calendar-month deseasonalized grid-cell OLS,grid-cell OLS first; cos(latitude) area weighting,65160.0,<PROJECT_ROOT>\CANONICAL_WGPE_TOP100_v2\03_SOURCE_DATA\MAIN_TREND_START_YEAR_SENSITIVITY.csv,91ca73874d618dfad86e1a80da4b265d4446626e864f5e9ae4445020bc7a9c29,Supplementary trend sensitivity,Supplementary sensitivity,sensitivity,SI,FINAL_SI,+700.296 J m-2 yr-1,Start-year sensitivity; main period remains 1979-2024.
SYNC20260725_START_YEAR_0138,Main trend start-year sensitivity,wgpe trend beginning 1981,start_year_sensitivity,737.383794083268,,,J m-2 yr-1,1981-2024,Global,calendar-month deseasonalized grid-cell OLS,grid-cell OLS first; cos(latitude) area weighting,65160.0,<PROJECT_ROOT>\CANONICAL_WGPE_TOP100_v2\03_SOURCE_DATA\MAIN_TREND_START_YEAR_SENSITIVITY.csv,91ca73874d618dfad86e1a80da4b265d4446626e864f5e9ae4445020bc7a9c29,Supplementary trend sensitivity,Supplementary sensitivity,sensitivity,SI,FINAL_SI,+737.384 J m-2 yr-1,Start-year sensitivity; main period remains 1979-2024.
SYNC20260725_START_YEAR_0139,Main trend start-year sensitivity,wgpe trend beginning 1982,start_year_sensitivity,764.687639998018,,,J m-2 yr-1,1982-2024,Global,calendar-month deseasonalized grid-cell OLS,grid-cell OLS first; cos(latitude) area weighting,65160.0,<PROJECT_ROOT>\CANONICAL_WGPE_TOP100_v2\03_SOURCE_DATA\MAIN_TREND_START_YEAR_SENSITIVITY.csv,91ca73874d618dfad86e1a80da4b265d4446626e864f5e9ae4445020bc7a9c29,Supplementary trend sensitivity,Supplementary sensitivity,sensitivity,SI,FINAL_SI,+764.688 J m-2 yr-1,Start-year sensitivity; main period remains 1979-2024.
SYNC20260725_START_YEAR_0140,Main trend start-year sensitivity,wgpe trend beginning 1983,start_year_sensitivity,795.040325524734,,,J m-2 yr-1,1983-2024,Global,calendar-month deseasonalized grid-cell OLS,grid-cell OLS first; cos(latitude) area weighting,65160.0,<PROJECT_ROOT>\CANONICAL_WGPE_TOP100_v2\03_SOURCE_DATA\MAIN_TREND_START_YEAR_SENSITIVITY.csv,91ca73874d618dfad86e1a80da4b265d4446626e864f5e9ae4445020bc7a9c29,Supplementary trend sensitivity,Supplementary sensitivity,sensitivity,SI,FINAL_SI,+795.040 J m-2 yr-1,Start-year sensitivity; main period remains 1979-2024.
SYNC20260725_START_YEAR_0141,Main trend start-year sensitivity,wgpe trend beginning 1984,start_year_sensitivity,851.330844259578,,,J m-2 yr-1,1984-2024,Global,calendar-month deseasonalized grid-cell OLS,grid-cell OLS first; cos(latitude) area weighting,65160.0,<PROJECT_ROOT>\CANONICAL_WGPE_TOP100_v2\03_SOURCE_DATA\MAIN_TREND_START_YEAR_SENSITIVITY.csv,91ca73874d618dfad86e1a80da4b265d4446626e864f5e9ae4445020bc7a9c29,Supplementary trend sensitivity,Supplementary sensitivity,sensitivity,SI,FINAL_SI,+851.331 J m-2 yr-1,Start-year sensitivity; main period remains 1979-2024.
SYNC20260725_START_YEAR_0142,Main trend start-year sensitivity,wgpe trend beginning 1985,start_year_sensitivity,862.196674602282,,,J m-2 yr-1,1985-2024,Global,calendar-month deseasonalized grid-cell OLS,grid-cell OLS first; cos(latitude) area weighting,65160.0,<PROJECT_ROOT>\CANONICAL_WGPE_TOP100_v2\03_SOURCE_DATA\MAIN_TREND_START_YEAR_SENSITIVITY.csv,91ca73874d618dfad86e1a80da4b265d4446626e864f5e9ae4445020bc7a9c29,Supplementary trend sensitivity,Supplementary sensitivity,sensitivity,SI,FINAL_SI,+862.197 J m-2 yr-1,Start-year sensitivity; main period remains 1979-2024.
SYNC20260725_START_YEAR_0143,Main trend start-year sensitivity,wgpe trend beginning 1986,start_year_sensitivity,870.392962780874,,,J m-2 yr-1,1986-2024,Global,calendar-month deseasonalized grid-cell OLS,grid-cell OLS first; cos(latitude) area weighting,65160.0,<PROJECT_ROOT>\CANONICAL_WGPE_TOP100_v2\03_SOURCE_DATA\MAIN_TREND_START_YEAR_SENSITIVITY.csv,91ca73874d618dfad86e1a80da4b265d4446626e864f5e9ae4445020bc7a9c29,Supplementary trend sensitivity,Supplementary sensitivity,sensitivity,SI,FINAL_SI,+870.393 J m-2 yr-1,Start-year sensitivity; main period remains 1979-2024.
SYNC20260725_START_YEAR_0144,Main trend start-year sensitivity,wgpe trend beginning 1987,start_year_sensitivity,892.839009247077,,,J m-2 yr-1,1987-2024,Global,calendar-month deseasonalized grid-cell OLS,grid-cell OLS first; cos(latitude) area weighting,65160.0,<PROJECT_ROOT>\CANONICAL_WGPE_TOP100_v2\03_SOURCE_DATA\MAIN_TREND_START_YEAR_SENSITIVITY.csv,91ca73874d618dfad86e1a80da4b265d4446626e864f5e9ae4445020bc7a9c29,Supplementary trend sensitivity,Supplementary sensitivity,sensitivity,SI,FINAL_SI,+892.839 J m-2 yr-1,Start-year sensitivity; main period remains 1979-2024.
SYNC20260725_START_YEAR_0145,Main trend start-year sensitivity,wgpe trend beginning 1988,start_year_sensitivity,974.467107517111,,,J m-2 yr-1,1988-2024,Global,calendar-month deseasonalized grid-cell OLS,grid-cell OLS first; cos(latitude) area weighting,65160.0,<PROJECT_ROOT>\CANONICAL_WGPE_TOP100_v2\03_SOURCE_DATA\MAIN_TREND_START_YEAR_SENSITIVITY.csv,91ca73874d618dfad86e1a80da4b265d4446626e864f5e9ae4445020bc7a9c29,Supplementary trend sensitivity,Supplementary sensitivity,sensitivity,SI,FINAL_SI,+974.467 J m-2 yr-1,Start-year sensitivity; main period remains 1979-2024.
SYNC20260725_START_YEAR_0146,Main trend start-year sensitivity,wgpe trend beginning 1989,start_year_sensitivity,1043.39714123253,,,J m-2 yr-1,1989-2024,Global,calendar-month deseasonalized grid-cell OLS,grid-cell OLS first; cos(latitude) area weighting,65160.0,<PROJECT_ROOT>\CANONICAL_WGPE_TOP100_v2\03_SOURCE_DATA\MAIN_TREND_START_YEAR_SENSITIVITY.csv,91ca73874d618dfad86e1a80da4b265d4446626e864f5e9ae4445020bc7a9c29,Supplementary trend sensitivity,Supplementary sensitivity,sensitivity,SI,FINAL_SI,+1 043.4 J m-2 yr-1,Start-year sensitivity; main period remains 1979-2024.
ECO5_20260904_001,Ecological conditional association,Cosine-weighted mean over all valid paired-domain cells,mean_partial_r,0.146420775501812,0.132772095595553,0.159919509409222,1,GPP 2000-03 to 2024-12; LAI 2000-01 to 2020-12,persistent vegetated; six-control complete cases held fixed,Five controls: P+T2m+SSRD+RZSM+CO2,"cos(latitude), including nonsignificant valid cells",12009,source_data/ecology_20260904/SUMMARY_RESULTS.csv,,Supplementary Figure S1e (historical code label Fig3e),,primary ecology,SI,CURRENT_FIVE_CONTROL,0.146420775501812,"10-degree spatial-block CI, 1000 replicates, seed 20260904; observational association."
ECO5_20260904_002,Ecological conditional association,Cosine-weighted mean over all valid paired-domain cells,mean_partial_r,0.238708577349243,0.223012399542436,0.251563056770607,1,GPP 2000-03 to 2024-12; LAI 2000-01 to 2020-12,persistent vegetated; six-control complete cases held fixed,Five controls: P+T2m+SSRD+RZSM+CO2,"cos(latitude), including nonsignificant valid cells",1335,source_data/ecology_20260904/SUMMARY_RESULTS.csv,,Supplementary Figure S1e (historical code label Fig3e),,primary ecology,SI,CURRENT_FIVE_CONTROL,0.238708577349243,"10-degree spatial-block CI, 1000 replicates, seed 20260904; observational association."
ECO5_20260904_003,Ecological conditional association,Cosine-weighted mean over all valid paired-domain cells,mean_partial_r,0.133710281732205,0.113600172006168,0.152729082756368,1,GPP 2000-03 to 2024-12; LAI 2000-01 to 2020-12,persistent vegetated; six-control complete cases held fixed,Five controls: P+T2m+SSRD+RZSM+CO2,"cos(latitude), including nonsignificant valid cells",6413,source_data/ecology_20260904/SUMMARY_RESULTS.csv,,Supplementary Figure S1e (historical code label Fig3e),,primary ecology,SI,CURRENT_FIVE_CONTROL,0.133710281732205,"10-degree spatial-block CI, 1000 replicates, seed 20260904; observational association."
ECO5_20260904_004,Ecological conditional association,Cosine-weighted mean over all valid paired-domain cells,mean_partial_r,0.159047639760552,0.138525210112233,0.179053416071232,1,GPP 2000-03 to 2024-12; LAI 2000-01 to 2020-12,persistent vegetated; six-control complete cases held fixed,Five controls: P+T2m+SSRD+RZSM+CO2,"cos(latitude), including nonsignificant valid cells",3347,source_data/ecology_20260904/SUMMARY_RESULTS.csv,,Supplementary Figure S1e (historical code label Fig3e),,primary ecology,SI,CURRENT_FIVE_CONTROL,0.159047639760552,"10-degree spatial-block CI, 1000 replicates, seed 20260904; observational association."
ECO5_20260904_005,Ecological conditional association,Cosine-weighted mean over all valid paired-domain cells,mean_partial_r,0.105150265729935,0.0494967949874265,0.157280670486174,1,GPP 2000-03 to 2024-12; LAI 2000-01 to 2020-12,persistent vegetated; six-control complete cases held fixed,Five controls: P+T2m+SSRD+RZSM+CO2,"cos(latitude), including nonsignificant valid cells",914,source_data/ecology_20260904/SUMMARY_RESULTS.csv,,Supplementary Figure S1e (historical code label Fig3e),,primary ecology,SI,CURRENT_FIVE_CONTROL,0.105150265729935,"10-degree spatial-block CI, 1000 replicates, seed 20260904; observational association."
ECO5_20260904_006,Ecological conditional association,Cosine-weighted mean over all valid paired-domain cells,mean_partial_r,-0.0339226698380928,-0.0508036966964076,-0.0182175383862431,1,GPP 2000-03 to 2024-12; LAI 2000-01 to 2020-12,persistent vegetated; six-control complete cases held fixed,Five controls: P+T2m+SSRD+RZSM+CO2,"cos(latitude), including nonsignificant valid cells",12009,source_data/ecology_20260904/SUMMARY_RESULTS.csv,,Supplementary Figure S1e (historical code label Fig3e),,primary ecology,SI,CURRENT_FIVE_CONTROL,-0.0339226698380928,"10-degree spatial-block CI, 1000 replicates, seed 20260904; observational association."
ECO5_20260904_007,Ecological conditional association,Cosine-weighted mean over all valid paired-domain cells,mean_partial_r,0.0646768022540375,0.0479463614098171,0.079376162962106,1,GPP 2000-03 to 2024-12; LAI 2000-01 to 2020-12,persistent vegetated; six-control complete cases held fixed,Five controls: P+T2m+SSRD+RZSM+CO2,"cos(latitude), including nonsignificant valid cells",1335,source_data/ecology_20260904/SUMMARY_RESULTS.csv,,Supplementary Figure S1e (historical code label Fig3e),,primary ecology,SI,CURRENT_FIVE_CONTROL,0.0646768022540375,"10-degree spatial-block CI, 1000 replicates, seed 20260904; observational association."
ECO5_20260904_008,Ecological conditional association,Cosine-weighted mean over all valid paired-domain cells,mean_partial_r,-0.046340191724339,-0.0661729767363745,-0.0263984452538369,1,GPP 2000-03 to 2024-12; LAI 2000-01 to 2020-12,persistent vegetated; six-control complete cases held fixed,Five controls: P+T2m+SSRD+RZSM+CO2,"cos(latitude), including nonsignificant valid cells",6413,source_data/ecology_20260904/SUMMARY_RESULTS.csv,,Supplementary Figure S1e (historical code label Fig3e),,primary ecology,SI,CURRENT_FIVE_CONTROL,-0.046340191724339,"10-degree spatial-block CI, 1000 replicates, seed 20260904; observational association."
ECO5_20260904_009,Ecological conditional association,Cosine-weighted mean over all valid paired-domain cells,mean_partial_r,-0.00263448756727022,-0.0253855609672594,0.0221699737227252,1,GPP 2000-03 to 2024-12; LAI 2000-01 to 2020-12,persistent vegetated; six-control complete cases held fixed,Five controls: P+T2m+SSRD+RZSM+CO2,"cos(latitude), including nonsignificant valid cells",3347,source_data/ecology_20260904/SUMMARY_RESULTS.csv,,Supplementary Figure S1e (historical code label Fig3e),,primary ecology,SI,CURRENT_FIVE_CONTROL,-0.00263448756727022,"10-degree spatial-block CI, 1000 replicates, seed 20260904; observational association."
ECO5_20260904_010,Ecological conditional association,Cosine-weighted mean over all valid paired-domain cells,mean_partial_r,-0.1589898313969,-0.187562175579588,-0.127024068891746,1,GPP 2000-03 to 2024-12; LAI 2000-01 to 2020-12,persistent vegetated; six-control complete cases held fixed,Five controls: P+T2m+SSRD+RZSM+CO2,"cos(latitude), including nonsignificant valid cells",914,source_data/ecology_20260904/SUMMARY_RESULTS.csv,,Supplementary Figure S1e (historical code label Fig3e),,primary ecology,SI,CURRENT_FIVE_CONTROL,-0.1589898313969,"10-degree spatial-block CI, 1000 replicates, seed 20260904; observational association."
ECO5_20260904_011,Ecological conditional association,Cosine-weighted mean over all valid paired-domain cells,mean_partial_r,0.0669563850376166,0.0534276056810706,0.0815285845615519,1,GPP 2000-03 to 2024-12; LAI 2000-01 to 2020-12,persistent vegetated; six-control complete cases held fixed,Five controls: P+T2m+SSRD+RZSM+CO2,"cos(latitude), including nonsignificant valid cells",8300,source_data/ecology_20260904/SUMMARY_RESULTS.csv,,Supplementary Figure S1e (historical code label Fig3e),,primary ecology,SI,CURRENT_FIVE_CONTROL,0.0669563850376166,"10-degree spatial-block CI, 1000 replicates, seed 20260904; observational association."
ECO5_20260904_012,Ecological conditional association,Cosine-weighted mean over all valid paired-domain cells,mean_partial_r,0.189019175830618,0.159052055242943,0.217466805126057,1,GPP 2000-03 to 2024-12; LAI 2000-01 to 2020-12,persistent vegetated; six-control complete cases held fixed,Five controls: P+T2m+SSRD+RZSM+CO2,"cos(latitude), including nonsignificant valid cells",924,source_data/ecology_20260904/SUMMARY_RESULTS.csv,,Supplementary Figure S1e (historical code label Fig3e),,primary ecology,SI,CURRENT_FIVE_CONTROL,0.189019175830618,"10-degree spatial-block CI, 1000 replicates, seed 20260904; observational association."
ECO5_20260904_013,Ecological conditional association,Cosine-weighted mean over all valid paired-domain cells,mean_partial_r,0.0454562044462665,0.0287519300352861,0.0615372945912643,1,GPP 2000-03 to 2024-12; LAI 2000-01 to 2020-12,persistent vegetated; six-control complete cases held fixed,Five controls: P+T2m+SSRD+RZSM+CO2,"cos(latitude), including nonsignificant valid cells",5192,source_data/ecology_20260904/SUMMARY_RESULTS.csv,,Supplementary Figure S1e (historical code label Fig3e),,primary ecology,SI,CURRENT_FIVE_CONTROL,0.0454562044462665,"10-degree spatial-block CI, 1000 replicates, seed 20260904; observational association."
ECO5_20260904_014,Ecological conditional association,Cosine-weighted mean over all valid paired-domain cells,mean_partial_r,0.0815219880138758,0.0578615585201282,0.107157848709991,1,GPP 2000-03 to 2024-12; LAI 2000-01 to 2020-12,persistent vegetated; six-control complete cases held fixed,Five controls: P+T2m+SSRD+RZSM+CO2,"cos(latitude), including nonsignificant valid cells",1494,source_data/ecology_20260904/SUMMARY_RESULTS.csv,,Supplementary Figure S1e (historical code label Fig3e),,primary ecology,SI,CURRENT_FIVE_CONTROL,0.0815219880138758,"10-degree spatial-block CI, 1000 replicates, seed 20260904; observational association."
ECO5_20260904_015,Ecological conditional association,Cosine-weighted mean over all valid paired-domain cells,mean_partial_r,0.0811788650827821,0.038826028076066,0.115403987023648,1,GPP 2000-03 to 2024-12; LAI 2000-01 to 2020-12,persistent vegetated; six-control complete cases held fixed,Five controls: P+T2m+SSRD+RZSM+CO2,"cos(latitude), including nonsignificant valid cells",690,source_data/ecology_20260904/SUMMARY_RESULTS.csv,,Supplementary Figure S1e (historical code label Fig3e),,primary ecology,SI,CURRENT_FIVE_CONTROL,0.0811788650827821,"10-degree spatial-block CI, 1000 replicates, seed 20260904; observational association."
ECO5_20260904_016,Ecological conditional association,Cosine-weighted mean over all valid paired-domain cells,mean_partial_r,-0.0154267647224314,-0.0299227291898673,0.000709861462177644,1,GPP 2000-03 to 2024-12; LAI 2000-01 to 2020-12,persistent vegetated; six-control complete cases held fixed,Five controls: P+T2m+SSRD+RZSM+CO2,"cos(latitude), including nonsignificant valid cells",8300,source_data/ecology_20260904/SUMMARY_RESULTS.csv,,Supplementary Figure S1e (historical code label Fig3e),,primary ecology,SI,CURRENT_FIVE_CONTROL,-0.0154267647224314,"10-degree spatial-block CI, 1000 replicates, seed 20260904; observational association."
ECO5_20260904_017,Ecological conditional association,Cosine-weighted mean over all valid paired-domain cells,mean_partial_r,0.108394855538327,0.0882586659822578,0.126695756632379,1,GPP 2000-03 to 2024-12; LAI 2000-01 to 2020-12,persistent vegetated; six-control complete cases held fixed,Five controls: P+T2m+SSRD+RZSM+CO2,"cos(latitude), including nonsignificant valid cells",924,source_data/ecology_20260904/SUMMARY_RESULTS.csv,,Supplementary Figure S1e (historical code label Fig3e),,primary ecology,SI,CURRENT_FIVE_CONTROL,0.108394855538327,"10-degree spatial-block CI, 1000 replicates, seed 20260904; observational association."
ECO5_20260904_018,Ecological conditional association,Cosine-weighted mean over all valid paired-domain cells,mean_partial_r,0.00118779471536332,-0.0163698900616122,0.0191713679326421,1,GPP 2000-03 to 2024-12; LAI 2000-01 to 2020-12,persistent vegetated; six-control complete cases held fixed,Five controls: P+T2m+SSRD+RZSM+CO2,"cos(latitude), including nonsignificant valid cells",5192,source_data/ecology_20260904/SUMMARY_RESULTS.csv,,Supplementary Figure S1e (historical code label Fig3e),,primary ecology,SI,CURRENT_FIVE_CONTROL,0.00118779471536332,"10-degree spatial-block CI, 1000 replicates, seed 20260904; observational association."
ECO5_20260904_019,Ecological conditional association,Cosine-weighted mean over all valid paired-domain cells,mean_partial_r,-0.0467345933853969,-0.0676149666672751,-0.0227502132154419,1,GPP 2000-03 to 2024-12; LAI 2000-01 to 2020-12,persistent vegetated; six-control complete cases held fixed,Five controls: P+T2m+SSRD+RZSM+CO2,"cos(latitude), including nonsignificant valid cells",1494,source_data/ecology_20260904/SUMMARY_RESULTS.csv,,Supplementary Figure S1e (historical code label Fig3e),,primary ecology,SI,CURRENT_FIVE_CONTROL,-0.0467345933853969,"10-degree spatial-block CI, 1000 replicates, seed 20260904; observational association."
ECO5_20260904_020,Ecological conditional association,Cosine-weighted mean over all valid paired-domain cells,mean_partial_r,-0.0981921309238047,-0.123199853196272,-0.0704454101227406,1,GPP 2000-03 to 2024-12; LAI 2000-01 to 2020-12,persistent vegetated; six-control complete cases held fixed,Five controls: P+T2m+SSRD+RZSM+CO2,"cos(latitude), including nonsignificant valid cells",690,source_data/ecology_20260904/SUMMARY_RESULTS.csv,,Supplementary Figure S1e (historical code label Fig3e),,primary ecology,SI,CURRENT_FIVE_CONTROL,-0.0981921309238047,"10-degree spatial-block CI, 1000 replicates, seed 20260904; observational association."
